2026-01-27 01:32:59,353 WARN For [program:laravel-scheduler], redirect_stderr=true but stderr_logfile has also been set to a filename, the filename has been ignored
2026-01-27 01:32:59,353 INFO Set uid to user 0 succeeded
2026-01-27 01:32:59,663 INFO RPC interface 'supervisor' initialized
2026-01-27 01:32:59,663 CRIT Server 'unix_http_server' running without any HTTP authentication checking
2026-01-27 01:32:59,664 INFO supervisord started with pid 1
2026-01-27 01:33:00,672 INFO spawned: 'laravel-scheduler' with pid 43
2026-01-27 01:33:00,676 INFO spawned: 'laravel-worker_00' with pid 44
2026-01-27 01:33:00,680 INFO spawned: 'laravel-worker_01' with pid 46
2026-01-27 01:33:00,687 INFO spawned: 'php-fpm' with pid 47
2026-01-27 01:33:00,695 INFO spawned: 'sshd' with pid 48
2026-01-27 01:33:01,777 INFO success: laravel-scheduler entered RUNNING state, process has stayed up for > than 1 seconds (startsecs)
2026-01-27 01:33:01,777 INFO success: laravel-worker_00 entered RUNNING state, process has stayed up for > than 1 seconds (startsecs)
2026-01-27 01:33:01,778 INFO success: laravel-worker_01 entered RUNNING state, process has stayed up for > than 1 seconds (startsecs)
2026-01-27 01:33:01,778 INFO success: php-fpm entered RUNNING state, process has stayed up for > than 1 seconds (startsecs)
2026-01-27 01:33:01,778 INFO success: sshd entered RUNNING state, process has stayed up for > than 1 seconds (startsecs)
2026-01-27 01:33:38,028 WARN received SIGQUIT indicating exit request
2026-01-27 01:33:38,030 INFO waiting for laravel-scheduler, laravel-worker_00, laravel-worker_01, php-fpm, sshd to die
2026-01-27 01:33:38,035 INFO stopped: sshd (exit status 0)
2026-01-27 01:33:38,056 INFO stopped: php-fpm (exit status 0)
2026-01-27 01:33:38,094 INFO stopped: laravel-worker_01 (exit status 0)
2026-01-27 01:33:38,094 INFO stopped: laravel-worker_00 (exit status 0)
2026-01-27 01:34:23,497 WARN For [program:laravel-scheduler], redirect_stderr=true but stderr_logfile has also been set to a filename, the filename has been ignored
2026-01-27 01:34:23,497 INFO Set uid to user 0 succeeded
2026-01-27 01:34:23,807 INFO RPC interface 'supervisor' initialized
2026-01-27 01:34:23,808 CRIT Server 'unix_http_server' running without any HTTP authentication checking
2026-01-27 01:34:23,808 INFO supervisord started with pid 1
2026-01-27 01:34:24,822 INFO spawned: 'laravel-scheduler' with pid 36
2026-01-27 01:34:24,826 INFO spawned: 'laravel-worker_00' with pid 37
2026-01-27 01:34:24,830 INFO spawned: 'laravel-worker_01' with pid 39
2026-01-27 01:34:24,836 INFO spawned: 'php-fpm' with pid 40
2026-01-27 01:34:24,839 INFO spawned: 'sshd' with pid 41
2026-01-27 01:34:26,544 INFO success: laravel-scheduler entered RUNNING state, process has stayed up for > than 1 seconds (startsecs)
2026-01-27 01:34:26,545 INFO success: laravel-worker_00 entered RUNNING state, process has stayed up for > than 1 seconds (startsecs)
2026-01-27 01:34:26,545 INFO success: laravel-worker_01 entered RUNNING state, process has stayed up for > than 1 seconds (startsecs)
2026-01-27 01:34:26,545 INFO success: php-fpm entered RUNNING state, process has stayed up for > than 1 seconds (startsecs)
2026-01-27 01:34:26,545 INFO success: sshd entered RUNNING state, process has stayed up for > than 1 seconds (startsecs)
2026-01-27 01:34:27,550 INFO reaped unknown pid 53 (exit status 0)
2026-01-27 01:34:32,651 INFO reaped unknown pid 60 (exit status 0)
2026-01-27 01:35:01,090 INFO reaped unknown pid 67 (exit status 0)
2026-01-27 01:35:03,851 INFO reaped unknown pid 78 (exit status 0)
2026-01-27 01:35:08,923 INFO reaped unknown pid 85 (exit status 0)
2026-01-27 01:35:13,989 INFO reaped unknown pid 92 (exit status 0)
2026-01-27 01:35:19,080 INFO reaped unknown pid 99 (exit status 0)
2026-01-27 01:35:24,176 INFO reaped unknown pid 106 (exit status 0)
2026-01-27 01:35:30,234 INFO reaped unknown pid 113 (exit status 0)
2026-01-27 01:35:38,288 INFO reaped unknown pid 120 (exit status 0)
2026-01-27 01:35:47,327 INFO reaped unknown pid 133 (exit status 0)
2026-01-27 01:35:53,342 INFO reaped unknown pid 140 (exit status 0)
2026-01-27 01:35:59,136 INFO reaped unknown pid 150 (exit status 0)
2026-01-27 01:36:01,015 INFO reaped unknown pid 162 (exit status 0)
2026-01-27 01:36:03,725 INFO reaped unknown pid 173 (exit status 0)
2026-01-27 01:36:08,713 INFO reaped unknown pid 180 (exit status 0)
2026-01-27 01:36:36,814 INFO reaped unknown pid 187 (exit status 0)
2026-01-27 01:36:39,030 INFO reaped unknown pid 194 (exit status 0)
2026-01-27 01:36:44,116 INFO reaped unknown pid 201 (exit status 0)
2026-01-27 01:36:49,172 INFO reaped unknown pid 208 (exit status 0)
2026-01-27 01:36:54,254 INFO reaped unknown pid 215 (exit status 0)
2026-01-27 01:36:59,284 INFO reaped unknown pid 222 (exit status 0)
2026-01-27 01:37:04,914 INFO reaped unknown pid 233 (exit status 0)
2026-01-27 01:37:12,974 INFO reaped unknown pid 240 (exit status 0)
2026-01-27 01:37:23,037 INFO reaped unknown pid 247 (exit status 0)
2026-01-27 01:37:34,182 INFO reaped unknown pid 254 (exit status 0)
2026-01-27 01:37:44,345 INFO reaped unknown pid 261 (exit status 0)
2026-01-27 01:37:55,413 INFO reaped unknown pid 268 (exit status 0)
2026-01-27 01:38:05,062 INFO reaped unknown pid 275 (exit status 0)
2026-01-27 01:38:15,330 INFO reaped unknown pid 286 (exit status 0)
2026-01-27 01:38:26,389 INFO reaped unknown pid 293 (exit status 0)
2026-01-27 01:38:34,510 INFO reaped unknown pid 300 (exit status 0)
2026-01-27 01:38:44,629 INFO reaped unknown pid 307 (exit status 0)
2026-01-27 01:38:54,744 INFO reaped unknown pid 314 (exit status 0)
2026-01-27 01:39:05,056 INFO reaped unknown pid 321 (exit status 0)
2026-01-27 01:39:14,237 INFO reaped unknown pid 332 (exit status 0)
2026-01-27 01:39:24,275 INFO reaped unknown pid 339 (exit status 0)
2026-01-27 01:39:34,342 INFO reaped unknown pid 346 (exit status 0)
2026-01-27 01:39:44,382 INFO reaped unknown pid 353 (exit status 0)
2026-01-27 01:39:55,473 INFO reaped unknown pid 360 (exit status 0)
2026-01-27 01:40:05,078 INFO reaped unknown pid 367 (exit status 0)
2026-01-27 01:40:15,997 INFO reaped unknown pid 378 (exit status 0)
2026-01-27 01:40:24,118 INFO reaped unknown pid 385 (exit status 0)
2026-01-27 01:40:33,168 INFO reaped unknown pid 392 (exit status 0)
2026-01-27 01:40:44,245 INFO reaped unknown pid 399 (exit status 0)
2026-01-27 01:40:54,339 INFO reaped unknown pid 406 (exit status 0)
2026-01-27 01:41:05,014 INFO reaped unknown pid 413 (exit status 0)
2026-01-27 01:41:14,674 INFO reaped unknown pid 424 (exit status 0)
2026-01-27 01:41:25,733 INFO reaped unknown pid 431 (exit status 0)
2026-01-27 01:41:34,826 INFO reaped unknown pid 438 (exit status 0)
2026-01-27 01:41:44,845 INFO reaped unknown pid 445 (exit status 0)
2026-01-27 01:41:55,958 INFO reaped unknown pid 452 (exit status 0)
2026-01-27 01:42:05,082 INFO reaped unknown pid 459 (exit status 0)
2026-01-27 01:42:15,729 INFO reaped unknown pid 470 (exit status 0)
2026-01-27 01:42:25,879 INFO reaped unknown pid 477 (exit status 0)
2026-01-27 01:42:34,966 INFO reaped unknown pid 484 (exit status 0)
2026-01-27 01:42:43,032 INFO reaped unknown pid 491 (exit status 0)
2026-01-27 01:42:54,132 INFO reaped unknown pid 498 (exit status 0)
2026-01-27 01:43:05,974 INFO reaped unknown pid 505 (exit status 0)
2026-01-27 01:43:13,785 INFO reaped unknown pid 516 (exit status 0)
2026-01-27 01:43:25,862 INFO reaped unknown pid 523 (exit status 0)
2026-01-27 01:43:36,083 INFO reaped unknown pid 530 (exit status 0)
2026-01-27 01:43:47,139 INFO reaped unknown pid 537 (exit status 0)
2026-01-27 01:43:57,229 INFO reaped unknown pid 544 (exit status 0)
2026-01-27 01:44:08,058 INFO reaped unknown pid 551 (exit status 0)
2026-01-27 01:44:21,867 INFO reaped unknown pid 562 (exit status 0)
2026-01-27 01:44:29,890 INFO reaped unknown pid 569 (exit status 0)
2026-01-27 01:44:40,986 INFO reaped unknown pid 576 (exit status 0)
2026-01-27 01:44:52,131 INFO reaped unknown pid 583 (exit status 0)
2026-01-27 01:45:01,023 INFO reaped unknown pid 590 (exit status 0)
2026-01-27 01:45:10,622 INFO reaped unknown pid 601 (exit status 0)
2026-01-27 01:45:21,756 INFO reaped unknown pid 608 (exit status 0)
2026-01-27 01:45:32,931 INFO reaped unknown pid 615 (exit status 0)
2026-01-27 01:45:46,952 INFO reaped unknown pid 622 (exit status 0)
2026-01-27 01:45:59,119 INFO reaped unknown pid 629 (exit status 0)
2026-01-27 01:46:12,964 INFO reaped unknown pid 640 (exit status 0)
2026-01-27 01:46:29,092 INFO reaped unknown pid 647 (exit status 0)
2026-01-27 01:46:41,196 INFO reaped unknown pid 654 (exit status 0)
2026-01-27 01:46:44,320 INFO reaped unknown pid 661 (exit status 0)
2026-01-27 01:46:49,348 INFO reaped unknown pid 668 (exit status 0)
2026-01-27 01:47:12,108 INFO reaped unknown pid 675 (exit status 0)
2026-01-27 01:47:14,537 INFO reaped unknown pid 686 (exit status 0)
2026-01-27 01:47:35,704 INFO reaped unknown pid 693 (exit status 0)
2026-01-27 01:50:17,883 INFO reaped unknown pid 700 (exit status 0)
2026-01-27 01:50:23,909 INFO reaped unknown pid 719 (exit status 0)
2026-01-27 01:50:35,912 INFO reaped unknown pid 726 (exit status 0)
2026-01-27 01:50:44,985 INFO reaped unknown pid 733 (exit status 0)
2026-01-27 01:50:56,151 INFO reaped unknown pid 740 (exit status 0)
2026-01-27 01:51:05,070 INFO reaped unknown pid 747 (exit status 0)
2026-01-27 01:51:12,816 INFO reaped unknown pid 758 (exit status 0)
2026-01-27 01:51:22,861 INFO reaped unknown pid 765 (exit status 0)
2026-01-27 01:51:32,065 INFO reaped unknown pid 772 (exit status 0)
2026-01-27 01:51:38,076 INFO reaped unknown pid 779 (exit status 0)
2026-01-27 01:51:49,197 INFO reaped unknown pid 786 (exit status 0)
2026-01-27 01:51:59,350 INFO reaped unknown pid 793 (exit status 0)
2026-01-27 01:52:08,518 INFO reaped unknown pid 804 (exit status 0)
2026-01-27 01:52:18,577 INFO reaped unknown pid 811 (exit status 0)
2026-01-27 01:52:29,638 INFO reaped unknown pid 818 (exit status 0)
2026-01-27 01:52:39,750 INFO reaped unknown pid 825 (exit status 0)
2026-01-27 01:52:49,772 INFO reaped unknown pid 832 (exit status 0)
2026-01-27 01:52:59,862 INFO reaped unknown pid 839 (exit status 0)
2026-01-27 01:53:08,864 INFO reaped unknown pid 850 (exit status 0)
2026-01-27 01:53:18,999 INFO reaped unknown pid 857 (exit status 0)
2026-01-27 01:53:30,031 INFO reaped unknown pid 864 (exit status 0)
2026-01-27 01:53:40,039 INFO reaped unknown pid 871 (exit status 0)
2026-01-27 01:53:50,231 INFO reaped unknown pid 878 (exit status 0)
2026-01-27 01:54:40,118 INFO reaped unknown pid 885 (exit status 0)
2026-01-27 01:55:36,446 INFO reaped unknown pid 896 (exit status 0)
2026-01-27 01:55:56,485 INFO reaped unknown pid 905 (exit status 0)
2026-01-27 01:56:45,146 INFO reaped unknown pid 914 (exit status 0)
2026-01-27 01:57:34,154 INFO reaped unknown pid 925 (exit status 0)
2026-01-27 01:58:26,097 INFO reaped unknown pid 936 (exit status 0)
2026-01-27 01:59:15,116 INFO reaped unknown pid 947 (exit status 0)
2026-01-27 02:00:05,052 INFO reaped unknown pid 958 (exit status 0)
2026-01-27 02:00:56,769 INFO reaped unknown pid 969 (exit status 0)
2026-01-27 02:01:49,222 INFO reaped unknown pid 976 (exit status 0)
2026-01-27 02:02:42,148 INFO reaped unknown pid 987 (exit status 0)
2026-01-27 02:03:29,147 INFO reaped unknown pid 998 (exit status 0)
2026-01-27 02:04:22,063 INFO reaped unknown pid 1009 (exit status 0)
2026-01-27 02:05:12,108 INFO reaped unknown pid 1020 (exit status 0)
2026-01-27 02:05:56,401 INFO reaped unknown pid 1031 (exit status 0)
2026-01-27 02:06:43,174 INFO reaped unknown pid 1038 (exit status 0)
2026-01-27 02:07:39,242 INFO reaped unknown pid 1049 (exit status 0)
2026-01-27 02:08:31,158 INFO reaped unknown pid 1060 (exit status 0)
2026-01-27 02:09:16,075 INFO reaped unknown pid 1071 (exit status 0)
2026-01-27 02:10:04,097 INFO reaped unknown pid 1082 (exit status 0)
2026-01-27 02:10:56,414 INFO reaped unknown pid 1093 (exit status 0)
2026-01-27 02:11:49,135 INFO reaped unknown pid 1100 (exit status 0)
2026-01-27 02:12:40,102 INFO reaped unknown pid 1111 (exit status 0)
2026-01-27 02:13:29,146 INFO reaped unknown pid 1122 (exit status 0)
2026-01-27 02:14:19,120 INFO reaped unknown pid 1133 (exit status 0)
2026-01-27 02:15:09,043 INFO reaped unknown pid 1144 (exit status 0)
2026-01-27 02:16:01,649 INFO reaped unknown pid 1155 (exit status 0)
2026-01-27 02:16:46,741 INFO reaped unknown pid 1166 (exit status 0)
2026-01-27 02:17:39,077 INFO reaped unknown pid 1173 (exit status 0)
2026-01-27 02:18:37,344 INFO reaped unknown pid 1184 (exit status 0)
2026-01-27 02:19:22,131 INFO reaped unknown pid 1195 (exit status 0)
2026-01-27 02:20:08,106 INFO reaped unknown pid 1206 (exit status 0)
2026-01-27 02:20:59,697 INFO reaped unknown pid 1217 (exit status 0)
2026-01-27 02:22:00,089 INFO reaped unknown pid 1228 (exit status 0)
2026-01-27 02:22:47,809 INFO reaped unknown pid 1239 (exit status 0)
2026-01-27 02:23:39,142 INFO reaped unknown pid 1246 (exit status 0)
2026-01-27 02:24:29,089 INFO reaped unknown pid 1257 (exit status 0)
2026-01-27 02:25:16,072 INFO reaped unknown pid 1268 (exit status 0)
2026-01-27 02:26:00,102 INFO reaped unknown pid 1279 (exit status 0)
2026-01-27 02:26:40,822 INFO reaped unknown pid 1290 (exit status 0)
2026-01-27 02:26:51,265 INFO reaped unknown pid 1297 (exit status 0)
2026-01-27 02:26:54,276 INFO reaped unknown pid 1304 (exit status 0)
2026-01-27 02:26:59,356 INFO reaped unknown pid 1311 (exit status 0)
2026-01-27 02:27:03,758 INFO reaped unknown pid 1322 (exit status 0)
2026-01-27 02:27:07,855 INFO reaped unknown pid 1329 (exit status 0)
2026-01-27 02:27:13,942 INFO reaped unknown pid 1336 (exit status 0)
2026-01-27 02:27:18,951 INFO reaped unknown pid 1343 (exit status 0)
2026-01-27 02:27:24,043 INFO reaped unknown pid 1350 (exit status 0)
2026-01-27 02:27:29,119 INFO reaped unknown pid 1357 (exit status 0)
2026-01-27 02:27:34,205 INFO reaped unknown pid 1364 (exit status 0)
2026-01-27 02:27:39,277 INFO reaped unknown pid 1371 (exit status 0)
2026-01-27 02:27:44,279 INFO reaped unknown pid 1378 (exit status 0)
2026-01-27 02:27:49,364 INFO reaped unknown pid 1385 (exit status 0)
2026-01-27 02:27:54,385 INFO reaped unknown pid 1392 (exit status 0)
2026-01-27 02:27:59,417 INFO reaped unknown pid 1399 (exit status 0)
2026-01-27 02:28:03,790 INFO reaped unknown pid 1410 (exit status 0)
2026-01-27 02:28:08,837 INFO reaped unknown pid 1417 (exit status 0)
2026-01-27 02:28:13,886 INFO reaped unknown pid 1424 (exit status 0)
2026-01-27 02:28:17,950 INFO reaped unknown pid 1431 (exit status 0)
2026-01-27 02:28:24,048 INFO reaped unknown pid 1438 (exit status 0)
2026-01-27 02:28:29,122 INFO reaped unknown pid 1445 (exit status 0)
2026-01-27 02:28:34,189 INFO reaped unknown pid 1452 (exit status 0)
2026-01-27 02:28:39,270 INFO reaped unknown pid 1459 (exit status 0)
2026-01-27 02:28:44,272 INFO reaped unknown pid 1466 (exit status 0)
2026-01-27 02:28:49,323 INFO reaped unknown pid 1473 (exit status 0)
2026-01-27 02:28:54,387 INFO reaped unknown pid 1480 (exit status 0)
2026-01-27 02:28:59,451 INFO reaped unknown pid 1487 (exit status 0)
2026-01-27 02:29:03,707 INFO reaped unknown pid 1498 (exit status 0)
2026-01-27 02:29:08,806 INFO reaped unknown pid 1505 (exit status 0)
2026-01-27 02:29:13,900 INFO reaped unknown pid 1512 (exit status 0)
2026-01-27 02:29:17,968 INFO reaped unknown pid 1519 (exit status 0)
2026-01-27 02:29:24,004 INFO reaped unknown pid 1526 (exit status 0)
2026-01-27 02:29:28,052 INFO reaped unknown pid 1533 (exit status 0)
2026-01-27 02:29:34,148 INFO reaped unknown pid 1540 (exit status 0)
2026-01-27 02:29:39,235 INFO reaped unknown pid 1547 (exit status 0)
2026-01-27 02:29:44,347 INFO reaped unknown pid 1554 (exit status 0)
2026-01-27 02:29:48,435 INFO reaped unknown pid 1561 (exit status 0)
2026-01-27 02:29:55,517 INFO reaped unknown pid 1568 (exit status 0)
2026-01-27 02:29:59,555 INFO reaped unknown pid 1575 (exit status 0)
2026-01-27 02:30:03,678 INFO reaped unknown pid 1586 (exit status 0)
2026-01-27 02:30:07,669 INFO reaped unknown pid 1593 (exit status 0)
2026-01-27 02:30:13,749 INFO reaped unknown pid 1600 (exit status 0)
2026-01-27 02:30:18,801 INFO reaped unknown pid 1607 (exit status 0)
2026-01-27 02:30:23,862 INFO reaped unknown pid 1614 (exit status 0)
2026-01-27 02:30:27,881 INFO reaped unknown pid 1621 (exit status 0)
2026-01-27 02:30:33,965 INFO reaped unknown pid 1628 (exit status 0)
2026-01-27 02:30:39,031 INFO reaped unknown pid 1635 (exit status 0)
2026-01-27 02:30:44,041 INFO reaped unknown pid 1642 (exit status 0)
2026-01-27 02:30:49,056 INFO reaped unknown pid 1649 (exit status 0)
2026-01-27 02:30:54,079 INFO reaped unknown pid 1656 (exit status 0)
2026-01-27 02:30:59,152 INFO reaped unknown pid 1663 (exit status 0)
2026-01-27 02:31:03,726 INFO reaped unknown pid 1674 (exit status 0)
2026-01-27 02:31:08,760 INFO reaped unknown pid 1681 (exit status 0)
2026-01-27 02:31:13,766 INFO reaped unknown pid 1688 (exit status 0)
2026-01-27 02:31:18,764 INFO reaped unknown pid 1695 (exit status 0)
2026-01-27 02:31:23,822 INFO reaped unknown pid 1702 (exit status 0)
2026-01-27 02:31:28,870 INFO reaped unknown pid 1709 (exit status 0)
2026-01-27 02:31:33,951 INFO reaped unknown pid 1716 (exit status 0)
2026-01-27 02:31:38,044 INFO reaped unknown pid 1723 (exit status 0)
2026-01-27 02:31:44,136 INFO reaped unknown pid 1730 (exit status 0)
2026-01-27 02:31:48,181 INFO reaped unknown pid 1737 (exit status 0)
2026-01-27 02:31:54,262 INFO reaped unknown pid 1744 (exit status 0)
2026-01-27 02:31:58,334 INFO reaped unknown pid 1751 (exit status 0)
2026-01-27 02:32:03,648 INFO reaped unknown pid 1762 (exit status 0)
2026-01-27 02:32:07,723 INFO reaped unknown pid 1769 (exit status 0)
2026-01-27 02:32:13,767 INFO reaped unknown pid 1776 (exit status 0)
2026-01-27 02:32:17,821 INFO reaped unknown pid 1783 (exit status 0)
2026-01-27 02:32:23,910 INFO reaped unknown pid 1790 (exit status 0)
2026-01-27 02:32:28,942 INFO reaped unknown pid 1797 (exit status 0)
2026-01-27 02:32:34,030 INFO reaped unknown pid 1804 (exit status 0)
2026-01-27 02:32:39,117 INFO reaped unknown pid 1811 (exit status 0)
2026-01-27 02:32:44,192 INFO reaped unknown pid 1818 (exit status 0)
2026-01-27 02:32:48,262 INFO reaped unknown pid 1825 (exit status 0)
2026-01-27 02:32:54,360 INFO reaped unknown pid 1832 (exit status 0)
2026-01-27 02:32:59,429 INFO reaped unknown pid 1839 (exit status 0)
2026-01-27 02:33:03,673 INFO reaped unknown pid 1850 (exit status 0)
2026-01-27 02:33:08,752 INFO reaped unknown pid 1857 (exit status 0)
2026-01-27 02:33:13,859 INFO reaped unknown pid 1864 (exit status 0)
2026-01-27 02:33:17,912 INFO reaped unknown pid 1871 (exit status 0)
2026-01-27 02:33:23,977 INFO reaped unknown pid 1878 (exit status 0)
2026-01-27 02:33:28,072 INFO reaped unknown pid 1885 (exit status 0)
2026-01-27 02:33:34,134 INFO reaped unknown pid 1892 (exit status 0)
2026-01-27 02:33:39,214 INFO reaped unknown pid 1899 (exit status 0)
2026-01-27 02:33:44,239 INFO reaped unknown pid 1906 (exit status 0)
2026-01-27 02:33:48,330 INFO reaped unknown pid 1913 (exit status 0)
2026-01-27 02:33:54,434 INFO reaped unknown pid 1920 (exit status 0)
2026-01-27 02:33:59,500 INFO reaped unknown pid 1927 (exit status 0)
2026-01-27 02:34:03,738 INFO reaped unknown pid 1938 (exit status 0)
2026-01-27 02:34:07,820 INFO reaped unknown pid 1945 (exit status 0)
2026-01-27 02:34:13,865 INFO reaped unknown pid 1952 (exit status 0)
2026-01-27 02:34:17,871 INFO reaped unknown pid 1959 (exit status 0)
2026-01-27 02:34:23,978 INFO reaped unknown pid 1966 (exit status 0)
2026-01-27 02:34:26,253 INFO exited: laravel-worker_00 (exit status 0; expected)
2026-01-27 02:34:26,253 INFO exited: laravel-worker_01 (exit status 0; expected)
2026-01-27 02:34:26,261 INFO spawned: 'laravel-worker_00' with pid 1972
2026-01-27 02:34:26,263 INFO spawned: 'laravel-worker_01' with pid 1973
2026-01-27 02:34:28,039 INFO success: laravel-worker_00 entered RUNNING state, process has stayed up for > than 1 seconds (startsecs)
2026-01-27 02:34:28,039 INFO success: laravel-worker_01 entered RUNNING state, process has stayed up for > than 1 seconds (startsecs)
2026-01-27 02:34:29,042 INFO reaped unknown pid 1981 (exit status 0)
2026-01-27 02:34:36,076 INFO reaped unknown pid 1988 (exit status 0)
2026-01-27 02:34:39,181 INFO reaped unknown pid 1995 (exit status 0)
2026-01-27 02:34:44,254 INFO reaped unknown pid 2002 (exit status 0)
2026-01-27 02:34:49,337 INFO reaped unknown pid 2009 (exit status 0)
2026-01-27 02:34:54,415 INFO reaped unknown pid 2016 (exit status 0)
2026-01-27 02:34:59,504 INFO reaped unknown pid 2023 (exit status 0)
2026-01-27 02:35:03,799 INFO reaped unknown pid 2034 (exit status 0)
2026-01-27 02:35:08,904 INFO reaped unknown pid 2041 (exit status 0)
2026-01-27 02:35:13,955 INFO reaped unknown pid 2048 (exit status 0)
2026-01-27 02:35:19,055 INFO reaped unknown pid 2055 (exit status 0)
2026-01-27 02:35:24,121 INFO reaped unknown pid 2062 (exit status 0)
2026-01-27 02:35:29,170 INFO reaped unknown pid 2069 (exit status 0)
2026-01-27 02:35:34,236 INFO reaped unknown pid 2076 (exit status 0)
2026-01-27 02:35:39,331 INFO reaped unknown pid 2083 (exit status 0)
2026-01-27 02:35:44,373 INFO reaped unknown pid 2090 (exit status 0)
2026-01-27 02:35:49,441 INFO reaped unknown pid 2097 (exit status 0)
2026-01-27 02:35:54,559 INFO reaped unknown pid 2104 (exit status 0)
2026-01-27 02:35:58,500 INFO reaped unknown pid 2111 (exit status 0)
2026-01-27 02:36:03,782 INFO reaped unknown pid 2122 (exit status 0)
2026-01-27 02:36:08,835 INFO reaped unknown pid 2129 (exit status 0)
2026-01-27 02:36:13,853 INFO reaped unknown pid 2136 (exit status 0)
2026-01-27 02:36:18,883 INFO reaped unknown pid 2143 (exit status 0)
2026-01-27 02:36:23,971 INFO reaped unknown pid 2150 (exit status 0)
2026-01-27 02:36:29,034 INFO reaped unknown pid 2157 (exit status 0)
2026-01-27 02:36:34,098 INFO reaped unknown pid 2164 (exit status 0)
2026-01-27 02:36:39,190 INFO reaped unknown pid 2171 (exit status 0)
2026-01-27 02:36:44,214 INFO reaped unknown pid 2178 (exit status 0)
2026-01-27 02:36:49,284 INFO reaped unknown pid 2185 (exit status 0)
2026-01-27 02:36:54,385 INFO reaped unknown pid 2192 (exit status 0)
2026-01-27 02:36:59,447 INFO reaped unknown pid 2199 (exit status 0)
2026-01-27 02:37:03,728 INFO reaped unknown pid 2210 (exit status 0)
2026-01-27 02:37:07,783 INFO reaped unknown pid 2217 (exit status 0)
2026-01-27 02:37:13,883 INFO reaped unknown pid 2224 (exit status 0)
2026-01-27 02:37:17,920 INFO reaped unknown pid 2231 (exit status 0)
2026-01-27 02:37:23,965 INFO reaped unknown pid 2238 (exit status 0)
2026-01-27 02:37:28,993 INFO reaped unknown pid 2245 (exit status 0)
2026-01-27 02:37:34,065 INFO reaped unknown pid 2252 (exit status 0)
2026-01-27 02:37:39,159 INFO reaped unknown pid 2259 (exit status 0)
2026-01-27 02:37:44,224 INFO reaped unknown pid 2266 (exit status 0)
2026-01-27 02:37:50,287 INFO reaped unknown pid 2273 (exit status 0)
2026-01-27 02:37:55,389 INFO reaped unknown pid 2280 (exit status 0)
2026-01-27 02:37:59,442 INFO reaped unknown pid 2287 (exit status 0)
2026-01-27 02:38:03,677 INFO reaped unknown pid 2298 (exit status 0)
2026-01-27 02:38:08,735 INFO reaped unknown pid 2305 (exit status 0)
2026-01-27 02:38:13,837 INFO reaped unknown pid 2312 (exit status 0)
2026-01-27 02:38:17,897 INFO reaped unknown pid 2319 (exit status 0)
2026-01-27 02:38:23,980 INFO reaped unknown pid 2326 (exit status 0)
2026-01-27 02:38:28,017 INFO reaped unknown pid 2333 (exit status 0)
2026-01-27 02:38:34,056 INFO reaped unknown pid 2340 (exit status 0)
2026-01-27 02:38:38,124 INFO reaped unknown pid 2347 (exit status 0)
2026-01-27 02:38:44,139 INFO reaped unknown pid 2354 (exit status 0)
2026-01-27 02:38:48,191 INFO reaped unknown pid 2361 (exit status 0)
2026-01-27 02:38:54,264 INFO reaped unknown pid 2368 (exit status 0)
2026-01-27 02:38:59,291 INFO reaped unknown pid 2375 (exit status 0)
2026-01-27 02:39:02,705 INFO reaped unknown pid 2386 (exit status 0)
2026-01-27 02:39:08,810 INFO reaped unknown pid 2393 (exit status 0)
2026-01-27 02:39:13,911 INFO reaped unknown pid 2400 (exit status 0)
2026-01-27 02:39:17,939 INFO reaped unknown pid 2407 (exit status 0)
2026-01-27 02:39:24,020 INFO reaped unknown pid 2414 (exit status 0)
2026-01-27 02:39:29,071 INFO reaped unknown pid 2421 (exit status 0)
2026-01-27 02:39:34,151 INFO reaped unknown pid 2428 (exit status 0)
2026-01-27 02:39:39,230 INFO reaped unknown pid 2435 (exit status 0)
2026-01-27 02:39:44,266 INFO reaped unknown pid 2442 (exit status 0)
2026-01-27 02:39:48,344 INFO reaped unknown pid 2449 (exit status 0)
2026-01-27 02:39:54,429 INFO reaped unknown pid 2456 (exit status 0)
2026-01-27 02:39:58,482 INFO reaped unknown pid 2463 (exit status 0)
2026-01-27 02:40:02,681 INFO reaped unknown pid 2474 (exit status 0)
2026-01-27 02:40:07,735 INFO reaped unknown pid 2481 (exit status 0)
2026-01-27 02:40:13,812 INFO reaped unknown pid 2488 (exit status 0)
2026-01-27 02:40:17,855 INFO reaped unknown pid 2495 (exit status 0)
2026-01-27 02:40:23,936 INFO reaped unknown pid 2502 (exit status 0)
2026-01-27 02:40:28,997 INFO reaped unknown pid 2509 (exit status 0)
2026-01-27 02:40:34,057 INFO reaped unknown pid 2516 (exit status 0)
2026-01-27 02:40:38,106 INFO reaped unknown pid 2523 (exit status 0)
2026-01-27 02:40:44,183 INFO reaped unknown pid 2530 (exit status 0)
2026-01-27 02:40:48,224 INFO reaped unknown pid 2537 (exit status 0)
2026-01-27 02:40:55,306 INFO reaped unknown pid 2544 (exit status 0)
2026-01-27 02:40:59,300 INFO reaped unknown pid 2551 (exit status 0)
2026-01-27 02:41:02,767 INFO reaped unknown pid 2562 (exit status 0)
2026-01-27 02:41:07,810 INFO reaped unknown pid 2569 (exit status 0)
2026-01-27 02:41:13,892 INFO reaped unknown pid 2576 (exit status 0)
2026-01-27 02:41:18,942 INFO reaped unknown pid 2583 (exit status 0)
2026-01-27 02:41:24,036 INFO reaped unknown pid 2590 (exit status 0)
2026-01-27 02:41:29,114 INFO reaped unknown pid 2597 (exit status 0)
2026-01-27 02:41:34,167 INFO reaped unknown pid 2604 (exit status 0)
2026-01-27 02:41:39,231 INFO reaped unknown pid 2611 (exit status 0)
2026-01-27 02:41:44,232 INFO reaped unknown pid 2618 (exit status 0)
2026-01-27 02:41:49,271 INFO reaped unknown pid 2625 (exit status 0)
2026-01-27 02:41:54,360 INFO reaped unknown pid 2632 (exit status 0)
2026-01-27 02:41:59,437 INFO reaped unknown pid 2639 (exit status 0)
2026-01-27 02:42:02,653 INFO reaped unknown pid 2650 (exit status 0)
2026-01-27 02:42:08,744 INFO reaped unknown pid 2657 (exit status 0)
2026-01-27 02:42:13,831 INFO reaped unknown pid 2664 (exit status 0)
2026-01-27 02:42:17,885 INFO reaped unknown pid 2671 (exit status 0)
2026-01-27 02:42:23,946 INFO reaped unknown pid 2678 (exit status 0)
2026-01-27 02:42:27,949 INFO reaped unknown pid 2685 (exit status 0)
2026-01-27 02:42:35,998 INFO reaped unknown pid 2692 (exit status 0)
2026-01-27 02:42:38,100 INFO reaped unknown pid 2699 (exit status 0)
2026-01-27 02:42:44,176 INFO reaped unknown pid 2706 (exit status 0)
2026-01-27 02:42:49,224 INFO reaped unknown pid 2713 (exit status 0)
2026-01-27 02:42:54,332 INFO reaped unknown pid 2720 (exit status 0)
2026-01-27 02:42:58,332 INFO reaped unknown pid 2727 (exit status 0)
2026-01-27 02:43:03,727 INFO reaped unknown pid 2738 (exit status 0)
2026-01-27 02:43:07,825 INFO reaped unknown pid 2745 (exit status 0)
2026-01-27 02:43:13,914 INFO reaped unknown pid 2752 (exit status 0)
2026-01-27 02:43:18,955 INFO reaped unknown pid 2759 (exit status 0)
2026-01-27 02:43:24,022 INFO reaped unknown pid 2766 (exit status 0)
2026-01-27 02:43:30,107 INFO reaped unknown pid 2773 (exit status 0)
2026-01-27 02:43:34,206 INFO reaped unknown pid 2780 (exit status 0)
2026-01-27 02:43:38,239 INFO reaped unknown pid 2787 (exit status 0)
2026-01-27 02:43:44,326 INFO reaped unknown pid 2794 (exit status 0)
2026-01-27 02:43:49,348 INFO reaped unknown pid 2801 (exit status 0)
2026-01-27 02:43:55,437 INFO reaped unknown pid 2808 (exit status 0)
2026-01-27 02:43:59,496 INFO reaped unknown pid 2815 (exit status 0)
2026-01-27 02:44:03,806 INFO reaped unknown pid 2826 (exit status 0)
2026-01-27 02:44:08,888 INFO reaped unknown pid 2833 (exit status 0)
2026-01-27 02:44:13,982 INFO reaped unknown pid 2840 (exit status 0)
2026-01-27 02:44:18,082 INFO reaped unknown pid 2847 (exit status 0)
2026-01-27 02:44:24,116 INFO reaped unknown pid 2854 (exit status 0)
2026-01-27 02:44:28,195 INFO reaped unknown pid 2861 (exit status 0)
2026-01-27 02:44:34,299 INFO reaped unknown pid 2868 (exit status 0)
2026-01-27 02:44:39,393 INFO reaped unknown pid 2875 (exit status 0)
2026-01-27 02:44:44,487 INFO reaped unknown pid 2882 (exit status 0)
2026-01-27 02:44:49,571 INFO reaped unknown pid 2889 (exit status 0)
2026-01-27 02:44:54,598 INFO reaped unknown pid 2896 (exit status 0)
2026-01-27 02:44:59,653 INFO reaped unknown pid 2903 (exit status 0)
2026-01-27 02:45:02,666 INFO reaped unknown pid 2914 (exit status 0)
2026-01-27 02:45:08,749 INFO reaped unknown pid 2921 (exit status 0)
2026-01-27 02:45:12,826 INFO reaped unknown pid 2928 (exit status 0)
2026-01-27 02:45:18,848 INFO reaped unknown pid 2935 (exit status 0)
2026-01-27 02:45:23,914 INFO reaped unknown pid 2942 (exit status 0)
2026-01-27 02:45:27,967 INFO reaped unknown pid 2949 (exit status 0)
2026-01-27 02:45:34,041 INFO reaped unknown pid 2956 (exit status 0)
2026-01-27 02:45:39,151 INFO reaped unknown pid 2963 (exit status 0)
2026-01-27 02:45:44,219 INFO reaped unknown pid 2970 (exit status 0)
2026-01-27 02:45:49,268 INFO reaped unknown pid 2977 (exit status 0)
2026-01-27 02:45:55,322 INFO reaped unknown pid 2984 (exit status 0)
2026-01-27 02:45:59,355 INFO reaped unknown pid 2991 (exit status 0)
2026-01-27 02:46:03,763 INFO reaped unknown pid 3002 (exit status 0)
2026-01-27 02:46:07,822 INFO reaped unknown pid 3009 (exit status 0)
2026-01-27 02:46:13,859 INFO reaped unknown pid 3016 (exit status 0)
2026-01-27 02:46:18,930 INFO reaped unknown pid 3023 (exit status 0)
2026-01-27 02:46:24,022 INFO reaped unknown pid 3030 (exit status 0)
2026-01-27 02:46:28,085 INFO reaped unknown pid 3037 (exit status 0)
2026-01-27 02:46:34,178 INFO reaped unknown pid 3044 (exit status 0)
2026-01-27 02:46:38,236 INFO reaped unknown pid 3051 (exit status 0)
2026-01-27 02:46:44,303 INFO reaped unknown pid 3058 (exit status 0)
2026-01-27 02:46:49,344 INFO reaped unknown pid 3065 (exit status 0)
2026-01-27 02:46:54,398 INFO reaped unknown pid 3072 (exit status 0)
2026-01-27 02:46:59,481 INFO reaped unknown pid 3079 (exit status 0)
2026-01-27 02:47:05,769 INFO reaped unknown pid 3090 (exit status 0)
2026-01-27 02:47:08,855 INFO reaped unknown pid 3097 (exit status 0)
2026-01-27 02:47:12,892 INFO reaped unknown pid 3104 (exit status 0)
2026-01-27 02:47:17,959 INFO reaped unknown pid 3111 (exit status 0)
2026-01-27 02:47:24,012 INFO reaped unknown pid 3118 (exit status 0)
2026-01-27 02:47:28,034 INFO reaped unknown pid 3125 (exit status 0)
2026-01-27 02:47:34,039 INFO reaped unknown pid 3132 (exit status 0)
2026-01-27 02:47:38,114 INFO reaped unknown pid 3139 (exit status 0)
2026-01-27 02:47:44,221 INFO reaped unknown pid 3146 (exit status 0)
2026-01-27 02:47:48,270 INFO reaped unknown pid 3153 (exit status 0)
2026-01-27 02:47:54,330 INFO reaped unknown pid 3160 (exit status 0)
2026-01-27 02:47:58,431 INFO reaped unknown pid 3167 (exit status 0)
2026-01-27 02:48:02,630 INFO reaped unknown pid 3178 (exit status 0)
2026-01-27 02:48:07,695 INFO reaped unknown pid 3185 (exit status 0)
2026-01-27 02:48:12,763 INFO reaped unknown pid 3192 (exit status 0)
2026-01-27 02:48:17,820 INFO reaped unknown pid 3199 (exit status 0)
2026-01-27 02:48:22,910 INFO reaped unknown pid 3206 (exit status 0)
2026-01-27 02:48:28,983 INFO reaped unknown pid 3213 (exit status 0)
2026-01-27 02:48:34,077 INFO reaped unknown pid 3220 (exit status 0)
2026-01-27 02:48:39,126 INFO reaped unknown pid 3227 (exit status 0)
2026-01-27 02:48:44,208 INFO reaped unknown pid 3234 (exit status 0)
2026-01-27 02:48:49,280 INFO reaped unknown pid 3241 (exit status 0)
2026-01-27 02:48:55,349 INFO reaped unknown pid 3248 (exit status 0)
2026-01-27 02:48:59,462 INFO reaped unknown pid 3255 (exit status 0)
2026-01-27 02:49:03,697 INFO reaped unknown pid 3266 (exit status 0)
2026-01-27 02:49:08,786 INFO reaped unknown pid 3273 (exit status 0)
2026-01-27 02:49:13,825 INFO reaped unknown pid 3280 (exit status 0)
2026-01-27 02:49:18,874 INFO reaped unknown pid 3287 (exit status 0)
2026-01-27 02:49:23,952 INFO reaped unknown pid 3294 (exit status 0)
2026-01-27 02:49:29,033 INFO reaped unknown pid 3301 (exit status 0)
2026-01-27 02:49:34,138 INFO reaped unknown pid 3308 (exit status 0)
2026-01-27 02:49:39,145 INFO reaped unknown pid 3315 (exit status 0)
2026-01-27 02:49:44,206 INFO reaped unknown pid 3322 (exit status 0)
2026-01-27 02:49:48,255 INFO reaped unknown pid 3329 (exit status 0)
2026-01-27 02:49:54,301 INFO reaped unknown pid 3336 (exit status 0)
2026-01-27 02:49:59,341 INFO reaped unknown pid 3343 (exit status 0)
2026-01-27 02:50:04,709 INFO reaped unknown pid 3354 (exit status 0)
2026-01-27 02:50:08,725 INFO reaped unknown pid 3361 (exit status 0)
2026-01-27 02:50:13,787 INFO reaped unknown pid 3368 (exit status 0)
2026-01-27 02:50:18,876 INFO reaped unknown pid 3375 (exit status 0)
2026-01-27 02:50:23,911 INFO reaped unknown pid 3382 (exit status 0)
2026-01-27 02:50:28,955 INFO reaped unknown pid 3389 (exit status 0)
2026-01-27 02:50:35,061 INFO reaped unknown pid 3396 (exit status 0)
2026-01-27 02:50:39,111 INFO reaped unknown pid 3403 (exit status 0)
2026-01-27 02:50:46,132 INFO reaped unknown pid 3410 (exit status 0)
2026-01-27 02:50:50,156 INFO reaped unknown pid 3417 (exit status 0)
2026-01-27 02:50:54,242 INFO reaped unknown pid 3424 (exit status 0)
2026-01-27 02:50:59,311 INFO reaped unknown pid 3431 (exit status 0)
2026-01-27 02:51:03,678 INFO reaped unknown pid 3442 (exit status 0)
2026-01-27 02:51:08,709 INFO reaped unknown pid 3449 (exit status 0)
2026-01-27 02:51:13,795 INFO reaped unknown pid 3456 (exit status 0)
2026-01-27 02:51:18,897 INFO reaped unknown pid 3463 (exit status 0)
2026-01-27 02:51:23,948 INFO reaped unknown pid 3470 (exit status 0)
2026-01-27 02:51:29,010 INFO reaped unknown pid 3477 (exit status 0)
2026-01-27 02:51:34,009 INFO reaped unknown pid 3484 (exit status 0)
2026-01-27 02:51:39,013 INFO reaped unknown pid 3491 (exit status 0)
2026-01-27 02:51:44,076 INFO reaped unknown pid 3498 (exit status 0)
2026-01-27 02:51:50,123 INFO reaped unknown pid 3505 (exit status 0)
2026-01-27 02:51:54,146 INFO reaped unknown pid 3512 (exit status 0)
2026-01-27 02:51:59,181 INFO reaped unknown pid 3519 (exit status 0)
2026-01-27 02:52:04,887 INFO reaped unknown pid 3530 (exit status 0)
2026-01-27 02:52:09,970 INFO reaped unknown pid 3537 (exit status 0)
2026-01-27 02:52:15,016 INFO reaped unknown pid 3544 (exit status 0)
2026-01-27 02:52:20,114 INFO reaped unknown pid 3551 (exit status 0)
2026-01-27 02:52:25,209 INFO reaped unknown pid 3558 (exit status 0)
2026-01-27 02:52:30,267 INFO reaped unknown pid 3565 (exit status 0)
2026-01-27 02:52:35,353 INFO reaped unknown pid 3572 (exit status 0)
2026-01-27 02:52:40,437 INFO reaped unknown pid 3579 (exit status 0)
2026-01-27 02:52:47,453 INFO reaped unknown pid 3586 (exit status 0)
2026-01-27 02:52:51,498 INFO reaped unknown pid 3593 (exit status 0)
2026-01-27 02:52:55,551 INFO reaped unknown pid 3600 (exit status 0)
2026-01-27 02:53:00,089 INFO reaped unknown pid 3607 (exit status 0)
2026-01-27 02:53:04,809 INFO reaped unknown pid 3618 (exit status 0)
2026-01-27 02:53:10,830 INFO reaped unknown pid 3625 (exit status 0)
2026-01-27 02:53:14,857 INFO reaped unknown pid 3632 (exit status 0)
2026-01-27 02:53:19,910 INFO reaped unknown pid 3639 (exit status 0)
2026-01-27 02:53:26,951 INFO reaped unknown pid 3646 (exit status 0)
2026-01-27 02:53:29,962 INFO reaped unknown pid 3653 (exit status 0)
2026-01-27 02:53:35,007 INFO reaped unknown pid 3660 (exit status 0)
2026-01-27 02:53:40,016 INFO reaped unknown pid 3667 (exit status 0)
2026-01-27 02:53:46,169 INFO reaped unknown pid 3674 (exit status 0)
2026-01-27 02:53:50,149 INFO reaped unknown pid 3681 (exit status 0)
2026-01-27 02:53:55,283 INFO reaped unknown pid 3688 (exit status 0)
2026-01-27 02:54:00,014 INFO reaped unknown pid 3695 (exit status 0)
2026-01-27 02:54:04,820 INFO reaped unknown pid 3706 (exit status 0)
2026-01-27 02:54:08,872 INFO reaped unknown pid 3713 (exit status 0)
2026-01-27 02:54:13,886 INFO reaped unknown pid 3720 (exit status 0)
2026-01-27 02:54:18,903 INFO reaped unknown pid 3727 (exit status 0)
2026-01-27 02:54:24,009 INFO reaped unknown pid 3734 (exit status 0)
2026-01-27 02:54:31,068 INFO reaped unknown pid 3741 (exit status 0)
2026-01-27 02:54:34,148 INFO reaped unknown pid 3748 (exit status 0)
2026-01-27 02:54:39,196 INFO reaped unknown pid 3755 (exit status 0)
2026-01-27 02:54:44,200 INFO reaped unknown pid 3762 (exit status 0)
2026-01-27 02:54:49,307 INFO reaped unknown pid 3769 (exit status 0)
2026-01-27 02:54:56,404 INFO reaped unknown pid 3776 (exit status 0)
2026-01-27 02:54:59,467 INFO reaped unknown pid 3783 (exit status 0)
2026-01-27 02:55:03,647 INFO reaped unknown pid 3794 (exit status 0)
2026-01-27 02:55:08,676 INFO reaped unknown pid 3801 (exit status 0)
2026-01-27 02:55:13,680 INFO reaped unknown pid 3808 (exit status 0)
2026-01-27 02:55:18,719 INFO reaped unknown pid 3815 (exit status 0)
2026-01-27 02:55:23,780 INFO reaped unknown pid 3822 (exit status 0)
2026-01-27 02:55:28,809 INFO reaped unknown pid 3829 (exit status 0)
2026-01-27 02:55:33,845 INFO reaped unknown pid 3836 (exit status 0)
2026-01-27 02:55:38,884 INFO reaped unknown pid 3843 (exit status 0)
2026-01-27 02:55:43,900 INFO reaped unknown pid 3850 (exit status 0)
2026-01-27 02:55:48,991 INFO reaped unknown pid 3857 (exit status 0)
2026-01-27 02:55:54,009 INFO reaped unknown pid 3864 (exit status 0)
2026-01-27 02:55:59,061 INFO reaped unknown pid 3871 (exit status 0)
2026-01-27 02:56:03,709 INFO reaped unknown pid 3882 (exit status 0)
2026-01-27 02:56:08,729 INFO reaped unknown pid 3889 (exit status 0)
2026-01-27 02:56:13,782 INFO reaped unknown pid 3896 (exit status 0)
2026-01-27 02:56:18,828 INFO reaped unknown pid 3903 (exit status 0)
2026-01-27 02:56:23,857 INFO reaped unknown pid 3910 (exit status 0)
2026-01-27 02:56:28,914 INFO reaped unknown pid 3917 (exit status 0)
2026-01-27 02:56:33,929 INFO reaped unknown pid 3924 (exit status 0)
2026-01-27 02:56:38,980 INFO reaped unknown pid 3931 (exit status 0)
2026-01-27 02:56:44,015 INFO reaped unknown pid 3938 (exit status 0)
2026-01-27 02:56:49,057 INFO reaped unknown pid 3945 (exit status 0)
2026-01-27 02:56:54,072 INFO reaped unknown pid 3952 (exit status 0)
2026-01-27 02:56:59,119 INFO reaped unknown pid 3959 (exit status 0)
2026-01-27 02:57:03,722 INFO reaped unknown pid 3970 (exit status 0)
2026-01-27 02:57:08,755 INFO reaped unknown pid 3977 (exit status 0)
2026-01-27 02:57:13,764 INFO reaped unknown pid 3984 (exit status 0)
2026-01-27 02:57:18,814 INFO reaped unknown pid 3991 (exit status 0)
2026-01-27 02:57:23,841 INFO reaped unknown pid 3998 (exit status 0)
2026-01-27 02:57:28,872 INFO reaped unknown pid 4005 (exit status 0)
2026-01-27 02:57:33,900 INFO reaped unknown pid 4012 (exit status 0)
2026-01-27 02:57:38,943 INFO reaped unknown pid 4019 (exit status 0)
2026-01-27 02:57:43,952 INFO reaped unknown pid 4026 (exit status 0)
2026-01-27 02:57:49,005 INFO reaped unknown pid 4033 (exit status 0)
2026-01-27 02:57:54,026 INFO reaped unknown pid 4040 (exit status 0)
2026-01-27 02:57:59,060 INFO reaped unknown pid 4047 (exit status 0)
2026-01-27 02:58:03,598 INFO reaped unknown pid 4058 (exit status 0)
2026-01-27 02:58:08,634 INFO reaped unknown pid 4065 (exit status 0)
2026-01-27 02:58:13,644 INFO reaped unknown pid 4072 (exit status 0)
2026-01-27 02:58:18,677 INFO reaped unknown pid 4079 (exit status 0)
2026-01-27 02:58:23,717 INFO reaped unknown pid 4086 (exit status 0)
2026-01-27 02:58:28,758 INFO reaped unknown pid 4093 (exit status 0)
2026-01-27 02:58:35,832 INFO reaped unknown pid 4100 (exit status 0)
2026-01-27 02:58:38,879 INFO reaped unknown pid 4107 (exit status 0)
2026-01-27 02:58:43,922 INFO reaped unknown pid 4114 (exit status 0)
2026-01-27 02:58:49,975 INFO reaped unknown pid 4121 (exit status 0)
2026-01-27 02:58:54,991 INFO reaped unknown pid 4128 (exit status 0)
2026-01-27 02:58:59,073 INFO reaped unknown pid 4135 (exit status 0)
2026-01-27 02:59:04,381 INFO reaped unknown pid 4146 (exit status 0)
2026-01-27 02:59:09,349 INFO reaped unknown pid 4153 (exit status 0)
2026-01-27 02:59:15,426 INFO reaped unknown pid 4160 (exit status 0)
2026-01-27 02:59:20,450 INFO reaped unknown pid 4167 (exit status 0)
2026-01-27 02:59:25,570 INFO reaped unknown pid 4174 (exit status 0)
2026-01-27 02:59:30,576 INFO reaped unknown pid 4181 (exit status 0)
2026-01-27 02:59:35,641 INFO reaped unknown pid 4188 (exit status 0)
2026-01-27 02:59:41,699 INFO reaped unknown pid 4195 (exit status 0)
2026-01-27 02:59:47,692 INFO reaped unknown pid 4202 (exit status 0)
2026-01-27 02:59:53,825 INFO reaped unknown pid 4209 (exit status 0)
2026-01-27 03:00:02,743 INFO reaped unknown pid 4216 (exit status 0)
2026-01-27 03:00:08,787 INFO reaped unknown pid 4227 (exit status 0)
2026-01-27 03:00:18,897 INFO reaped unknown pid 4234 (exit status 0)
2026-01-27 03:00:28,049 INFO reaped unknown pid 4241 (exit status 0)
2026-01-27 03:00:31,140 INFO reaped unknown pid 4248 (exit status 0)
2026-01-27 03:00:39,179 INFO reaped unknown pid 4255 (exit status 0)
2026-01-27 03:00:49,325 INFO reaped unknown pid 4262 (exit status 0)
2026-01-27 03:00:59,648 INFO reaped unknown pid 4269 (exit status 0)
2026-01-27 03:01:11,544 INFO reaped unknown pid 4280 (exit status 0)
2026-01-27 03:01:19,669 INFO reaped unknown pid 4287 (exit status 0)
2026-01-27 03:01:25,572 INFO reaped unknown pid 4294 (exit status 0)
2026-01-27 03:01:29,710 INFO reaped unknown pid 4301 (exit status 0)
2026-01-27 03:01:36,758 INFO reaped unknown pid 4308 (exit status 0)
2026-01-27 03:01:45,776 INFO reaped unknown pid 4315 (exit status 0)
2026-01-27 03:01:49,825 INFO reaped unknown pid 4322 (exit status 0)
2026-01-27 03:01:54,924 INFO reaped unknown pid 4329 (exit status 0)
2026-01-27 03:01:59,881 INFO reaped unknown pid 4336 (exit status 0)
2026-01-27 03:02:10,341 INFO reaped unknown pid 4347 (exit status 0)
2026-01-27 03:02:16,406 INFO reaped unknown pid 4354 (exit status 0)
2026-01-27 03:02:24,520 INFO reaped unknown pid 4361 (exit status 0)
2026-01-27 03:02:28,566 INFO reaped unknown pid 4368 (exit status 0)
2026-01-27 03:02:36,656 INFO reaped unknown pid 4375 (exit status 0)
2026-01-27 03:02:45,938 INFO reaped unknown pid 4382 (exit status 0)
2026-01-27 03:02:54,939 INFO reaped unknown pid 4389 (exit status 0)
2026-01-27 03:02:58,960 INFO reaped unknown pid 4396 (exit status 0)
2026-01-27 03:03:05,144 INFO reaped unknown pid 4403 (exit status 0)
2026-01-27 03:03:13,586 INFO reaped unknown pid 4414 (exit status 0)
2026-01-27 03:03:19,622 INFO reaped unknown pid 4421 (exit status 0)
2026-01-27 03:03:24,709 INFO reaped unknown pid 4428 (exit status 0)
2026-01-27 03:03:33,940 INFO reaped unknown pid 4435 (exit status 0)
2026-01-27 03:03:39,008 INFO reaped unknown pid 4442 (exit status 0)
2026-01-27 03:03:43,065 INFO reaped unknown pid 4449 (exit status 0)
2026-01-27 03:03:50,163 INFO reaped unknown pid 4456 (exit status 0)
2026-01-27 03:03:59,303 INFO reaped unknown pid 4463 (exit status 0)
2026-01-27 03:04:04,072 INFO reaped unknown pid 4470 (exit status 0)
2026-01-27 03:04:13,387 INFO reaped unknown pid 4481 (exit status 0)
2026-01-27 03:04:19,424 INFO reaped unknown pid 4488 (exit status 0)
2026-01-27 03:04:28,490 INFO reaped unknown pid 4495 (exit status 0)
2026-01-27 03:04:36,606 INFO reaped unknown pid 4502 (exit status 0)
2026-01-27 03:04:45,987 INFO reaped unknown pid 4509 (exit status 0)
2026-01-27 03:04:54,945 INFO reaped unknown pid 4516 (exit status 0)
2026-01-27 03:05:04,034 INFO reaped unknown pid 4523 (exit status 0)
2026-01-27 03:05:12,282 INFO reaped unknown pid 4534 (exit status 0)
2026-01-27 03:05:18,212 INFO reaped unknown pid 4541 (exit status 0)
2026-01-27 03:05:22,275 INFO reaped unknown pid 4548 (exit status 0)
2026-01-27 03:05:27,308 INFO reaped unknown pid 4555 (exit status 0)
2026-01-27 03:05:35,383 INFO reaped unknown pid 4562 (exit status 0)
2026-01-27 03:05:44,625 INFO reaped unknown pid 4569 (exit status 0)
2026-01-27 03:05:53,813 INFO reaped unknown pid 4576 (exit status 0)
2026-01-27 03:05:58,692 INFO reaped unknown pid 4583 (exit status 0)
2026-01-27 03:06:05,115 INFO reaped unknown pid 4590 (exit status 0)
2026-01-27 03:06:19,205 INFO reaped unknown pid 4601 (exit status 0)
2026-01-27 03:06:28,350 INFO reaped unknown pid 4608 (exit status 0)
2026-01-27 03:06:33,399 INFO reaped unknown pid 4615 (exit status 0)
2026-01-27 03:06:37,434 INFO reaped unknown pid 4622 (exit status 0)
2026-01-27 03:06:43,551 INFO reaped unknown pid 4629 (exit status 0)
2026-01-27 03:06:48,527 INFO reaped unknown pid 4636 (exit status 0)
2026-01-27 03:06:53,647 INFO reaped unknown pid 4643 (exit status 0)
2026-01-27 03:06:57,606 INFO reaped unknown pid 4650 (exit status 0)
2026-01-27 03:07:04,075 INFO reaped unknown pid 4657 (exit status 0)
2026-01-27 03:07:13,063 INFO reaped unknown pid 4668 (exit status 0)
2026-01-27 03:07:18,020 INFO reaped unknown pid 4675 (exit status 0)
2026-01-27 03:07:25,152 INFO reaped unknown pid 4682 (exit status 0)
2026-01-27 03:07:34,143 INFO reaped unknown pid 4689 (exit status 0)
2026-01-27 03:07:39,176 INFO reaped unknown pid 4696 (exit status 0)
2026-01-27 03:07:44,268 INFO reaped unknown pid 4703 (exit status 0)
2026-01-27 03:07:48,321 INFO reaped unknown pid 4710 (exit status 0)
2026-01-27 03:07:53,423 INFO reaped unknown pid 4717 (exit status 0)
2026-01-27 03:07:58,493 INFO reaped unknown pid 4724 (exit status 0)
2026-01-27 03:08:04,113 INFO reaped unknown pid 4731 (exit status 0)
2026-01-27 03:08:13,497 INFO reaped unknown pid 4742 (exit status 0)
2026-01-27 03:08:17,559 INFO reaped unknown pid 4749 (exit status 0)
2026-01-27 03:08:22,616 INFO reaped unknown pid 4756 (exit status 0)
2026-01-27 03:08:27,699 INFO reaped unknown pid 4763 (exit status 0)
2026-01-27 03:08:31,730 INFO reaped unknown pid 4770 (exit status 0)
2026-01-27 03:08:37,951 INFO reaped unknown pid 4777 (exit status 255)
2026-01-27 03:34:29,771 INFO exited: laravel-worker_00 (exit status 0; expected)
2026-01-27 03:34:29,773 INFO exited: laravel-worker_01 (exit status 0; expected)
2026-01-27 03:34:30,805 INFO spawned: 'laravel-worker_00' with pid 7475
2026-01-27 03:34:30,813 INFO spawned: 'laravel-worker_01' with pid 7476
2026-01-27 03:34:31,101 WARN exited: laravel-worker_00 (exit status 1; not expected)
2026-01-27 03:34:31,101 WARN exited: laravel-worker_01 (exit status 1; not expected)
2026-01-27 03:34:32,109 INFO spawned: 'laravel-worker_00' with pid 7477
2026-01-27 03:34:32,117 INFO spawned: 'laravel-worker_01' with pid 7478
2026-01-27 03:34:32,371 WARN exited: laravel-worker_00 (exit status 1; not expected)
2026-01-27 03:34:32,380 WARN exited: laravel-worker_01 (exit status 1; not expected)
2026-01-27 03:34:34,394 INFO spawned: 'laravel-worker_00' with pid 7479
2026-01-27 03:34:34,400 INFO spawned: 'laravel-worker_01' with pid 7480
2026-01-27 03:34:34,663 WARN exited: laravel-worker_00 (exit status 1; not expected)
2026-01-27 03:34:34,664 WARN exited: laravel-worker_01 (exit status 1; not expected)
2026-01-27 03:34:37,680 INFO spawned: 'laravel-worker_00' with pid 7481
2026-01-27 03:34:37,682 INFO spawned: 'laravel-worker_01' with pid 7482
2026-01-27 03:34:37,938 WARN exited: laravel-worker_00 (exit status 1; not expected)
2026-01-27 03:34:37,938 WARN exited: laravel-worker_01 (exit status 1; not expected)
2026-01-27 03:34:38,945 INFO gave up: laravel-worker_00 entered FATAL state, too many start retries too quickly
2026-01-27 03:34:38,946 INFO gave up: laravel-worker_01 entered FATAL state, too many start retries too quickly
2026-01-27 03:51:20,850 INFO reaped unknown pid 9071 (exit status 0)
2026-01-27 03:53:05,759 INFO reaped unknown pid 9252 (exit status 0)
2026-01-27 03:53:58,393 INFO reaped unknown pid 9349 (exit status 0)
2026-01-27 03:54:24,819 INFO reaped unknown pid 9404 (exit status 0)
2026-01-27 03:56:03,356 INFO reaped unknown pid 9575 (exit status 0)
2026-01-27 03:57:09,974 INFO reaped unknown pid 9694 (exit status 0)
2026-01-27 03:58:15,965 INFO reaped unknown pid 9813 (exit status 0)
2026-01-27 03:58:39,615 INFO reaped unknown pid 9841 (exit status 0)
2026-01-28 03:08:35,523 INFO reaped unknown pid 14958 (exit status 0)
2026-01-28 03:08:40,559 INFO reaped unknown pid 14965 (exit status 0)
2026-01-28 03:08:45,553 INFO reaped unknown pid 14972 (exit status 0)
2026-01-28 03:08:50,570 INFO reaped unknown pid 14979 (exit status 0)
2026-01-28 03:08:55,575 INFO reaped unknown pid 14986 (exit status 0)
2026-01-28 03:09:01,105 INFO reaped unknown pid 14993 (exit status 0)
2026-01-28 03:09:03,924 INFO reaped unknown pid 15004 (exit status 0)
2026-01-28 03:09:08,989 INFO reaped unknown pid 15011 (exit status 0)
2026-01-28 03:09:14,017 INFO reaped unknown pid 15018 (exit status 0)
2026-01-28 03:09:19,095 INFO reaped unknown pid 15025 (exit status 0)
2026-01-28 03:09:24,114 INFO reaped unknown pid 15032 (exit status 0)
2026-01-28 03:09:29,131 INFO reaped unknown pid 15039 (exit status 0)
2026-01-28 03:09:35,143 INFO reaped unknown pid 15046 (exit status 0)
2026-01-28 03:09:39,248 INFO reaped unknown pid 15053 (exit status 0)
2026-01-28 03:09:44,254 INFO reaped unknown pid 15060 (exit status 0)
2026-01-28 03:09:49,317 INFO reaped unknown pid 15067 (exit status 0)
2026-01-28 03:09:54,317 INFO reaped unknown pid 15074 (exit status 0)
2026-01-28 03:09:59,378 INFO reaped unknown pid 15081 (exit status 0)
2026-01-28 03:10:03,801 INFO reaped unknown pid 15092 (exit status 0)
2026-01-28 03:10:08,832 INFO reaped unknown pid 15099 (exit status 0)
2026-01-28 03:10:13,910 INFO reaped unknown pid 15106 (exit status 0)
2026-01-28 03:10:18,939 INFO reaped unknown pid 15113 (exit status 0)
2026-01-28 03:10:23,945 INFO reaped unknown pid 15120 (exit status 0)
2026-01-28 03:10:29,004 INFO reaped unknown pid 15127 (exit status 0)
2026-01-28 03:10:35,051 INFO reaped unknown pid 15134 (exit status 0)
2026-01-28 03:10:39,102 INFO reaped unknown pid 15141 (exit status 0)
2026-01-28 03:10:44,145 INFO reaped unknown pid 15148 (exit status 0)
2026-01-28 03:10:49,204 INFO reaped unknown pid 15155 (exit status 0)
2026-01-28 03:10:54,247 INFO reaped unknown pid 15162 (exit status 0)
2026-01-28 03:10:59,267 INFO reaped unknown pid 15169 (exit status 0)
2026-01-28 03:11:04,008 INFO reaped unknown pid 15180 (exit status 0)
2026-01-28 03:11:09,008 INFO reaped unknown pid 15187 (exit status 0)
2026-01-28 03:11:14,053 INFO reaped unknown pid 15194 (exit status 0)
2026-01-28 03:11:19,118 INFO reaped unknown pid 15201 (exit status 0)
2026-01-28 03:11:24,201 INFO reaped unknown pid 15208 (exit status 0)
2026-01-28 03:11:29,260 INFO reaped unknown pid 15215 (exit status 0)
2026-01-28 03:11:34,264 INFO reaped unknown pid 15222 (exit status 0)
2026-01-28 03:11:39,367 INFO reaped unknown pid 15229 (exit status 0)
2026-01-28 03:11:44,431 INFO reaped unknown pid 15236 (exit status 0)
2026-01-28 03:11:49,504 INFO reaped unknown pid 15243 (exit status 0)
2026-01-28 03:11:54,553 INFO reaped unknown pid 15250 (exit status 0)
2026-01-28 03:11:59,612 INFO reaped unknown pid 15257 (exit status 0)
2026-01-28 03:12:03,799 INFO reaped unknown pid 15268 (exit status 0)
2026-01-28 03:12:08,896 INFO reaped unknown pid 15275 (exit status 0)
2026-01-28 03:12:13,952 INFO reaped unknown pid 15282 (exit status 0)
2026-01-28 03:12:18,978 INFO reaped unknown pid 15289 (exit status 0)
2026-01-28 03:12:23,979 INFO reaped unknown pid 15296 (exit status 0)
2026-01-28 03:12:29,001 INFO reaped unknown pid 15303 (exit status 0)
2026-01-28 03:12:34,048 INFO reaped unknown pid 15310 (exit status 0)
2026-01-28 03:12:39,063 INFO reaped unknown pid 15317 (exit status 0)
2026-01-28 03:12:44,078 INFO reaped unknown pid 15324 (exit status 0)
2026-01-28 03:12:49,106 INFO reaped unknown pid 15331 (exit status 0)
2026-01-28 03:12:54,167 INFO reaped unknown pid 15338 (exit status 0)
2026-01-28 03:12:59,219 INFO reaped unknown pid 15345 (exit status 0)
2026-01-28 03:13:03,852 INFO reaped unknown pid 15356 (exit status 0)
2026-01-28 03:13:08,960 INFO reaped unknown pid 15363 (exit status 0)
2026-01-28 03:13:14,029 INFO reaped unknown pid 15370 (exit status 0)
2026-01-28 03:13:19,093 INFO reaped unknown pid 15377 (exit status 0)
2026-01-28 03:13:24,127 INFO reaped unknown pid 15384 (exit status 0)
2026-01-28 03:13:29,148 INFO reaped unknown pid 15391 (exit status 0)
2026-01-28 03:13:34,156 INFO reaped unknown pid 15398 (exit status 0)
2026-01-28 03:13:39,223 INFO reaped unknown pid 15405 (exit status 0)
2026-01-28 03:13:44,297 INFO reaped unknown pid 15412 (exit status 0)
2026-01-28 03:13:49,386 INFO reaped unknown pid 15419 (exit status 0)
2026-01-28 03:13:54,409 INFO reaped unknown pid 15426 (exit status 0)
2026-01-28 03:13:59,451 INFO reaped unknown pid 15433 (exit status 0)
2026-01-28 03:14:03,831 INFO reaped unknown pid 15444 (exit status 0)
2026-01-28 03:14:08,933 INFO reaped unknown pid 15451 (exit status 0)
2026-01-28 03:14:13,956 INFO reaped unknown pid 15458 (exit status 0)
2026-01-28 03:14:19,035 INFO reaped unknown pid 15465 (exit status 0)
2026-01-28 03:14:24,051 INFO reaped unknown pid 15472 (exit status 0)
2026-01-28 03:14:29,153 INFO reaped unknown pid 15479 (exit status 0)
2026-01-28 03:14:34,221 INFO reaped unknown pid 15486 (exit status 0)
2026-01-28 03:14:39,264 INFO reaped unknown pid 15493 (exit status 0)
2026-01-28 03:14:44,336 INFO reaped unknown pid 15500 (exit status 0)
2026-01-28 03:14:49,374 INFO reaped unknown pid 15507 (exit status 0)
2026-01-28 03:14:54,432 INFO reaped unknown pid 15514 (exit status 0)
2026-01-28 03:14:59,532 INFO reaped unknown pid 15521 (exit status 0)
2026-01-28 03:15:03,801 INFO reaped unknown pid 15532 (exit status 0)
2026-01-28 03:15:08,843 INFO reaped unknown pid 15539 (exit status 0)
2026-01-28 03:15:13,841 INFO reaped unknown pid 15546 (exit status 0)
2026-01-28 03:15:18,898 INFO reaped unknown pid 15553 (exit status 0)
2026-01-28 03:15:23,930 INFO reaped unknown pid 15560 (exit status 0)
2026-01-28 03:15:29,007 INFO reaped unknown pid 15567 (exit status 0)
2026-01-28 03:15:35,038 INFO reaped unknown pid 15574 (exit status 0)
2026-01-28 03:15:39,155 INFO reaped unknown pid 15581 (exit status 0)
2026-01-28 03:15:44,251 INFO reaped unknown pid 15588 (exit status 0)
2026-01-28 03:15:49,258 INFO reaped unknown pid 15595 (exit status 0)
2026-01-28 03:15:54,280 INFO reaped unknown pid 15602 (exit status 0)
2026-01-28 03:15:59,338 INFO reaped unknown pid 15609 (exit status 0)
2026-01-28 03:16:03,868 INFO reaped unknown pid 15620 (exit status 0)
2026-01-28 03:16:08,917 INFO reaped unknown pid 15627 (exit status 0)
2026-01-28 03:16:13,962 INFO reaped unknown pid 15634 (exit status 0)
2026-01-28 03:16:19,010 INFO reaped unknown pid 15641 (exit status 0)
2026-01-28 03:16:24,096 INFO reaped unknown pid 15648 (exit status 0)
2026-01-28 03:16:29,152 INFO reaped unknown pid 15655 (exit status 0)
2026-01-28 03:16:34,168 INFO reaped unknown pid 15662 (exit status 0)
2026-01-28 03:16:39,237 INFO reaped unknown pid 15669 (exit status 0)
2026-01-28 03:16:44,261 INFO reaped unknown pid 15676 (exit status 0)
2026-01-28 03:16:49,268 INFO reaped unknown pid 15683 (exit status 0)
2026-01-28 03:16:54,331 INFO reaped unknown pid 15690 (exit status 0)
2026-01-28 03:16:59,363 INFO reaped unknown pid 15697 (exit status 0)
2026-01-28 03:17:03,892 INFO reaped unknown pid 15708 (exit status 0)
2026-01-28 03:17:08,937 INFO reaped unknown pid 15715 (exit status 0)
2026-01-28 03:17:13,951 INFO reaped unknown pid 15722 (exit status 0)
2026-01-28 03:17:19,004 INFO reaped unknown pid 15729 (exit status 0)
2026-01-28 03:17:24,048 INFO reaped unknown pid 15736 (exit status 0)
2026-01-28 03:17:29,102 INFO reaped unknown pid 15743 (exit status 0)
2026-01-28 03:17:35,150 INFO reaped unknown pid 15750 (exit status 0)
2026-01-28 03:17:39,165 INFO reaped unknown pid 15757 (exit status 0)
2026-01-28 03:17:44,227 INFO reaped unknown pid 15764 (exit status 0)
2026-01-28 03:17:49,271 INFO reaped unknown pid 15771 (exit status 0)
2026-01-28 03:17:54,334 INFO reaped unknown pid 15778 (exit status 0)
2026-01-28 03:17:59,398 INFO reaped unknown pid 15785 (exit status 0)
2026-01-28 03:18:03,836 INFO reaped unknown pid 15796 (exit status 0)
2026-01-28 03:18:08,860 INFO reaped unknown pid 15803 (exit status 0)
2026-01-28 03:18:13,903 INFO reaped unknown pid 15810 (exit status 0)
2026-01-28 03:18:18,987 INFO reaped unknown pid 15817 (exit status 0)
2026-01-28 03:18:24,046 INFO reaped unknown pid 15824 (exit status 0)
2026-01-28 03:18:29,127 INFO reaped unknown pid 15831 (exit status 0)
2026-01-28 03:18:34,185 INFO reaped unknown pid 15838 (exit status 0)
2026-01-28 03:18:39,186 INFO reaped unknown pid 15845 (exit status 0)
2026-01-28 03:18:44,212 INFO reaped unknown pid 15852 (exit status 0)
2026-01-28 03:18:49,237 INFO reaped unknown pid 15859 (exit status 0)
2026-01-28 03:18:54,310 INFO reaped unknown pid 15866 (exit status 0)
2026-01-28 03:18:59,374 INFO reaped unknown pid 15873 (exit status 0)
2026-01-28 03:19:03,800 INFO reaped unknown pid 15884 (exit status 0)
2026-01-28 03:19:08,797 INFO reaped unknown pid 15891 (exit status 0)
2026-01-28 03:19:13,796 INFO reaped unknown pid 15898 (exit status 0)
2026-01-28 03:19:18,803 INFO reaped unknown pid 15905 (exit status 0)
2026-01-28 03:19:23,847 INFO reaped unknown pid 15912 (exit status 0)
2026-01-28 03:19:28,955 INFO reaped unknown pid 15919 (exit status 0)
2026-01-28 03:19:34,017 INFO reaped unknown pid 15926 (exit status 0)
2026-01-28 03:19:39,091 INFO reaped unknown pid 15933 (exit status 0)
2026-01-28 03:19:44,188 INFO reaped unknown pid 15940 (exit status 0)
2026-01-28 03:19:49,261 INFO reaped unknown pid 15947 (exit status 0)
2026-01-28 03:19:54,263 INFO reaped unknown pid 15954 (exit status 0)
2026-01-28 03:19:59,371 INFO reaped unknown pid 15961 (exit status 0)
2026-01-28 03:20:03,802 INFO reaped unknown pid 15972 (exit status 0)
2026-01-28 03:20:08,821 INFO reaped unknown pid 15979 (exit status 0)
2026-01-28 03:20:13,849 INFO reaped unknown pid 15986 (exit status 0)
2026-01-28 03:20:18,934 INFO reaped unknown pid 15993 (exit status 0)
2026-01-28 03:20:24,010 INFO reaped unknown pid 16000 (exit status 0)
2026-01-28 03:20:29,047 INFO reaped unknown pid 16007 (exit status 0)
2026-01-28 03:20:34,078 INFO reaped unknown pid 16014 (exit status 0)
2026-01-28 03:20:39,111 INFO reaped unknown pid 16021 (exit status 0)
2026-01-28 03:20:44,157 INFO reaped unknown pid 16028 (exit status 0)
2026-01-28 03:20:49,260 INFO reaped unknown pid 16035 (exit status 0)
2026-01-28 03:20:54,277 INFO reaped unknown pid 16042 (exit status 0)
2026-01-28 03:20:59,307 INFO reaped unknown pid 16049 (exit status 0)
2026-01-28 03:21:03,937 INFO reaped unknown pid 16060 (exit status 0)
2026-01-28 03:21:08,952 INFO reaped unknown pid 16067 (exit status 0)
2026-01-28 03:21:14,047 INFO reaped unknown pid 16074 (exit status 0)
2026-01-28 03:21:19,056 INFO reaped unknown pid 16081 (exit status 0)
2026-01-28 03:21:24,071 INFO reaped unknown pid 16088 (exit status 0)
2026-01-28 03:21:29,102 INFO reaped unknown pid 16095 (exit status 0)
2026-01-28 03:21:34,127 INFO reaped unknown pid 16102 (exit status 0)
2026-01-28 03:21:39,153 INFO reaped unknown pid 16109 (exit status 0)
2026-01-28 03:21:44,227 INFO reaped unknown pid 16116 (exit status 0)
2026-01-28 03:21:49,273 INFO reaped unknown pid 16123 (exit status 0)
2026-01-28 03:21:54,303 INFO reaped unknown pid 16130 (exit status 0)
2026-01-28 03:21:59,405 INFO reaped unknown pid 16137 (exit status 0)
2026-01-28 03:22:03,821 INFO reaped unknown pid 16148 (exit status 0)
2026-01-28 03:22:08,928 INFO reaped unknown pid 16155 (exit status 0)
2026-01-28 03:22:14,025 INFO reaped unknown pid 16162 (exit status 0)
2026-01-28 03:22:19,037 INFO reaped unknown pid 16169 (exit status 0)
2026-01-28 03:22:24,080 INFO reaped unknown pid 16176 (exit status 0)
2026-01-28 03:22:29,119 INFO reaped unknown pid 16183 (exit status 0)
2026-01-28 03:22:35,141 INFO reaped unknown pid 16190 (exit status 0)
2026-01-28 03:22:39,184 INFO reaped unknown pid 16197 (exit status 0)
2026-01-28 03:22:44,241 INFO reaped unknown pid 16204 (exit status 0)
2026-01-28 03:22:49,257 INFO reaped unknown pid 16211 (exit status 0)
2026-01-28 03:22:54,354 INFO reaped unknown pid 16218 (exit status 0)
2026-01-28 03:22:59,383 INFO reaped unknown pid 16225 (exit status 0)
2026-01-28 03:23:03,808 INFO reaped unknown pid 16236 (exit status 0)
2026-01-28 03:23:08,858 INFO reaped unknown pid 16243 (exit status 0)
2026-01-28 03:23:13,902 INFO reaped unknown pid 16250 (exit status 0)
2026-01-28 03:23:18,996 INFO reaped unknown pid 16257 (exit status 0)
2026-01-28 03:23:24,127 INFO reaped unknown pid 16264 (exit status 0)
2026-01-28 03:23:29,200 INFO reaped unknown pid 16271 (exit status 0)
2026-01-28 03:23:35,278 INFO reaped unknown pid 16278 (exit status 0)
2026-01-28 03:23:39,330 INFO reaped unknown pid 16285 (exit status 0)
2026-01-28 03:39:17,277 INFO reaped unknown pid 16296 (exit status 0)
2026-01-28 03:39:22,338 INFO reaped unknown pid 16303 (exit status 0)
2026-01-28 03:39:27,354 INFO reaped unknown pid 16310 (exit status 0)
2026-01-28 03:39:32,359 INFO reaped unknown pid 16317 (exit status 0)
2026-01-28 03:39:37,440 INFO reaped unknown pid 16324 (exit status 0)
2026-01-28 03:40:39,209 INFO reaped unknown pid 16331 (exit status 0)
2026-01-28 03:40:43,038 INFO reaped unknown pid 16342 (exit status 0)
2026-01-28 03:40:48,100 INFO reaped unknown pid 16349 (exit status 0)
2026-01-28 03:40:53,150 INFO reaped unknown pid 16356 (exit status 0)
2026-01-28 03:40:58,189 INFO reaped unknown pid 16363 (exit status 0)
2026-01-28 03:41:03,825 INFO reaped unknown pid 16374 (exit status 0)
2026-01-28 03:41:08,861 INFO reaped unknown pid 16381 (exit status 0)
2026-01-28 03:41:13,848 INFO reaped unknown pid 16388 (exit status 0)
2026-01-28 03:41:18,853 INFO reaped unknown pid 16395 (exit status 0)
2026-01-28 03:41:23,866 INFO reaped unknown pid 16402 (exit status 0)
2026-01-28 03:41:28,906 INFO reaped unknown pid 16409 (exit status 0)
2026-01-28 03:41:33,925 INFO reaped unknown pid 16416 (exit status 0)
2026-01-28 03:41:39,379 INFO reaped unknown pid 16423 (exit status 0)
2026-01-28 03:41:44,121 INFO reaped unknown pid 16430 (exit status 0)
2026-01-28 03:41:49,338 INFO reaped unknown pid 16437 (exit status 0)
2026-01-28 03:41:54,263 INFO reaped unknown pid 16444 (exit status 0)
2026-01-28 03:42:01,026 INFO reaped unknown pid 16451 (exit status 0)
2026-01-28 03:42:04,784 INFO reaped unknown pid 16462 (exit status 0)
2026-01-28 03:58:18,705 INFO reaped unknown pid 16469 (exit status 0)
2026-01-28 03:58:22,375 INFO reaped unknown pid 16480 (exit status 0)
2026-01-28 03:58:27,397 INFO reaped unknown pid 16487 (exit status 0)
2026-01-28 03:58:32,437 INFO reaped unknown pid 16494 (exit status 0)
2026-01-28 03:58:37,497 INFO reaped unknown pid 16501 (exit status 0)
2026-01-28 03:58:42,527 INFO reaped unknown pid 16508 (exit status 0)
2026-01-28 04:01:28,751 INFO reaped unknown pid 16515 (exit status 0)
2026-01-28 04:01:30,775 INFO reaped unknown pid 16526 (exit status 0)
2026-01-28 04:01:36,821 INFO reaped unknown pid 16533 (exit status 0)
2026-01-28 04:01:40,888 INFO reaped unknown pid 16540 (exit status 0)
2026-01-28 04:01:45,969 INFO reaped unknown pid 16547 (exit status 0)
2026-01-28 04:01:51,028 INFO reaped unknown pid 16554 (exit status 0)
2026-01-28 04:01:56,110 INFO reaped unknown pid 16561 (exit status 0)
2026-01-28 04:02:01,058 INFO reaped unknown pid 16568 (exit status 0)
2026-01-28 04:02:03,773 INFO reaped unknown pid 16579 (exit status 0)
2026-01-28 04:02:08,837 INFO reaped unknown pid 16586 (exit status 0)
2026-01-28 04:02:25,694 INFO reaped unknown pid 16593 (exit status 0)
2026-01-28 04:02:28,975 INFO reaped unknown pid 16600 (exit status 0)
2026-01-28 04:02:34,006 INFO reaped unknown pid 16607 (exit status 0)
2026-01-28 04:02:39,071 INFO reaped unknown pid 16614 (exit status 0)
2026-01-28 04:02:44,481 INFO reaped unknown pid 16621 (exit status 0)
2026-01-28 04:02:49,257 INFO reaped unknown pid 16628 (exit status 0)
2026-01-28 04:02:54,497 INFO reaped unknown pid 16635 (exit status 0)
2026-01-28 04:02:59,338 INFO reaped unknown pid 16642 (exit status 0)
2026-01-28 04:03:03,822 INFO reaped unknown pid 16653 (exit status 0)
2026-01-28 04:03:08,833 INFO reaped unknown pid 16660 (exit status 0)
2026-01-28 04:03:13,886 INFO reaped unknown pid 16667 (exit status 0)
2026-01-28 04:03:18,986 INFO reaped unknown pid 16674 (exit status 0)
2026-01-28 04:03:24,020 INFO reaped unknown pid 16681 (exit status 0)
2026-01-28 04:04:40,420 INFO reaped unknown pid 16692 (exit status 0)
2026-01-28 04:04:45,440 INFO reaped unknown pid 16699 (exit status 0)
2026-01-28 04:04:50,478 INFO reaped unknown pid 16706 (exit status 0)
2026-01-28 04:04:55,539 INFO reaped unknown pid 16713 (exit status 0)
2026-01-28 04:05:00,017 INFO reaped unknown pid 16720 (exit status 0)
2026-01-28 04:05:03,759 INFO reaped unknown pid 16731 (exit status 0)
2026-01-28 04:08:05,719 INFO reaped unknown pid 16742 (exit status 0)
2026-01-28 04:08:10,816 INFO reaped unknown pid 16749 (exit status 0)
2026-01-28 04:08:15,912 INFO reaped unknown pid 16756 (exit status 0)
2026-01-28 04:08:20,913 INFO reaped unknown pid 16763 (exit status 0)
2026-01-28 04:08:25,923 INFO reaped unknown pid 16770 (exit status 0)
2026-01-28 04:08:31,018 INFO reaped unknown pid 16777 (exit status 0)
2026-01-28 04:08:36,031 INFO reaped unknown pid 16784 (exit status 0)
2026-01-28 04:08:41,059 INFO reaped unknown pid 16791 (exit status 0)
2026-01-28 04:08:46,149 INFO reaped unknown pid 16798 (exit status 0)
2026-01-28 04:08:52,251 INFO reaped unknown pid 16805 (exit status 0)
2026-01-28 04:08:56,320 INFO reaped unknown pid 16812 (exit status 0)
2026-01-28 04:09:01,128 INFO reaped unknown pid 16819 (exit status 0)
2026-01-28 04:22:39,766 INFO reaped unknown pid 16830 (exit status 0)
2026-01-28 04:22:44,853 INFO reaped unknown pid 16837 (exit status 0)
2026-01-28 04:22:49,859 INFO reaped unknown pid 16844 (exit status 0)
2026-01-28 04:22:54,954 INFO reaped unknown pid 16851 (exit status 0)
2026-01-28 04:22:59,970 INFO reaped unknown pid 16858 (exit status 0)
2026-01-28 04:23:03,700 INFO reaped unknown pid 16869 (exit status 0)
2026-01-28 04:23:08,732 INFO reaped unknown pid 16876 (exit status 0)
2026-01-28 04:23:14,778 INFO reaped unknown pid 16883 (exit status 0)
2026-01-28 04:23:18,808 INFO reaped unknown pid 16890 (exit status 0)
2026-01-28 04:23:23,909 INFO reaped unknown pid 16897 (exit status 0)
2026-01-28 04:23:28,907 INFO reaped unknown pid 16904 (exit status 0)
2026-01-28 04:23:35,946 INFO reaped unknown pid 16911 (exit status 0)
2026-01-28 04:39:41,939 INFO reaped unknown pid 16918 (exit status 0)
2026-01-28 04:39:43,959 INFO reaped unknown pid 16929 (exit status 0)
2026-01-28 04:39:49,044 INFO reaped unknown pid 16936 (exit status 0)
2026-01-28 04:39:54,045 INFO reaped unknown pid 16943 (exit status 0)
2026-01-28 04:39:59,049 INFO reaped unknown pid 16950 (exit status 0)
2026-01-28 04:40:05,396 INFO reaped unknown pid 16961 (exit status 0)
2026-01-28 04:40:09,860 INFO reaped unknown pid 16968 (exit status 0)
2026-01-28 04:47:16,226 INFO reaped unknown pid 16979 (exit status 0)
2026-01-28 04:47:21,283 INFO reaped unknown pid 16986 (exit status 0)
2026-01-28 04:47:27,375 INFO reaped unknown pid 16993 (exit status 0)
2026-01-28 04:47:31,393 INFO reaped unknown pid 17000 (exit status 0)
2026-01-28 04:47:37,468 INFO reaped unknown pid 17007 (exit status 0)
2026-01-28 04:47:41,730 INFO reaped unknown pid 17014 (exit status 0)
2026-01-28 04:47:46,481 INFO reaped unknown pid 17021 (exit status 0)
2026-01-28 04:47:51,592 INFO reaped unknown pid 17028 (exit status 0)
2026-01-28 04:47:56,696 INFO reaped unknown pid 17035 (exit status 0)
2026-01-28 04:48:01,799 INFO reaped unknown pid 17042 (exit status 0)
2026-01-28 04:48:03,821 INFO reaped unknown pid 17053 (exit status 0)
2026-01-28 04:48:08,885 INFO reaped unknown pid 17060 (exit status 0)
2026-01-28 04:48:14,225 INFO reaped unknown pid 17067 (exit status 0)
2026-01-28 04:48:19,017 INFO reaped unknown pid 17074 (exit status 0)
2026-01-28 04:48:24,042 INFO reaped unknown pid 17081 (exit status 0)
2026-01-28 04:48:29,079 INFO reaped unknown pid 17088 (exit status 0)
2026-01-28 04:48:34,093 INFO reaped unknown pid 17095 (exit status 0)
2026-01-28 04:48:39,161 INFO reaped unknown pid 17102 (exit status 0)
2026-01-28 04:48:44,180 INFO reaped unknown pid 17109 (exit status 0)
2026-01-28 04:48:49,193 INFO reaped unknown pid 17116 (exit status 0)
2026-01-28 04:48:54,340 INFO reaped unknown pid 17123 (exit status 0)
2026-01-28 04:48:59,276 INFO reaped unknown pid 17130 (exit status 0)
2026-01-28 04:49:03,767 INFO reaped unknown pid 17141 (exit status 0)
2026-01-28 04:49:08,820 INFO reaped unknown pid 17148 (exit status 0)
2026-01-28 04:49:56,357 INFO reaped unknown pid 17155 (exit status 0)
2026-01-28 04:50:03,774 INFO reaped unknown pid 17166 (exit status 0)
2026-01-28 04:50:08,804 INFO reaped unknown pid 17173 (exit status 0)
2026-01-28 04:50:13,857 INFO reaped unknown pid 17180 (exit status 0)
2026-01-28 04:50:18,949 INFO reaped unknown pid 17187 (exit status 0)
2026-01-28 04:50:23,955 INFO reaped unknown pid 17194 (exit status 0)
2026-01-28 04:50:30,579 INFO reaped unknown pid 17201 (exit status 0)
2026-01-28 04:50:35,555 INFO reaped unknown pid 17208 (exit status 0)
2026-01-28 04:50:40,813 INFO reaped unknown pid 17215 (exit status 0)
2026-01-28 04:50:45,679 INFO reaped unknown pid 17222 (exit status 0)
2026-01-28 04:50:50,793 INFO reaped unknown pid 17229 (exit status 0)
2026-01-28 04:50:55,785 INFO reaped unknown pid 17236 (exit status 0)
2026-01-28 04:51:00,040 INFO reaped unknown pid 17243 (exit status 0)
2026-01-28 04:51:03,712 INFO reaped unknown pid 17254 (exit status 0)
2026-01-28 04:51:08,751 INFO reaped unknown pid 17261 (exit status 0)
2026-01-28 04:51:13,822 INFO reaped unknown pid 17268 (exit status 0)
2026-01-28 04:51:18,900 INFO reaped unknown pid 17275 (exit status 0)
2026-01-28 04:51:23,959 INFO reaped unknown pid 17282 (exit status 0)
2026-01-28 05:06:01,474 INFO reaped unknown pid 17289 (exit status 0)
2026-01-28 05:06:05,271 INFO reaped unknown pid 17300 (exit status 0)
2026-01-28 05:06:11,294 INFO reaped unknown pid 17307 (exit status 0)
2026-01-28 05:06:15,305 INFO reaped unknown pid 17314 (exit status 0)
2026-01-28 05:06:21,396 INFO reaped unknown pid 17321 (exit status 0)
2026-01-28 05:06:25,467 INFO reaped unknown pid 17328 (exit status 0)
2026-01-28 05:06:30,545 INFO reaped unknown pid 17335 (exit status 0)
2026-01-28 05:06:35,591 INFO reaped unknown pid 17342 (exit status 0)
2026-01-28 05:06:40,636 INFO reaped unknown pid 17349 (exit status 0)
2026-01-28 05:06:45,678 INFO reaped unknown pid 17356 (exit status 0)
2026-01-28 05:06:50,674 INFO reaped unknown pid 17363 (exit status 0)
2026-01-28 05:06:55,701 INFO reaped unknown pid 17370 (exit status 0)
2026-01-28 05:07:30,297 INFO reaped unknown pid 17377 (exit status 0)
2026-01-28 05:07:32,322 INFO reaped unknown pid 17388 (exit status 0)
2026-01-28 05:07:37,569 INFO reaped unknown pid 17395 (exit status 0)
2026-01-28 05:07:42,514 INFO reaped unknown pid 17402 (exit status 0)
2026-01-28 05:07:47,865 INFO reaped unknown pid 17409 (exit status 0)
2026-01-28 05:07:52,643 INFO reaped unknown pid 17416 (exit status 0)
2026-01-28 05:07:57,782 INFO reaped unknown pid 17423 (exit status 0)
2026-01-28 05:08:04,404 INFO reaped unknown pid 17434 (exit status 0)
2026-01-28 05:08:09,433 INFO reaped unknown pid 17441 (exit status 0)
2026-01-28 05:08:14,454 INFO reaped unknown pid 17448 (exit status 0)
2026-01-28 05:08:19,488 INFO reaped unknown pid 17455 (exit status 0)
2026-01-28 05:08:24,480 INFO reaped unknown pid 17462 (exit status 0)
2026-01-28 05:08:29,528 INFO reaped unknown pid 17469 (exit status 0)
2026-01-28 05:08:34,616 INFO reaped unknown pid 17476 (exit status 0)
2026-01-28 05:08:39,676 INFO reaped unknown pid 17483 (exit status 0)
2026-01-28 05:08:44,787 INFO reaped unknown pid 17490 (exit status 0)
2026-01-28 05:08:49,879 INFO reaped unknown pid 17497 (exit status 0)
2026-01-28 05:08:54,924 INFO reaped unknown pid 17504 (exit status 0)
2026-01-28 05:09:00,013 INFO reaped unknown pid 17511 (exit status 0)
2026-01-28 05:09:03,849 INFO reaped unknown pid 17522 (exit status 0)
2026-01-28 05:09:08,882 INFO reaped unknown pid 17529 (exit status 0)
2026-01-28 05:09:13,882 INFO reaped unknown pid 17536 (exit status 0)
2026-01-28 05:09:18,898 INFO reaped unknown pid 17543 (exit status 0)
2026-01-28 05:09:23,968 INFO reaped unknown pid 17550 (exit status 0)
2026-01-28 05:09:29,043 INFO reaped unknown pid 17557 (exit status 0)
2026-01-28 05:09:34,120 INFO reaped unknown pid 17564 (exit status 0)
2026-01-28 05:09:39,128 INFO reaped unknown pid 17571 (exit status 0)
2026-01-28 05:09:44,126 INFO reaped unknown pid 17578 (exit status 0)
2026-01-28 05:09:49,133 INFO reaped unknown pid 17585 (exit status 0)
2026-01-28 05:09:54,202 INFO reaped unknown pid 17592 (exit status 0)
2026-01-28 05:09:59,273 INFO reaped unknown pid 17599 (exit status 0)
2026-01-28 05:10:27,314 INFO reaped unknown pid 17610 (exit status 0)
2026-01-28 05:10:32,408 INFO reaped unknown pid 17617 (exit status 0)
2026-01-28 05:10:37,501 INFO reaped unknown pid 17624 (exit status 0)
2026-01-28 05:10:42,521 INFO reaped unknown pid 17631 (exit status 0)
2026-01-28 05:10:47,564 INFO reaped unknown pid 17638 (exit status 0)
2026-01-28 05:10:53,697 INFO reaped unknown pid 17645 (exit status 0)
2026-01-28 05:10:57,734 INFO reaped unknown pid 17652 (exit status 0)
2026-01-28 05:11:04,031 INFO reaped unknown pid 17663 (exit status 0)
2026-01-28 05:11:09,039 INFO reaped unknown pid 17670 (exit status 0)
2026-01-28 05:11:14,043 INFO reaped unknown pid 17677 (exit status 0)
2026-01-28 05:11:19,113 INFO reaped unknown pid 17684 (exit status 0)
2026-01-28 05:11:24,120 INFO reaped unknown pid 17691 (exit status 0)
2026-01-28 05:11:29,222 INFO reaped unknown pid 17698 (exit status 0)
2026-01-28 05:11:34,313 INFO reaped unknown pid 17705 (exit status 0)
2026-01-28 05:11:40,349 INFO reaped unknown pid 17712 (exit status 0)
2026-01-28 05:11:44,446 INFO reaped unknown pid 17719 (exit status 0)
2026-01-28 05:11:49,502 INFO reaped unknown pid 17726 (exit status 0)
2026-01-28 05:14:24,123 INFO reaped unknown pid 17733 (exit status 0)
2026-01-28 05:14:26,824 INFO reaped unknown pid 17744 (exit status 0)
2026-01-28 05:14:31,842 INFO reaped unknown pid 17751 (exit status 0)
2026-01-28 05:14:36,908 INFO reaped unknown pid 17758 (exit status 0)
2026-01-28 05:14:41,934 INFO reaped unknown pid 17765 (exit status 0)
2026-01-28 05:14:46,936 INFO reaped unknown pid 17772 (exit status 0)
2026-01-28 05:14:51,974 INFO reaped unknown pid 17779 (exit status 0)
2026-01-28 05:14:58,031 INFO reaped unknown pid 17786 (exit status 0)
2026-01-28 05:15:03,813 INFO reaped unknown pid 17797 (exit status 0)
2026-01-28 05:15:08,902 INFO reaped unknown pid 17804 (exit status 0)
2026-01-28 05:15:15,958 INFO reaped unknown pid 17811 (exit status 0)
2026-01-28 05:15:19,004 INFO reaped unknown pid 17818 (exit status 0)
2026-01-28 05:15:52,395 INFO reaped unknown pid 17825 (exit status 0)
2026-01-28 05:15:58,481 INFO reaped unknown pid 17832 (exit status 0)
2026-01-28 05:16:03,787 INFO reaped unknown pid 17843 (exit status 0)
2026-01-28 05:16:08,890 INFO reaped unknown pid 17850 (exit status 0)
2026-01-28 05:16:14,231 INFO reaped unknown pid 17857 (exit status 0)
2026-01-28 05:16:19,142 INFO reaped unknown pid 17864 (exit status 0)
2026-01-28 05:21:25,542 INFO reaped unknown pid 17875 (exit status 0)
2026-01-28 05:21:30,542 INFO reaped unknown pid 17882 (exit status 0)
2026-01-28 05:21:35,592 INFO reaped unknown pid 17889 (exit status 0)
2026-01-28 05:21:40,604 INFO reaped unknown pid 17896 (exit status 0)
2026-01-28 05:21:45,701 INFO reaped unknown pid 17903 (exit status 0)
2026-01-28 05:21:50,711 INFO reaped unknown pid 17910 (exit status 0)
2026-01-28 05:21:55,730 INFO reaped unknown pid 17917 (exit status 0)
2026-01-28 05:22:01,058 INFO reaped unknown pid 17924 (exit status 0)
2026-01-28 05:22:03,864 INFO reaped unknown pid 17935 (exit status 0)
2026-01-28 05:22:08,887 INFO reaped unknown pid 17942 (exit status 0)
2026-01-28 05:22:13,956 INFO reaped unknown pid 17949 (exit status 0)
2026-01-28 05:22:18,994 INFO reaped unknown pid 17956 (exit status 0)
2026-01-28 05:39:23,326 INFO reaped unknown pid 17967 (exit status 0)
2026-01-28 05:39:28,386 INFO reaped unknown pid 17974 (exit status 0)
2026-01-28 05:39:33,419 INFO reaped unknown pid 17981 (exit status 0)
2026-01-28 05:39:38,474 INFO reaped unknown pid 17988 (exit status 0)
2026-01-28 05:39:43,510 INFO reaped unknown pid 17995 (exit status 0)
2026-01-28 05:39:48,605 INFO reaped unknown pid 18002 (exit status 0)
2026-01-28 05:51:07,960 INFO reaped unknown pid 18013 (exit status 0)
2026-01-28 05:51:12,982 INFO reaped unknown pid 18020 (exit status 0)
2026-01-28 05:51:18,366 INFO reaped unknown pid 18027 (exit status 0)
2026-01-28 05:51:23,454 INFO reaped unknown pid 18034 (exit status 0)
2026-01-28 05:51:28,489 INFO reaped unknown pid 18041 (exit status 0)
2026-01-28 05:51:33,537 INFO reaped unknown pid 18048 (exit status 0)
2026-01-28 05:51:38,545 INFO reaped unknown pid 18055 (exit status 0)
2026-01-28 05:51:43,565 INFO reaped unknown pid 18062 (exit status 0)
2026-01-28 05:51:49,649 INFO reaped unknown pid 18069 (exit status 0)
2026-01-28 05:51:55,721 INFO reaped unknown pid 18076 (exit status 0)
2026-01-28 05:51:59,796 INFO reaped unknown pid 18083 (exit status 0)
2026-01-28 05:52:03,765 INFO reaped unknown pid 18094 (exit status 0)
2026-01-28 06:03:06,152 INFO reaped unknown pid 18105 (exit status 0)
2026-01-28 06:03:11,178 INFO reaped unknown pid 18112 (exit status 0)
2026-01-28 06:03:16,209 INFO reaped unknown pid 18119 (exit status 0)
2026-01-28 06:03:21,276 INFO reaped unknown pid 18126 (exit status 0)
2026-01-28 06:03:26,339 INFO reaped unknown pid 18133 (exit status 0)
2026-01-28 06:03:31,403 INFO reaped unknown pid 18140 (exit status 0)
2026-01-28 06:03:39,350 INFO reaped unknown pid 18147 (exit status 0)
2026-01-28 06:03:44,437 INFO reaped unknown pid 18154 (exit status 0)
2026-01-28 06:03:49,470 INFO reaped unknown pid 18161 (exit status 0)
2026-01-28 06:03:54,485 INFO reaped unknown pid 18168 (exit status 0)
2026-01-28 06:03:59,520 INFO reaped unknown pid 18175 (exit status 0)
2026-01-28 06:04:03,742 INFO reaped unknown pid 18186 (exit status 0)
2026-01-28 06:04:08,979 INFO reaped unknown pid 18193 (exit status 0)
2026-01-28 06:04:13,874 INFO reaped unknown pid 18200 (exit status 0)
2026-01-28 06:04:19,010 INFO reaped unknown pid 18207 (exit status 0)
2026-01-28 06:04:24,004 INFO reaped unknown pid 18214 (exit status 0)
2026-01-28 06:04:28,981 INFO reaped unknown pid 18221 (exit status 0)
2026-01-28 06:04:33,974 INFO reaped unknown pid 18228 (exit status 0)
2026-01-28 06:04:39,539 INFO reaped unknown pid 18235 (exit status 0)
2026-01-28 06:04:44,092 INFO reaped unknown pid 18242 (exit status 0)
2026-01-28 06:04:49,124 INFO reaped unknown pid 18249 (exit status 0)
2026-01-28 06:04:54,168 INFO reaped unknown pid 18256 (exit status 0)
2026-01-28 06:05:01,102 INFO reaped unknown pid 18263 (exit status 0)
2026-01-28 06:05:03,817 INFO reaped unknown pid 18274 (exit status 0)
2026-01-28 06:05:09,006 INFO reaped unknown pid 18281 (exit status 0)
2026-01-28 06:05:14,449 INFO reaped unknown pid 18288 (exit status 0)
2026-01-28 06:05:19,111 INFO reaped unknown pid 18295 (exit status 0)
2026-01-28 06:05:24,112 INFO reaped unknown pid 18302 (exit status 0)
2026-01-28 06:05:29,118 INFO reaped unknown pid 18309 (exit status 0)
2026-01-28 06:05:34,110 INFO reaped unknown pid 18316 (exit status 0)
2026-01-28 06:07:23,990 INFO reaped unknown pid 18323 (exit status 0)
2026-01-28 06:07:26,674 INFO reaped unknown pid 18334 (exit status 0)
2026-01-28 06:07:31,769 INFO reaped unknown pid 18341 (exit status 0)
2026-01-28 06:07:36,835 INFO reaped unknown pid 18348 (exit status 0)
2026-01-28 06:07:41,796 INFO reaped unknown pid 18355 (exit status 0)
2026-01-28 06:07:46,845 INFO reaped unknown pid 18362 (exit status 0)
2026-01-28 06:07:51,909 INFO reaped unknown pid 18369 (exit status 0)
2026-01-28 06:07:57,017 INFO reaped unknown pid 18376 (exit status 0)
2026-01-28 06:08:03,866 INFO reaped unknown pid 18387 (exit status 0)
2026-01-28 06:08:08,967 INFO reaped unknown pid 18394 (exit status 0)
2026-01-28 06:08:13,949 INFO reaped unknown pid 18401 (exit status 0)
2026-01-28 06:08:18,947 INFO reaped unknown pid 18408 (exit status 0)
2026-01-28 06:08:23,993 INFO reaped unknown pid 18415 (exit status 0)
2026-01-28 06:08:29,014 INFO reaped unknown pid 18422 (exit status 0)
2026-01-28 06:08:34,090 INFO reaped unknown pid 18429 (exit status 0)
2026-01-28 06:08:39,146 INFO reaped unknown pid 18436 (exit status 0)
2026-01-28 06:08:44,190 INFO reaped unknown pid 18443 (exit status 0)
2026-01-28 06:08:49,262 INFO reaped unknown pid 18450 (exit status 0)
2026-01-28 06:10:31,168 INFO reaped unknown pid 18457 (exit status 0)
2026-01-28 06:10:33,858 INFO reaped unknown pid 18468 (exit status 0)
2026-01-28 06:10:38,876 INFO reaped unknown pid 18475 (exit status 0)
2026-01-28 06:10:43,952 INFO reaped unknown pid 18482 (exit status 0)
2026-01-28 06:10:49,037 INFO reaped unknown pid 18489 (exit status 0)
2026-01-28 06:10:54,085 INFO reaped unknown pid 18496 (exit status 0)
2026-01-28 06:10:59,153 INFO reaped unknown pid 18503 (exit status 0)
2026-01-28 06:13:36,734 INFO reaped unknown pid 18510 (exit status 0)
2026-01-28 06:13:38,767 INFO reaped unknown pid 18521 (exit status 0)
2026-01-28 06:13:43,797 INFO reaped unknown pid 18528 (exit status 0)
2026-01-28 06:13:48,848 INFO reaped unknown pid 18535 (exit status 0)
2026-01-28 06:13:55,883 INFO reaped unknown pid 18542 (exit status 0)
2026-01-28 06:13:58,904 INFO reaped unknown pid 18549 (exit status 0)
2026-01-28 06:14:03,825 INFO reaped unknown pid 18560 (exit status 0)
2026-01-28 06:14:08,899 INFO reaped unknown pid 18567 (exit status 0)
2026-01-28 06:14:13,983 INFO reaped unknown pid 18574 (exit status 0)
2026-01-28 06:14:19,062 INFO reaped unknown pid 18581 (exit status 0)
2026-01-28 06:14:24,080 INFO reaped unknown pid 18588 (exit status 0)
2026-01-28 06:14:29,122 INFO reaped unknown pid 18595 (exit status 0)
2026-01-28 06:14:34,212 INFO reaped unknown pid 18602 (exit status 0)
2026-01-28 06:14:39,300 INFO reaped unknown pid 18609 (exit status 0)
2026-01-28 06:14:44,349 INFO reaped unknown pid 18616 (exit status 0)
2026-01-28 06:14:49,386 INFO reaped unknown pid 18623 (exit status 0)
2026-01-28 06:14:54,481 INFO reaped unknown pid 18630 (exit status 0)
2026-01-28 06:14:59,538 INFO reaped unknown pid 18637 (exit status 0)
2026-01-28 06:15:03,767 INFO reaped unknown pid 18648 (exit status 0)
2026-01-28 06:15:08,781 INFO reaped unknown pid 18655 (exit status 0)
2026-01-28 06:15:14,906 INFO reaped unknown pid 18662 (exit status 0)
2026-01-28 06:15:18,940 INFO reaped unknown pid 18669 (exit status 0)
2026-01-28 06:15:23,921 INFO reaped unknown pid 18676 (exit status 0)
2026-01-28 06:15:29,004 INFO reaped unknown pid 18683 (exit status 0)
2026-01-28 06:15:34,090 INFO reaped unknown pid 18690 (exit status 0)
2026-01-28 06:27:06,530 INFO reaped unknown pid 18701 (exit status 0)
2026-01-28 06:27:11,534 INFO reaped unknown pid 18708 (exit status 0)
2026-01-28 06:27:16,618 INFO reaped unknown pid 18715 (exit status 0)
2026-01-28 06:27:21,719 INFO reaped unknown pid 18722 (exit status 0)
2026-01-28 06:27:26,781 INFO reaped unknown pid 18729 (exit status 0)
2026-01-28 06:27:31,856 INFO reaped unknown pid 18736 (exit status 0)
2026-01-28 06:28:23,640 INFO reaped unknown pid 18747 (exit status 0)
2026-01-28 06:28:28,698 INFO reaped unknown pid 18754 (exit status 0)
2026-01-28 06:28:33,698 INFO reaped unknown pid 18761 (exit status 0)
2026-01-28 06:28:38,803 INFO reaped unknown pid 18768 (exit status 0)
2026-01-28 06:28:43,863 INFO reaped unknown pid 18775 (exit status 0)
2026-01-28 06:28:48,955 INFO reaped unknown pid 18782 (exit status 0)
2026-01-28 06:28:54,033 INFO reaped unknown pid 18789 (exit status 0)
2026-01-28 06:28:59,357 INFO reaped unknown pid 18796 (exit status 0)
2026-01-28 06:29:04,470 INFO reaped unknown pid 18807 (exit status 0)
2026-01-28 06:29:09,521 INFO reaped unknown pid 18814 (exit status 0)
2026-01-28 06:29:14,559 INFO reaped unknown pid 18821 (exit status 0)
2026-01-28 06:38:26,960 INFO reaped unknown pid 18828 (exit status 0)
2026-01-28 06:38:29,732 INFO reaped unknown pid 18839 (exit status 0)
2026-01-28 06:38:34,807 INFO reaped unknown pid 18846 (exit status 0)
2026-01-28 06:38:39,843 INFO reaped unknown pid 18853 (exit status 0)
2026-01-28 06:38:44,891 INFO reaped unknown pid 18860 (exit status 0)
2026-01-28 06:38:49,970 INFO reaped unknown pid 18867 (exit status 0)
2026-01-28 06:39:02,825 INFO reaped unknown pid 18874 (exit status 0)
2026-01-28 06:39:06,568 INFO reaped unknown pid 18885 (exit status 0)
2026-01-28 06:39:11,581 INFO reaped unknown pid 18892 (exit status 0)
2026-01-28 06:39:16,649 INFO reaped unknown pid 18899 (exit status 0)
2026-01-28 06:39:21,747 INFO reaped unknown pid 18906 (exit status 0)
2026-01-28 06:39:26,763 INFO reaped unknown pid 18913 (exit status 0)
2026-01-28 06:39:31,791 INFO reaped unknown pid 18920 (exit status 0)
2026-01-28 06:39:36,800 INFO reaped unknown pid 18927 (exit status 0)
2026-01-28 06:39:41,859 INFO reaped unknown pid 18934 (exit status 0)
2026-01-28 06:39:46,903 INFO reaped unknown pid 18941 (exit status 0)
2026-01-28 06:39:51,943 INFO reaped unknown pid 18948 (exit status 0)
2026-01-28 06:39:56,952 INFO reaped unknown pid 18955 (exit status 0)
2026-01-28 06:52:47,913 INFO reaped unknown pid 18966 (exit status 0)
2026-01-28 06:52:50,548 INFO reaped unknown pid 18977 (exit status 0)
2026-01-28 06:52:55,576 INFO reaped unknown pid 18984 (exit status 0)
2026-01-28 06:53:00,026 INFO reaped unknown pid 18991 (exit status 0)
2026-01-28 06:53:03,700 INFO reaped unknown pid 19002 (exit status 0)
2026-01-28 06:53:08,734 INFO reaped unknown pid 19009 (exit status 0)
2026-01-28 06:53:14,844 INFO reaped unknown pid 19016 (exit status 0)
2026-01-28 06:53:18,906 INFO reaped unknown pid 19023 (exit status 0)
2026-01-28 06:53:24,004 INFO reaped unknown pid 19030 (exit status 0)
2026-01-28 06:53:28,995 INFO reaped unknown pid 19037 (exit status 0)
2026-01-28 06:53:34,017 INFO reaped unknown pid 19044 (exit status 0)
2026-01-28 06:53:39,051 INFO reaped unknown pid 19051 (exit status 0)
2026-01-28 06:53:44,082 INFO reaped unknown pid 19058 (exit status 0)
2026-01-28 06:54:06,096 INFO reaped unknown pid 19069 (exit status 0)
2026-01-28 06:54:11,124 INFO reaped unknown pid 19076 (exit status 0)
2026-01-28 06:54:16,166 INFO reaped unknown pid 19083 (exit status 0)
2026-01-28 06:54:21,208 INFO reaped unknown pid 19090 (exit status 0)
2026-01-28 06:54:26,479 INFO reaped unknown pid 19097 (exit status 0)
2026-01-28 06:54:31,471 INFO reaped unknown pid 19104 (exit status 0)
2026-01-28 07:03:41,860 INFO reaped unknown pid 19115 (exit status 0)
2026-01-28 07:03:46,877 INFO reaped unknown pid 19122 (exit status 0)
2026-01-28 07:03:51,975 INFO reaped unknown pid 19129 (exit status 0)
2026-01-28 07:03:56,982 INFO reaped unknown pid 19136 (exit status 0)
2026-01-28 07:04:01,794 INFO reaped unknown pid 19143 (exit status 0)
2026-01-28 07:04:03,810 INFO reaped unknown pid 19154 (exit status 0)
2026-01-28 07:04:10,172 INFO reaped unknown pid 19161 (exit status 0)
2026-01-28 07:04:13,879 INFO reaped unknown pid 19168 (exit status 0)
2026-01-28 07:04:18,985 INFO reaped unknown pid 19175 (exit status 0)
2026-01-28 07:04:24,050 INFO reaped unknown pid 19182 (exit status 0)
2026-01-28 07:04:30,125 INFO reaped unknown pid 19189 (exit status 0)
2026-01-28 07:04:34,188 INFO reaped unknown pid 19196 (exit status 0)
2026-01-28 07:04:39,272 INFO reaped unknown pid 19203 (exit status 0)
2026-01-28 07:04:44,364 INFO reaped unknown pid 19210 (exit status 0)
2026-01-28 07:04:49,440 INFO reaped unknown pid 19217 (exit status 0)
2026-01-28 07:04:54,503 INFO reaped unknown pid 19224 (exit status 0)
2026-01-28 07:04:59,525 INFO reaped unknown pid 19231 (exit status 0)
2026-01-28 07:05:03,823 INFO reaped unknown pid 19242 (exit status 0)
2026-01-28 07:05:08,924 INFO reaped unknown pid 19249 (exit status 0)
2026-01-28 07:05:13,919 INFO reaped unknown pid 19256 (exit status 0)
2026-01-28 07:05:18,926 INFO reaped unknown pid 19263 (exit status 0)
2026-01-28 07:05:23,992 INFO reaped unknown pid 19270 (exit status 0)
2026-01-28 07:05:29,024 INFO reaped unknown pid 19277 (exit status 0)
2026-01-28 07:05:34,091 INFO reaped unknown pid 19284 (exit status 0)
2026-01-28 07:05:39,095 INFO reaped unknown pid 19291 (exit status 0)
2026-01-28 07:05:44,186 INFO reaped unknown pid 19298 (exit status 0)
2026-01-28 07:05:49,181 INFO reaped unknown pid 19305 (exit status 0)
2026-01-28 07:05:54,214 INFO reaped unknown pid 19312 (exit status 0)
2026-01-28 07:05:59,305 INFO reaped unknown pid 19319 (exit status 0)
2026-01-28 07:06:03,921 INFO reaped unknown pid 19330 (exit status 0)
2026-01-28 07:06:09,021 INFO reaped unknown pid 19337 (exit status 0)
2026-01-28 07:06:14,079 INFO reaped unknown pid 19344 (exit status 0)
2026-01-28 07:06:19,100 INFO reaped unknown pid 19351 (exit status 0)
2026-01-28 07:06:24,172 INFO reaped unknown pid 19358 (exit status 0)
2026-01-28 07:06:30,166 INFO reaped unknown pid 19365 (exit status 0)
2026-01-28 07:06:35,187 INFO reaped unknown pid 19372 (exit status 0)
2026-01-28 07:06:39,241 INFO reaped unknown pid 19379 (exit status 0)
2026-01-28 07:06:44,299 INFO reaped unknown pid 19386 (exit status 0)
2026-01-28 07:06:49,306 INFO reaped unknown pid 19393 (exit status 0)
2026-01-28 07:06:54,414 INFO reaped unknown pid 19400 (exit status 0)
2026-01-28 07:06:59,436 INFO reaped unknown pid 19407 (exit status 0)
2026-01-28 07:07:03,796 INFO reaped unknown pid 19418 (exit status 0)
2026-01-28 07:07:08,914 INFO reaped unknown pid 19425 (exit status 0)
2026-01-28 07:07:13,932 INFO reaped unknown pid 19432 (exit status 0)
2026-01-28 07:07:19,016 INFO reaped unknown pid 19439 (exit status 0)
2026-01-28 07:07:24,033 INFO reaped unknown pid 19446 (exit status 0)
2026-01-28 07:07:29,108 INFO reaped unknown pid 19453 (exit status 0)
2026-01-28 07:07:34,126 INFO reaped unknown pid 19460 (exit status 0)
2026-01-28 07:07:39,222 INFO reaped unknown pid 19467 (exit status 0)
2026-01-28 07:07:44,292 INFO reaped unknown pid 19474 (exit status 0)
2026-01-28 07:07:49,317 INFO reaped unknown pid 19481 (exit status 0)
2026-01-28 07:07:54,343 INFO reaped unknown pid 19488 (exit status 0)
2026-01-28 07:07:59,443 INFO reaped unknown pid 19495 (exit status 0)
2026-01-28 07:08:03,866 INFO reaped unknown pid 19506 (exit status 0)
2026-01-28 07:08:08,873 INFO reaped unknown pid 19513 (exit status 0)
2026-01-28 07:08:13,878 INFO reaped unknown pid 19520 (exit status 0)
2026-01-28 07:08:18,951 INFO reaped unknown pid 19527 (exit status 0)
2026-01-28 07:08:24,006 INFO reaped unknown pid 19534 (exit status 0)
2026-01-28 07:08:30,073 INFO reaped unknown pid 19541 (exit status 0)
2026-01-28 07:08:34,081 INFO reaped unknown pid 19548 (exit status 0)
2026-01-28 07:08:39,159 INFO reaped unknown pid 19555 (exit status 0)
2026-01-28 07:08:44,170 INFO reaped unknown pid 19562 (exit status 0)
2026-01-28 07:08:49,233 INFO reaped unknown pid 19569 (exit status 0)
2026-01-28 07:08:54,327 INFO reaped unknown pid 19576 (exit status 0)
2026-01-28 07:08:59,418 INFO reaped unknown pid 19583 (exit status 0)
2026-01-28 07:09:03,787 INFO reaped unknown pid 19594 (exit status 0)
2026-01-28 07:09:08,854 INFO reaped unknown pid 19601 (exit status 0)
2026-01-28 07:09:13,863 INFO reaped unknown pid 19608 (exit status 0)
2026-01-28 07:09:18,957 INFO reaped unknown pid 19615 (exit status 0)
2026-01-28 07:09:23,940 INFO reaped unknown pid 19622 (exit status 0)
2026-01-28 07:09:30,074 INFO reaped unknown pid 19629 (exit status 0)
2026-01-28 07:09:34,025 INFO reaped unknown pid 19636 (exit status 0)
2026-01-28 07:09:39,101 INFO reaped unknown pid 19643 (exit status 0)
2026-01-28 07:09:44,155 INFO reaped unknown pid 19650 (exit status 0)
2026-01-28 07:09:49,150 INFO reaped unknown pid 19657 (exit status 0)
2026-01-28 07:09:54,222 INFO reaped unknown pid 19664 (exit status 0)
2026-01-28 07:09:59,271 INFO reaped unknown pid 19671 (exit status 0)
2026-01-28 07:10:03,859 INFO reaped unknown pid 19682 (exit status 0)
2026-01-28 07:10:08,939 INFO reaped unknown pid 19689 (exit status 0)
2026-01-28 07:10:13,940 INFO reaped unknown pid 19696 (exit status 0)
2026-01-28 07:10:19,996 INFO reaped unknown pid 19703 (exit status 0)
2026-01-28 07:10:24,073 INFO reaped unknown pid 19710 (exit status 0)
2026-01-28 07:10:29,105 INFO reaped unknown pid 19717 (exit status 0)
2026-01-28 07:10:34,195 INFO reaped unknown pid 19724 (exit status 0)
2026-01-28 07:10:39,295 INFO reaped unknown pid 19731 (exit status 0)
2026-01-28 07:10:44,284 INFO reaped unknown pid 19738 (exit status 0)
2026-01-28 07:10:49,356 INFO reaped unknown pid 19745 (exit status 0)
2026-01-28 07:10:54,396 INFO reaped unknown pid 19752 (exit status 0)
2026-01-28 07:10:59,503 INFO reaped unknown pid 19759 (exit status 0)
2026-01-28 07:11:03,747 INFO reaped unknown pid 19770 (exit status 0)
2026-01-28 07:11:08,757 INFO reaped unknown pid 19777 (exit status 0)
2026-01-28 07:11:13,786 INFO reaped unknown pid 19784 (exit status 0)
2026-01-28 07:11:18,896 INFO reaped unknown pid 19791 (exit status 0)
2026-01-28 07:11:23,893 INFO reaped unknown pid 19798 (exit status 0)
2026-01-28 07:11:30,974 INFO reaped unknown pid 19805 (exit status 0)
2026-01-28 07:11:34,001 INFO reaped unknown pid 19812 (exit status 0)
2026-01-28 07:11:39,094 INFO reaped unknown pid 19819 (exit status 0)
2026-01-28 07:11:44,151 INFO reaped unknown pid 19826 (exit status 0)
2026-01-28 07:11:49,161 INFO reaped unknown pid 19833 (exit status 0)
2026-01-28 07:11:54,241 INFO reaped unknown pid 19840 (exit status 0)
2026-01-28 07:11:59,333 INFO reaped unknown pid 19847 (exit status 0)
2026-01-28 07:12:03,819 INFO reaped unknown pid 19858 (exit status 0)
2026-01-28 07:12:08,907 INFO reaped unknown pid 19865 (exit status 0)
2026-01-28 07:12:13,896 INFO reaped unknown pid 19872 (exit status 0)
2026-01-28 07:12:18,984 INFO reaped unknown pid 19879 (exit status 0)
2026-01-28 07:12:24,051 INFO reaped unknown pid 19886 (exit status 0)
2026-01-28 07:12:30,148 INFO reaped unknown pid 19893 (exit status 0)
2026-01-28 07:12:34,207 INFO reaped unknown pid 19900 (exit status 0)
2026-01-28 07:12:40,300 INFO reaped unknown pid 19907 (exit status 0)
2026-01-28 07:12:44,376 INFO reaped unknown pid 19914 (exit status 0)
2026-01-28 07:12:49,446 INFO reaped unknown pid 19921 (exit status 0)
2026-01-28 07:12:54,511 INFO reaped unknown pid 19928 (exit status 0)
2026-01-28 07:12:59,591 INFO reaped unknown pid 19935 (exit status 0)
2026-01-28 07:13:03,817 INFO reaped unknown pid 19946 (exit status 0)
2026-01-28 07:13:08,882 INFO reaped unknown pid 19953 (exit status 0)
2026-01-28 07:13:13,965 INFO reaped unknown pid 19960 (exit status 0)
2026-01-28 07:13:19,085 INFO reaped unknown pid 19967 (exit status 0)
2026-01-28 07:13:24,152 INFO reaped unknown pid 19974 (exit status 0)
2026-01-28 07:13:31,154 INFO reaped unknown pid 19981 (exit status 0)
2026-01-28 07:13:34,204 INFO reaped unknown pid 19988 (exit status 0)
2026-01-28 07:13:39,271 INFO reaped unknown pid 19995 (exit status 0)
2026-01-28 07:13:44,360 INFO reaped unknown pid 20002 (exit status 0)
2026-01-28 07:13:49,436 INFO reaped unknown pid 20009 (exit status 0)
2026-01-28 07:13:54,449 INFO reaped unknown pid 20016 (exit status 0)
2026-01-28 07:13:59,495 INFO reaped unknown pid 20023 (exit status 0)
2026-01-28 07:14:03,917 INFO reaped unknown pid 20034 (exit status 0)
2026-01-28 07:14:08,927 INFO reaped unknown pid 20041 (exit status 0)
2026-01-28 07:14:13,944 INFO reaped unknown pid 20048 (exit status 0)
2026-01-28 07:14:19,008 INFO reaped unknown pid 20055 (exit status 0)
2026-01-28 07:14:24,026 INFO reaped unknown pid 20062 (exit status 0)
2026-01-28 07:14:30,094 INFO reaped unknown pid 20069 (exit status 0)
2026-01-28 07:14:34,166 INFO reaped unknown pid 20076 (exit status 0)
2026-01-28 07:14:39,227 INFO reaped unknown pid 20083 (exit status 0)
2026-01-28 07:14:44,244 INFO reaped unknown pid 20090 (exit status 0)
2026-01-28 07:14:50,292 INFO reaped unknown pid 20097 (exit status 0)
2026-01-28 07:14:54,279 INFO reaped unknown pid 20104 (exit status 0)
2026-01-28 07:15:00,080 INFO reaped unknown pid 20111 (exit status 0)
2026-01-28 07:15:04,199 INFO reaped unknown pid 20122 (exit status 0)
2026-01-28 07:15:09,192 INFO reaped unknown pid 20129 (exit status 0)
2026-01-28 07:15:14,204 INFO reaped unknown pid 20136 (exit status 0)
2026-01-28 07:15:20,278 INFO reaped unknown pid 20143 (exit status 0)
2026-01-28 07:15:24,321 INFO reaped unknown pid 20150 (exit status 0)
2026-01-28 07:15:29,355 INFO reaped unknown pid 20157 (exit status 0)
2026-01-28 07:15:34,422 INFO reaped unknown pid 20164 (exit status 0)
2026-01-28 07:15:40,427 INFO reaped unknown pid 20171 (exit status 0)
2026-01-28 07:15:44,510 INFO reaped unknown pid 20178 (exit status 0)
2026-01-28 07:15:50,603 INFO reaped unknown pid 20185 (exit status 0)
2026-01-28 07:15:54,627 INFO reaped unknown pid 20192 (exit status 0)
2026-01-28 07:16:00,025 INFO reaped unknown pid 20199 (exit status 0)
2026-01-28 07:16:03,829 INFO reaped unknown pid 20210 (exit status 0)
2026-01-28 07:16:08,855 INFO reaped unknown pid 20217 (exit status 0)
2026-01-28 07:16:13,903 INFO reaped unknown pid 20224 (exit status 0)
2026-01-28 07:16:19,016 INFO reaped unknown pid 20231 (exit status 0)
2026-01-28 07:16:24,035 INFO reaped unknown pid 20238 (exit status 0)
2026-01-28 07:16:32,058 INFO reaped unknown pid 20245 (exit status 0)
2026-01-28 07:16:34,084 INFO reaped unknown pid 20252 (exit status 0)
2026-01-28 07:16:39,138 INFO reaped unknown pid 20259 (exit status 0)
2026-01-28 07:16:44,183 INFO reaped unknown pid 20266 (exit status 0)
2026-01-28 07:16:50,253 INFO reaped unknown pid 20273 (exit status 0)
2026-01-28 07:16:54,281 INFO reaped unknown pid 20280 (exit status 0)
2026-01-28 07:16:59,350 INFO reaped unknown pid 20287 (exit status 0)
2026-01-28 07:17:04,096 INFO reaped unknown pid 20298 (exit status 0)
2026-01-28 07:17:09,127 INFO reaped unknown pid 20305 (exit status 0)
2026-01-28 07:17:14,199 INFO reaped unknown pid 20312 (exit status 0)
2026-01-28 07:17:20,270 INFO reaped unknown pid 20319 (exit status 0)
2026-01-28 07:17:24,336 INFO reaped unknown pid 20326 (exit status 0)
2026-01-28 07:17:30,439 INFO reaped unknown pid 20333 (exit status 0)
2026-01-28 07:17:34,405 INFO reaped unknown pid 20340 (exit status 0)
2026-01-28 07:17:40,471 INFO reaped unknown pid 20347 (exit status 0)
2026-01-28 07:17:44,595 INFO reaped unknown pid 20354 (exit status 0)
2026-01-28 07:17:49,555 INFO reaped unknown pid 20361 (exit status 0)
2026-01-28 07:17:54,562 INFO reaped unknown pid 20368 (exit status 0)
2026-01-28 07:17:59,570 INFO reaped unknown pid 20375 (exit status 0)
2026-01-28 07:18:04,063 INFO reaped unknown pid 20386 (exit status 0)
2026-01-28 07:18:09,122 INFO reaped unknown pid 20393 (exit status 0)
2026-01-28 07:18:14,133 INFO reaped unknown pid 20400 (exit status 0)
2026-01-28 07:18:20,207 INFO reaped unknown pid 20407 (exit status 0)
2026-01-28 07:18:24,211 INFO reaped unknown pid 20414 (exit status 0)
2026-01-28 07:18:30,295 INFO reaped unknown pid 20421 (exit status 0)
2026-01-28 07:18:34,385 INFO reaped unknown pid 20428 (exit status 0)
2026-01-28 07:18:39,398 INFO reaped unknown pid 20435 (exit status 0)
2026-01-28 07:18:44,453 INFO reaped unknown pid 20442 (exit status 0)
2026-01-28 07:18:49,468 INFO reaped unknown pid 20449 (exit status 0)
2026-01-28 07:18:54,551 INFO reaped unknown pid 20456 (exit status 0)
2026-01-28 07:19:00,052 INFO reaped unknown pid 20463 (exit status 0)
2026-01-28 07:19:03,800 INFO reaped unknown pid 20474 (exit status 0)
2026-01-28 07:19:08,865 INFO reaped unknown pid 20481 (exit status 0)
2026-01-28 07:19:13,951 INFO reaped unknown pid 20488 (exit status 0)
2026-01-28 07:19:19,055 INFO reaped unknown pid 20495 (exit status 0)
2026-01-28 07:19:24,105 INFO reaped unknown pid 20502 (exit status 0)
2026-01-28 07:19:30,232 INFO reaped unknown pid 20509 (exit status 0)
2026-01-28 07:19:34,186 INFO reaped unknown pid 20516 (exit status 0)
2026-01-28 07:19:39,293 INFO reaped unknown pid 20523 (exit status 0)
2026-01-28 07:19:45,362 INFO reaped unknown pid 20530 (exit status 0)
2026-01-28 07:19:50,420 INFO reaped unknown pid 20537 (exit status 0)
2026-01-28 07:19:54,381 INFO reaped unknown pid 20544 (exit status 0)
2026-01-28 07:20:00,030 INFO reaped unknown pid 20551 (exit status 0)
2026-01-28 07:20:03,880 INFO reaped unknown pid 20562 (exit status 0)
2026-01-28 07:20:08,913 INFO reaped unknown pid 20569 (exit status 0)
2026-01-28 07:20:14,985 INFO reaped unknown pid 20576 (exit status 0)
2026-01-28 07:20:20,087 INFO reaped unknown pid 20583 (exit status 0)
2026-01-28 07:20:24,033 INFO reaped unknown pid 20590 (exit status 0)
2026-01-28 07:20:29,156 INFO reaped unknown pid 20597 (exit status 0)
2026-01-28 07:20:34,154 INFO reaped unknown pid 20604 (exit status 0)
2026-01-28 07:20:39,178 INFO reaped unknown pid 20611 (exit status 0)
2026-01-28 07:20:44,216 INFO reaped unknown pid 20618 (exit status 0)
2026-01-28 07:20:49,279 INFO reaped unknown pid 20625 (exit status 0)
2026-01-28 07:20:54,289 INFO reaped unknown pid 20632 (exit status 0)
2026-01-28 07:20:59,342 INFO reaped unknown pid 20639 (exit status 0)
2026-01-28 07:21:03,898 INFO reaped unknown pid 20650 (exit status 0)
2026-01-28 07:21:09,034 INFO reaped unknown pid 20657 (exit status 0)
2026-01-28 07:21:13,987 INFO reaped unknown pid 20664 (exit status 0)
2026-01-28 07:21:19,099 INFO reaped unknown pid 20671 (exit status 0)
2026-01-28 07:21:24,121 INFO reaped unknown pid 20678 (exit status 0)
2026-01-28 07:21:29,234 INFO reaped unknown pid 20685 (exit status 0)
2026-01-28 07:21:34,268 INFO reaped unknown pid 20692 (exit status 0)
2026-01-28 07:21:39,340 INFO reaped unknown pid 20699 (exit status 0)
2026-01-28 07:21:44,352 INFO reaped unknown pid 20706 (exit status 0)
2026-01-28 07:21:49,367 INFO reaped unknown pid 20713 (exit status 0)
2026-01-28 07:21:54,390 INFO reaped unknown pid 20720 (exit status 0)
2026-01-28 07:22:00,106 INFO reaped unknown pid 20727 (exit status 0)
2026-01-28 07:22:03,963 INFO reaped unknown pid 20738 (exit status 0)
2026-01-28 07:22:09,013 INFO reaped unknown pid 20745 (exit status 0)
2026-01-28 07:22:14,044 INFO reaped unknown pid 20752 (exit status 0)
2026-01-28 07:22:19,096 INFO reaped unknown pid 20759 (exit status 0)
2026-01-28 07:22:24,128 INFO reaped unknown pid 20766 (exit status 0)
2026-01-28 07:22:31,208 INFO reaped unknown pid 20773 (exit status 0)
2026-01-28 07:22:34,315 INFO reaped unknown pid 20780 (exit status 0)
2026-01-28 07:22:39,336 INFO reaped unknown pid 20787 (exit status 0)
2026-01-28 07:22:44,439 INFO reaped unknown pid 20794 (exit status 0)
2026-01-28 07:22:49,496 INFO reaped unknown pid 20801 (exit status 0)
2026-01-28 07:22:54,608 INFO reaped unknown pid 20808 (exit status 0)
2026-01-28 07:22:59,610 INFO reaped unknown pid 20815 (exit status 0)
2026-01-28 07:23:04,029 INFO reaped unknown pid 20826 (exit status 0)
2026-01-28 07:23:09,135 INFO reaped unknown pid 20833 (exit status 0)
2026-01-28 07:23:14,161 INFO reaped unknown pid 20840 (exit status 0)
2026-01-28 07:23:19,222 INFO reaped unknown pid 20847 (exit status 0)
2026-01-28 07:23:24,210 INFO reaped unknown pid 20854 (exit status 0)
2026-01-28 07:23:29,300 INFO reaped unknown pid 20861 (exit status 0)
2026-01-28 07:23:34,314 INFO reaped unknown pid 20868 (exit status 0)
2026-01-28 07:23:39,332 INFO reaped unknown pid 20875 (exit status 0)
2026-01-28 07:23:44,408 INFO reaped unknown pid 20882 (exit status 0)
2026-01-28 07:23:49,468 INFO reaped unknown pid 20889 (exit status 0)
2026-01-28 07:23:54,499 INFO reaped unknown pid 20896 (exit status 0)
2026-01-28 07:23:59,625 INFO reaped unknown pid 20903 (exit status 0)
2026-01-28 07:24:03,806 INFO reaped unknown pid 20914 (exit status 0)
2026-01-28 07:24:08,823 INFO reaped unknown pid 20921 (exit status 0)
2026-01-28 07:24:13,900 INFO reaped unknown pid 20928 (exit status 0)
2026-01-28 07:24:18,956 INFO reaped unknown pid 20935 (exit status 0)
2026-01-28 07:24:23,981 INFO reaped unknown pid 20942 (exit status 0)
2026-01-28 07:24:30,972 INFO reaped unknown pid 20949 (exit status 0)
2026-01-28 07:24:34,029 INFO reaped unknown pid 20956 (exit status 0)
2026-01-28 07:24:39,054 INFO reaped unknown pid 20963 (exit status 0)
2026-01-28 07:24:44,129 INFO reaped unknown pid 20970 (exit status 0)
2026-01-28 07:24:49,244 INFO reaped unknown pid 20977 (exit status 0)
2026-01-28 07:24:54,311 INFO reaped unknown pid 20984 (exit status 0)
2026-01-28 07:24:59,384 INFO reaped unknown pid 20991 (exit status 0)
2026-01-28 07:25:03,978 INFO reaped unknown pid 21002 (exit status 0)
2026-01-28 07:25:09,031 INFO reaped unknown pid 21009 (exit status 0)
2026-01-28 07:25:14,105 INFO reaped unknown pid 21016 (exit status 0)
2026-01-28 07:25:19,165 INFO reaped unknown pid 21023 (exit status 0)
2026-01-28 07:25:24,207 INFO reaped unknown pid 21030 (exit status 0)
2026-01-28 07:25:29,260 INFO reaped unknown pid 21037 (exit status 0)
2026-01-28 07:25:34,333 INFO reaped unknown pid 21044 (exit status 0)
2026-01-28 07:25:40,398 INFO reaped unknown pid 21051 (exit status 0)
2026-01-28 07:25:44,404 INFO reaped unknown pid 21058 (exit status 0)
2026-01-28 07:25:49,500 INFO reaped unknown pid 21065 (exit status 0)
2026-01-28 07:25:54,476 INFO reaped unknown pid 21072 (exit status 0)
2026-01-28 07:26:00,062 INFO reaped unknown pid 21079 (exit status 0)
2026-01-28 07:26:03,930 INFO reaped unknown pid 21090 (exit status 0)
2026-01-28 07:26:08,966 INFO reaped unknown pid 21097 (exit status 0)
2026-01-28 07:26:14,039 INFO reaped unknown pid 21104 (exit status 0)
2026-01-28 07:26:19,076 INFO reaped unknown pid 21111 (exit status 0)
2026-01-28 07:26:24,091 INFO reaped unknown pid 21118 (exit status 0)
2026-01-28 07:26:29,167 INFO reaped unknown pid 21125 (exit status 0)
2026-01-28 07:26:34,151 INFO reaped unknown pid 21132 (exit status 0)
2026-01-28 07:26:40,206 INFO reaped unknown pid 21139 (exit status 0)
2026-01-28 07:26:44,284 INFO reaped unknown pid 21146 (exit status 0)
2026-01-28 07:26:49,373 INFO reaped unknown pid 21153 (exit status 0)
2026-01-28 07:26:54,382 INFO reaped unknown pid 21160 (exit status 0)
2026-01-28 07:26:59,471 INFO reaped unknown pid 21167 (exit status 0)
2026-01-28 07:27:04,035 INFO reaped unknown pid 21178 (exit status 0)
2026-01-28 07:27:09,031 INFO reaped unknown pid 21185 (exit status 0)
2026-01-28 07:27:14,105 INFO reaped unknown pid 21192 (exit status 0)
2026-01-28 07:27:19,134 INFO reaped unknown pid 21199 (exit status 0)
2026-01-28 07:27:24,147 INFO reaped unknown pid 21206 (exit status 0)
2026-01-28 07:27:31,249 INFO reaped unknown pid 21213 (exit status 0)
2026-01-28 07:27:34,196 INFO reaped unknown pid 21220 (exit status 0)
2026-01-28 07:27:39,256 INFO reaped unknown pid 21227 (exit status 0)
2026-01-28 07:27:44,327 INFO reaped unknown pid 21234 (exit status 0)
2026-01-28 07:27:49,358 INFO reaped unknown pid 21241 (exit status 0)
2026-01-28 07:27:54,403 INFO reaped unknown pid 21248 (exit status 0)
2026-01-28 07:27:59,472 INFO reaped unknown pid 21255 (exit status 0)
2026-01-28 07:28:03,898 INFO reaped unknown pid 21266 (exit status 0)
2026-01-28 07:28:08,990 INFO reaped unknown pid 21273 (exit status 0)
2026-01-28 07:28:14,062 INFO reaped unknown pid 21280 (exit status 0)
2026-01-28 07:28:19,130 INFO reaped unknown pid 21287 (exit status 0)
2026-01-28 07:28:24,203 INFO reaped unknown pid 21294 (exit status 0)
2026-01-28 07:28:32,211 INFO reaped unknown pid 21301 (exit status 0)
2026-01-28 07:28:34,220 INFO reaped unknown pid 21308 (exit status 0)
2026-01-28 07:28:39,296 INFO reaped unknown pid 21315 (exit status 0)
2026-01-28 07:28:44,375 INFO reaped unknown pid 21322 (exit status 0)
2026-01-28 07:28:49,431 INFO reaped unknown pid 21329 (exit status 0)
2026-01-28 07:28:54,466 INFO reaped unknown pid 21336 (exit status 0)
2026-01-28 07:29:00,080 INFO reaped unknown pid 21343 (exit status 0)
2026-01-28 07:29:03,851 INFO reaped unknown pid 21354 (exit status 0)
2026-01-28 07:29:08,897 INFO reaped unknown pid 21361 (exit status 0)
2026-01-28 07:29:13,941 INFO reaped unknown pid 21368 (exit status 0)
2026-01-28 07:29:19,011 INFO reaped unknown pid 21375 (exit status 0)
2026-01-28 07:29:24,161 INFO reaped unknown pid 21382 (exit status 0)
2026-01-28 07:29:30,086 INFO reaped unknown pid 21389 (exit status 0)
2026-01-28 07:29:34,147 INFO reaped unknown pid 21396 (exit status 0)
2026-01-28 07:29:39,237 INFO reaped unknown pid 21403 (exit status 0)
2026-01-28 07:29:44,248 INFO reaped unknown pid 21410 (exit status 0)
2026-01-28 07:29:49,368 INFO reaped unknown pid 21417 (exit status 0)
2026-01-28 07:29:54,400 INFO reaped unknown pid 21424 (exit status 0)
2026-01-28 07:29:59,439 INFO reaped unknown pid 21431 (exit status 0)
2026-01-28 07:30:05,241 INFO reaped unknown pid 21442 (exit status 0)
2026-01-28 07:30:09,376 INFO reaped unknown pid 21449 (exit status 0)
2026-01-28 07:30:14,385 INFO reaped unknown pid 21456 (exit status 0)
2026-01-28 07:30:19,415 INFO reaped unknown pid 21463 (exit status 0)
2026-01-28 07:30:24,524 INFO reaped unknown pid 21470 (exit status 0)
2026-01-28 07:30:29,573 INFO reaped unknown pid 21477 (exit status 0)
2026-01-28 07:30:34,668 INFO reaped unknown pid 21484 (exit status 0)
2026-01-28 07:30:40,768 INFO reaped unknown pid 21491 (exit status 0)
2026-01-28 07:30:44,759 INFO reaped unknown pid 21498 (exit status 0)
2026-01-28 07:30:49,845 INFO reaped unknown pid 21505 (exit status 0)
2026-01-28 07:30:54,943 INFO reaped unknown pid 21512 (exit status 0)
2026-01-28 07:31:01,086 INFO reaped unknown pid 21519 (exit status 0)
2026-01-28 07:31:03,978 INFO reaped unknown pid 21530 (exit status 0)
2026-01-28 07:31:09,068 INFO reaped unknown pid 21537 (exit status 0)
2026-01-28 07:31:14,189 INFO reaped unknown pid 21544 (exit status 0)
2026-01-28 07:31:19,263 INFO reaped unknown pid 21551 (exit status 0)
2026-01-28 07:31:24,338 INFO reaped unknown pid 21558 (exit status 0)
2026-01-28 07:31:30,398 INFO reaped unknown pid 21565 (exit status 0)
2026-01-28 07:31:34,468 INFO reaped unknown pid 21572 (exit status 0)
2026-01-28 07:31:39,520 INFO reaped unknown pid 21579 (exit status 0)
2026-01-28 07:31:44,548 INFO reaped unknown pid 21586 (exit status 0)
2026-01-28 07:31:49,608 INFO reaped unknown pid 21593 (exit status 0)
2026-01-28 07:31:54,626 INFO reaped unknown pid 21600 (exit status 0)
2026-01-28 07:31:59,707 INFO reaped unknown pid 21607 (exit status 0)
2026-01-28 07:32:04,024 INFO reaped unknown pid 21618 (exit status 0)
2026-01-28 07:32:09,118 INFO reaped unknown pid 21625 (exit status 0)
2026-01-28 07:32:14,136 INFO reaped unknown pid 21632 (exit status 0)
2026-01-28 07:32:19,227 INFO reaped unknown pid 21639 (exit status 0)
2026-01-28 07:32:24,344 INFO reaped unknown pid 21646 (exit status 0)
2026-01-28 07:32:29,393 INFO reaped unknown pid 21653 (exit status 0)
2026-01-28 07:32:34,416 INFO reaped unknown pid 21660 (exit status 0)
2026-01-28 07:32:40,523 INFO reaped unknown pid 21667 (exit status 0)
2026-01-28 07:32:44,587 INFO reaped unknown pid 21674 (exit status 0)
2026-01-28 07:32:49,660 INFO reaped unknown pid 21681 (exit status 0)
2026-01-28 07:32:54,736 INFO reaped unknown pid 21688 (exit status 0)
2026-01-28 07:32:59,811 INFO reaped unknown pid 21695 (exit status 0)
2026-01-28 07:33:03,863 INFO reaped unknown pid 21706 (exit status 0)
2026-01-28 07:33:08,920 INFO reaped unknown pid 21713 (exit status 0)
2026-01-28 07:33:13,978 INFO reaped unknown pid 21720 (exit status 0)
2026-01-28 07:33:19,037 INFO reaped unknown pid 21727 (exit status 0)
2026-01-28 07:33:24,131 INFO reaped unknown pid 21734 (exit status 0)
2026-01-28 07:33:32,166 INFO reaped unknown pid 21741 (exit status 0)
2026-01-28 07:33:34,200 INFO reaped unknown pid 21748 (exit status 0)
2026-01-28 07:33:39,251 INFO reaped unknown pid 21755 (exit status 0)
2026-01-28 07:33:44,279 INFO reaped unknown pid 21762 (exit status 0)
2026-01-28 07:33:49,375 INFO reaped unknown pid 21769 (exit status 0)
2026-01-28 07:33:54,423 INFO reaped unknown pid 21776 (exit status 0)
2026-01-28 07:33:59,412 INFO reaped unknown pid 21783 (exit status 0)
2026-01-28 07:34:03,868 INFO reaped unknown pid 21794 (exit status 0)
2026-01-28 07:34:08,931 INFO reaped unknown pid 21801 (exit status 0)
2026-01-28 07:34:14,032 INFO reaped unknown pid 21808 (exit status 0)
2026-01-28 07:34:19,040 INFO reaped unknown pid 21815 (exit status 0)
2026-01-28 07:34:24,100 INFO reaped unknown pid 21822 (exit status 0)
2026-01-28 07:34:29,192 INFO reaped unknown pid 21829 (exit status 0)
2026-01-28 07:34:34,279 INFO reaped unknown pid 21836 (exit status 0)
2026-01-28 07:34:39,347 INFO reaped unknown pid 21843 (exit status 0)
2026-01-28 07:34:44,430 INFO reaped unknown pid 21850 (exit status 0)
2026-01-28 07:34:49,512 INFO reaped unknown pid 21857 (exit status 0)
2026-01-28 07:34:54,570 INFO reaped unknown pid 21864 (exit status 0)
2026-01-28 07:34:59,642 INFO reaped unknown pid 21871 (exit status 0)
2026-01-28 07:35:03,875 INFO reaped unknown pid 21882 (exit status 0)
2026-01-28 07:35:08,895 INFO reaped unknown pid 21889 (exit status 0)
2026-01-28 07:35:13,976 INFO reaped unknown pid 21896 (exit status 0)
2026-01-28 07:35:19,072 INFO reaped unknown pid 21903 (exit status 0)
2026-01-28 07:35:24,084 INFO reaped unknown pid 21910 (exit status 0)
2026-01-28 07:35:29,150 INFO reaped unknown pid 21917 (exit status 0)
2026-01-28 07:35:34,180 INFO reaped unknown pid 21924 (exit status 0)
2026-01-28 07:35:39,275 INFO reaped unknown pid 21931 (exit status 0)
2026-01-28 07:35:44,328 INFO reaped unknown pid 21938 (exit status 0)
2026-01-28 07:35:49,347 INFO reaped unknown pid 21945 (exit status 0)
2026-01-28 07:35:54,352 INFO reaped unknown pid 21952 (exit status 0)
2026-01-28 07:35:59,497 INFO reaped unknown pid 21959 (exit status 0)
2026-01-28 07:36:03,934 INFO reaped unknown pid 21970 (exit status 0)
2026-01-28 07:36:08,956 INFO reaped unknown pid 21977 (exit status 0)
2026-01-28 07:36:13,996 INFO reaped unknown pid 21984 (exit status 0)
2026-01-28 07:36:19,019 INFO reaped unknown pid 21991 (exit status 0)
2026-01-28 07:36:24,090 INFO reaped unknown pid 21998 (exit status 0)
2026-01-28 07:36:29,183 INFO reaped unknown pid 22005 (exit status 0)
2026-01-28 07:36:34,228 INFO reaped unknown pid 22012 (exit status 0)
2026-01-28 07:36:39,293 INFO reaped unknown pid 22019 (exit status 0)
2026-01-28 07:36:44,355 INFO reaped unknown pid 22026 (exit status 0)
2026-01-28 07:36:49,455 INFO reaped unknown pid 22033 (exit status 0)
2026-01-28 07:36:54,548 INFO reaped unknown pid 22040 (exit status 0)
2026-01-28 07:37:01,084 INFO reaped unknown pid 22047 (exit status 0)
2026-01-28 07:37:04,144 INFO reaped unknown pid 22058 (exit status 0)
2026-01-28 07:37:09,201 INFO reaped unknown pid 22065 (exit status 0)
2026-01-28 07:37:14,327 INFO reaped unknown pid 22072 (exit status 0)
2026-01-28 07:37:20,456 INFO reaped unknown pid 22079 (exit status 0)
2026-01-28 07:37:24,424 INFO reaped unknown pid 22086 (exit status 0)
2026-01-28 07:37:31,540 INFO reaped unknown pid 22093 (exit status 0)
2026-01-28 07:37:34,599 INFO reaped unknown pid 22100 (exit status 0)
2026-01-28 07:37:39,636 INFO reaped unknown pid 22107 (exit status 0)
2026-01-28 07:37:44,696 INFO reaped unknown pid 22114 (exit status 0)
2026-01-28 07:37:49,715 INFO reaped unknown pid 22121 (exit status 0)
2026-01-28 07:37:54,752 INFO reaped unknown pid 22128 (exit status 0)
2026-01-28 07:37:59,800 INFO reaped unknown pid 22135 (exit status 0)
2026-01-28 07:38:03,892 INFO reaped unknown pid 22146 (exit status 0)
2026-01-28 07:38:08,971 INFO reaped unknown pid 22153 (exit status 0)
2026-01-28 07:38:14,062 INFO reaped unknown pid 22160 (exit status 0)
2026-01-28 07:38:19,115 INFO reaped unknown pid 22167 (exit status 0)
2026-01-28 07:38:24,206 INFO reaped unknown pid 22174 (exit status 0)
2026-01-28 07:38:29,215 INFO reaped unknown pid 22181 (exit status 0)
2026-01-28 07:38:34,283 INFO reaped unknown pid 22188 (exit status 0)
2026-01-28 07:38:39,358 INFO reaped unknown pid 22195 (exit status 0)
2026-01-28 07:38:44,449 INFO reaped unknown pid 22202 (exit status 0)
2026-01-28 07:38:50,612 INFO reaped unknown pid 22209 (exit status 0)
2026-01-28 07:38:54,594 INFO reaped unknown pid 22216 (exit status 0)
2026-01-28 07:38:59,658 INFO reaped unknown pid 22223 (exit status 0)
2026-01-28 07:39:03,918 INFO reaped unknown pid 22234 (exit status 0)
2026-01-28 07:39:08,920 INFO reaped unknown pid 22241 (exit status 0)
2026-01-28 07:39:13,964 INFO reaped unknown pid 22248 (exit status 0)
2026-01-28 07:39:19,052 INFO reaped unknown pid 22255 (exit status 0)
2026-01-28 07:39:24,143 INFO reaped unknown pid 22262 (exit status 0)
2026-01-28 07:39:29,224 INFO reaped unknown pid 22269 (exit status 0)
2026-01-28 07:39:34,332 INFO reaped unknown pid 22276 (exit status 0)
2026-01-28 07:39:39,432 INFO reaped unknown pid 22283 (exit status 0)
2026-01-28 07:39:44,466 INFO reaped unknown pid 22290 (exit status 0)
2026-01-28 07:39:49,543 INFO reaped unknown pid 22297 (exit status 0)
2026-01-28 07:39:54,643 INFO reaped unknown pid 22304 (exit status 0)
2026-01-28 07:39:59,717 INFO reaped unknown pid 22311 (exit status 0)
2026-01-28 07:40:03,993 INFO reaped unknown pid 22322 (exit status 0)
2026-01-28 07:40:09,094 INFO reaped unknown pid 22329 (exit status 0)
2026-01-28 07:40:14,122 INFO reaped unknown pid 22336 (exit status 0)
2026-01-28 07:40:19,179 INFO reaped unknown pid 22343 (exit status 0)
2026-01-28 07:40:24,246 INFO reaped unknown pid 22350 (exit status 0)
2026-01-28 07:40:31,276 INFO reaped unknown pid 22357 (exit status 0)
2026-01-28 07:40:34,330 INFO reaped unknown pid 22364 (exit status 0)
2026-01-28 07:40:39,414 INFO reaped unknown pid 22371 (exit status 0)
2026-01-28 07:40:44,441 INFO reaped unknown pid 22378 (exit status 0)
2026-01-28 07:40:49,508 INFO reaped unknown pid 22385 (exit status 0)
2026-01-28 07:40:54,589 INFO reaped unknown pid 22392 (exit status 0)
2026-01-28 07:40:59,679 INFO reaped unknown pid 22399 (exit status 0)
2026-01-28 07:41:03,864 INFO reaped unknown pid 22410 (exit status 0)
2026-01-28 07:41:08,936 INFO reaped unknown pid 22417 (exit status 0)
2026-01-28 07:41:14,007 INFO reaped unknown pid 22424 (exit status 0)
2026-01-28 07:41:19,041 INFO reaped unknown pid 22431 (exit status 0)
2026-01-28 07:41:24,111 INFO reaped unknown pid 22438 (exit status 0)
2026-01-28 07:41:29,190 INFO reaped unknown pid 22445 (exit status 0)
2026-01-28 07:41:34,304 INFO reaped unknown pid 22452 (exit status 0)
2026-01-28 07:41:39,339 INFO reaped unknown pid 22459 (exit status 0)
2026-01-28 07:41:44,432 INFO reaped unknown pid 22466 (exit status 0)
2026-01-28 07:41:49,466 INFO reaped unknown pid 22473 (exit status 0)
2026-01-28 07:41:54,484 INFO reaped unknown pid 22480 (exit status 0)
2026-01-28 07:41:59,549 INFO reaped unknown pid 22487 (exit status 0)
2026-01-28 07:42:03,875 INFO reaped unknown pid 22498 (exit status 0)
2026-01-28 07:42:08,956 INFO reaped unknown pid 22505 (exit status 0)
2026-01-28 07:42:14,049 INFO reaped unknown pid 22512 (exit status 0)
2026-01-28 07:42:19,110 INFO reaped unknown pid 22519 (exit status 0)
2026-01-28 07:42:24,180 INFO reaped unknown pid 22526 (exit status 0)
2026-01-28 07:42:30,195 INFO reaped unknown pid 22533 (exit status 0)
2026-01-28 07:42:34,202 INFO reaped unknown pid 22540 (exit status 0)
2026-01-28 07:42:39,241 INFO reaped unknown pid 22547 (exit status 0)
2026-01-28 07:42:44,345 INFO reaped unknown pid 22554 (exit status 0)
2026-01-28 07:42:49,427 INFO reaped unknown pid 22561 (exit status 0)
2026-01-28 07:42:54,441 INFO reaped unknown pid 22568 (exit status 0)
2026-01-28 07:42:59,537 INFO reaped unknown pid 22575 (exit status 0)
2026-01-28 07:43:03,876 INFO reaped unknown pid 22586 (exit status 0)
2026-01-28 07:43:08,967 INFO reaped unknown pid 22593 (exit status 0)
2026-01-28 07:43:13,994 INFO reaped unknown pid 22600 (exit status 0)
2026-01-28 07:43:19,056 INFO reaped unknown pid 22607 (exit status 0)
2026-01-28 07:43:24,158 INFO reaped unknown pid 22614 (exit status 0)
2026-01-28 07:43:29,221 INFO reaped unknown pid 22621 (exit status 0)
2026-01-28 07:43:34,303 INFO reaped unknown pid 22628 (exit status 0)
2026-01-28 07:43:39,397 INFO reaped unknown pid 22635 (exit status 0)
2026-01-28 07:43:44,387 INFO reaped unknown pid 22642 (exit status 0)
2026-01-28 07:43:49,438 INFO reaped unknown pid 22649 (exit status 0)
2026-01-28 07:43:54,519 INFO reaped unknown pid 22656 (exit status 0)
2026-01-28 07:43:59,615 INFO reaped unknown pid 22663 (exit status 0)
2026-01-28 07:44:07,236 INFO reaped unknown pid 22674 (exit status 0)
2026-01-28 07:44:11,780 INFO reaped unknown pid 22681 (exit status 0)
2026-01-28 07:44:16,367 INFO reaped unknown pid 22688 (exit status 0)
2026-01-28 07:44:22,855 INFO reaped unknown pid 22695 (exit status 0)
2026-01-28 07:44:26,544 INFO reaped unknown pid 22702 (exit status 0)
2026-01-28 07:44:32,820 INFO reaped unknown pid 22709 (exit status 0)
2026-01-28 07:44:36,771 INFO reaped unknown pid 22716 (exit status 0)
2026-01-28 07:44:42,864 INFO reaped unknown pid 22723 (exit status 0)
2026-01-28 07:44:46,939 INFO reaped unknown pid 22730 (exit status 0)
2026-01-28 07:44:51,980 INFO reaped unknown pid 22737 (exit status 0)
2026-01-28 07:44:57,004 INFO reaped unknown pid 22744 (exit status 0)
2026-01-28 07:45:05,027 INFO reaped unknown pid 22755 (exit status 0)
2026-01-28 07:45:53,864 INFO reaped unknown pid 22762 (exit status 0)
2026-01-28 07:46:00,023 INFO reaped unknown pid 22769 (exit status 0)
2026-01-28 07:46:03,801 INFO reaped unknown pid 22780 (exit status 0)
2026-01-28 07:46:08,879 INFO reaped unknown pid 22787 (exit status 0)
2026-01-28 07:46:14,929 INFO reaped unknown pid 22794 (exit status 0)
2026-01-28 07:46:18,957 INFO reaped unknown pid 22801 (exit status 0)
2026-01-28 07:46:25,067 INFO reaped unknown pid 22808 (exit status 0)
2026-01-28 07:46:30,085 INFO reaped unknown pid 22815 (exit status 0)
2026-01-28 07:46:34,122 INFO reaped unknown pid 22822 (exit status 0)
2026-01-28 07:46:40,199 INFO reaped unknown pid 22829 (exit status 0)
2026-01-28 07:46:44,236 INFO reaped unknown pid 22836 (exit status 0)
2026-01-28 07:46:50,334 INFO reaped unknown pid 22843 (exit status 0)
2026-01-28 07:48:02,814 INFO reaped unknown pid 22850 (exit status 0)
2026-01-28 07:48:05,605 INFO reaped unknown pid 22861 (exit status 0)
2026-01-28 07:48:11,624 INFO reaped unknown pid 22868 (exit status 0)
2026-01-28 07:48:15,636 INFO reaped unknown pid 22875 (exit status 0)
2026-01-28 07:48:20,739 INFO reaped unknown pid 22882 (exit status 0)
2026-01-28 07:48:26,952 INFO reaped unknown pid 22889 (exit status 0)
2026-01-28 07:48:30,842 INFO reaped unknown pid 22896 (exit status 0)
2026-01-28 08:04:43,835 INFO reaped unknown pid 22907 (exit status 0)
2026-01-28 08:04:45,857 INFO reaped unknown pid 22914 (exit status 0)
2026-01-28 08:04:50,856 INFO reaped unknown pid 22921 (exit status 0)
2026-01-28 08:04:55,863 INFO reaped unknown pid 22928 (exit status 0)
2026-01-28 08:05:01,006 INFO reaped unknown pid 22935 (exit status 0)
2026-01-28 08:05:03,805 INFO reaped unknown pid 22946 (exit status 0)
2026-01-28 08:05:10,057 INFO reaped unknown pid 22953 (exit status 0)
2026-01-28 08:05:14,826 INFO reaped unknown pid 22960 (exit status 0)
2026-01-28 08:05:18,908 INFO reaped unknown pid 22967 (exit status 0)
2026-01-28 08:05:25,997 INFO reaped unknown pid 22974 (exit status 0)
2026-01-28 08:05:29,081 INFO reaped unknown pid 22981 (exit status 0)
2026-01-28 08:13:57,520 INFO reaped unknown pid 22988 (exit status 0)
2026-01-28 08:14:01,097 INFO reaped unknown pid 22999 (exit status 0)
2026-01-28 08:14:03,854 INFO reaped unknown pid 23010 (exit status 0)
2026-01-28 08:14:08,877 INFO reaped unknown pid 23017 (exit status 0)
2026-01-28 08:14:13,940 INFO reaped unknown pid 23024 (exit status 0)
2026-01-28 08:14:19,017 INFO reaped unknown pid 23031 (exit status 0)
2026-01-28 08:14:25,090 INFO reaped unknown pid 23038 (exit status 0)
2026-01-28 09:45:24,704 INFO reaped unknown pid 23049 (exit status 0)
2026-01-28 09:45:30,644 INFO reaped unknown pid 23056 (exit status 0)
2026-01-28 09:45:37,776 INFO reaped unknown pid 23063 (exit status 0)
2026-01-28 09:45:46,901 INFO reaped unknown pid 23070 (exit status 0)
2026-01-28 09:45:48,911 INFO reaped unknown pid 23077 (exit status 0)
2026-01-28 09:45:57,016 INFO reaped unknown pid 23084 (exit status 0)
2026-01-28 10:46:22,082 INFO reaped unknown pid 23091 (exit status 0)
2026-01-28 10:46:28,901 INFO reaped unknown pid 23102 (exit status 0)
2026-01-28 10:46:35,931 INFO reaped unknown pid 23109 (exit status 0)
2026-01-28 10:46:42,952 INFO reaped unknown pid 23116 (exit status 0)
2026-01-28 11:45:45,010 INFO reaped unknown pid 23123 (exit status 0)
2026-01-28 11:45:50,124 INFO reaped unknown pid 23134 (exit status 0)
2026-01-28 11:45:57,159 INFO reaped unknown pid 23141 (exit status 0)
2026-01-28 11:46:00,077 INFO reaped unknown pid 23148 (exit status 0)
2026-01-28 11:46:07,425 INFO reaped unknown pid 23159 (exit status 0)
2026-01-28 11:46:10,439 INFO reaped unknown pid 23166 (exit status 0)
2026-01-28 11:46:14,537 INFO reaped unknown pid 23173 (exit status 0)
2026-01-28 11:46:19,605 INFO reaped unknown pid 23180 (exit status 0)
2026-01-28 11:46:24,691 INFO reaped unknown pid 23187 (exit status 0)
2026-01-28 11:46:29,763 INFO reaped unknown pid 23194 (exit status 0)
2026-01-28 11:46:37,808 INFO reaped unknown pid 23201 (exit status 0)
2026-01-28 12:06:19,813 INFO reaped unknown pid 23208 (exit status 0)
2026-01-28 12:06:23,223 INFO reaped unknown pid 23219 (exit status 0)
2026-01-28 12:06:28,268 INFO reaped unknown pid 23226 (exit status 0)
2026-01-28 12:06:32,295 INFO reaped unknown pid 23233 (exit status 0)
2026-01-28 12:06:38,408 INFO reaped unknown pid 23240 (exit status 0)
2026-01-28 12:06:42,421 INFO reaped unknown pid 23247 (exit status 0)
2026-01-28 12:06:47,511 INFO reaped unknown pid 23254 (exit status 0)
2026-01-28 12:07:01,570 INFO reaped unknown pid 23261 (exit status 0)
2026-01-28 12:07:06,433 INFO reaped unknown pid 23272 (exit status 0)
2026-01-28 12:07:11,212 INFO reaped unknown pid 23279 (exit status 0)
2026-01-28 12:07:15,218 INFO reaped unknown pid 23286 (exit status 0)
2026-01-28 12:07:44,957 INFO reaped unknown pid 23293 (exit status 0)
2026-01-28 12:07:49,834 INFO reaped unknown pid 23300 (exit status 0)
2026-01-28 12:07:54,930 INFO reaped unknown pid 23307 (exit status 0)
2026-01-28 12:07:59,039 INFO reaped unknown pid 23314 (exit status 0)
2026-01-28 12:08:08,212 INFO reaped unknown pid 23325 (exit status 0)
2026-01-28 12:10:27,392 INFO reaped unknown pid 23336 (exit status 0)
2026-01-28 12:10:32,399 INFO reaped unknown pid 23343 (exit status 0)
2026-01-28 12:10:37,505 INFO reaped unknown pid 23350 (exit status 0)
2026-01-28 12:10:42,573 INFO reaped unknown pid 23357 (exit status 0)
2026-01-28 12:10:47,672 INFO reaped unknown pid 23364 (exit status 0)
2026-01-28 12:10:52,676 INFO reaped unknown pid 23371 (exit status 0)
2026-01-28 12:10:57,738 INFO reaped unknown pid 23378 (exit status 0)
2026-01-28 12:11:03,912 INFO reaped unknown pid 23389 (exit status 0)
2026-01-28 12:11:09,979 INFO reaped unknown pid 23396 (exit status 0)
2026-01-28 12:11:14,043 INFO reaped unknown pid 23403 (exit status 0)
2026-01-28 12:11:19,091 INFO reaped unknown pid 23410 (exit status 0)
2026-01-28 12:15:44,357 INFO reaped unknown pid 23417 (exit status 0)
2026-01-28 12:15:47,667 INFO reaped unknown pid 23428 (exit status 0)
2026-01-28 12:15:52,743 INFO reaped unknown pid 23435 (exit status 0)
2026-01-28 12:15:57,777 INFO reaped unknown pid 23442 (exit status 0)
2026-01-28 12:16:03,883 INFO reaped unknown pid 23453 (exit status 0)
2026-01-28 12:16:08,971 INFO reaped unknown pid 23460 (exit status 0)
2026-01-28 12:16:15,977 INFO reaped unknown pid 23467 (exit status 0)
2026-01-28 12:16:19,014 INFO reaped unknown pid 23474 (exit status 0)
2026-01-28 12:16:24,140 INFO reaped unknown pid 23481 (exit status 0)
2026-01-28 12:16:29,099 INFO reaped unknown pid 23488 (exit status 0)
2026-01-28 12:16:35,247 INFO reaped unknown pid 23495 (exit status 0)
2026-01-28 12:16:39,285 INFO reaped unknown pid 23502 (exit status 0)
2026-01-28 12:16:47,878 INFO reaped unknown pid 23509 (exit status 0)
2026-01-28 12:16:55,472 INFO reaped unknown pid 23516 (exit status 0)
2026-01-28 12:16:59,526 INFO reaped unknown pid 23523 (exit status 0)
2026-01-28 12:17:03,963 INFO reaped unknown pid 23534 (exit status 0)
2026-01-28 12:17:09,057 INFO reaped unknown pid 23541 (exit status 0)
2026-01-28 12:17:14,142 INFO reaped unknown pid 23548 (exit status 0)
2026-01-28 12:17:19,151 INFO reaped unknown pid 23555 (exit status 0)
2026-01-28 12:17:24,165 INFO reaped unknown pid 23562 (exit status 0)
2026-01-28 12:17:29,215 INFO reaped unknown pid 23569 (exit status 0)
2026-01-28 12:17:34,250 INFO reaped unknown pid 23576 (exit status 0)
2026-01-28 12:17:39,300 INFO reaped unknown pid 23583 (exit status 0)
2026-01-28 12:17:44,318 INFO reaped unknown pid 23590 (exit status 0)
2026-01-28 12:17:49,401 INFO reaped unknown pid 23597 (exit status 0)
2026-01-28 12:17:54,474 INFO reaped unknown pid 23604 (exit status 0)
2026-01-28 12:17:59,556 INFO reaped unknown pid 23611 (exit status 0)
2026-01-28 12:18:03,808 INFO reaped unknown pid 23622 (exit status 0)
2026-01-28 12:18:08,901 INFO reaped unknown pid 23629 (exit status 0)
2026-01-28 12:18:14,949 INFO reaped unknown pid 23636 (exit status 0)
2026-01-28 12:18:18,950 INFO reaped unknown pid 23643 (exit status 0)
2026-01-28 12:18:24,024 INFO reaped unknown pid 23650 (exit status 0)
2026-01-28 12:18:29,067 INFO reaped unknown pid 23657 (exit status 0)
2026-01-28 12:18:34,112 INFO reaped unknown pid 23664 (exit status 0)
2026-01-28 12:18:39,211 INFO reaped unknown pid 23671 (exit status 0)
2026-01-28 12:18:44,278 INFO reaped unknown pid 23678 (exit status 0)
2026-01-28 12:18:49,358 INFO reaped unknown pid 23685 (exit status 0)
2026-01-28 12:18:54,385 INFO reaped unknown pid 23692 (exit status 0)
2026-01-28 12:18:59,453 INFO reaped unknown pid 23699 (exit status 0)
2026-01-28 12:19:03,813 INFO reaped unknown pid 23710 (exit status 0)
2026-01-28 12:19:09,820 INFO reaped unknown pid 23717 (exit status 0)
2026-01-28 12:19:13,818 INFO reaped unknown pid 23724 (exit status 0)
2026-01-28 12:19:18,828 INFO reaped unknown pid 23731 (exit status 0)
2026-01-28 12:19:23,886 INFO reaped unknown pid 23738 (exit status 0)
2026-01-28 12:19:28,992 INFO reaped unknown pid 23745 (exit status 0)
2026-01-28 12:19:34,059 INFO reaped unknown pid 23752 (exit status 0)
2026-01-28 12:19:39,076 INFO reaped unknown pid 23759 (exit status 0)
2026-01-28 12:19:44,131 INFO reaped unknown pid 23766 (exit status 0)
2026-01-28 12:19:49,210 INFO reaped unknown pid 23773 (exit status 0)
2026-01-28 12:19:54,260 INFO reaped unknown pid 23780 (exit status 0)
2026-01-28 12:19:59,294 INFO reaped unknown pid 23787 (exit status 0)
2026-01-28 12:20:03,912 INFO reaped unknown pid 23798 (exit status 0)
2026-01-28 12:20:08,920 INFO reaped unknown pid 23805 (exit status 0)
2026-01-28 12:20:13,983 INFO reaped unknown pid 23812 (exit status 0)
2026-01-28 12:20:18,992 INFO reaped unknown pid 23819 (exit status 0)
2026-01-28 12:20:24,065 INFO reaped unknown pid 23826 (exit status 0)
2026-01-28 12:20:29,106 INFO reaped unknown pid 23833 (exit status 0)
2026-01-28 12:20:34,168 INFO reaped unknown pid 23840 (exit status 0)
2026-01-28 12:20:39,254 INFO reaped unknown pid 23847 (exit status 0)
2026-01-28 12:20:44,342 INFO reaped unknown pid 23854 (exit status 0)
2026-01-28 12:20:49,435 INFO reaped unknown pid 23861 (exit status 0)
2026-01-28 12:20:54,481 INFO reaped unknown pid 23868 (exit status 0)
2026-01-28 12:20:59,585 INFO reaped unknown pid 23875 (exit status 0)
2026-01-28 12:21:03,846 INFO reaped unknown pid 23886 (exit status 0)
2026-01-28 12:21:08,928 INFO reaped unknown pid 23893 (exit status 0)
2026-01-28 12:21:14,012 INFO reaped unknown pid 23900 (exit status 0)
2026-01-28 12:21:19,084 INFO reaped unknown pid 23907 (exit status 0)
2026-01-28 12:21:24,166 INFO reaped unknown pid 23914 (exit status 0)
2026-01-28 12:21:29,254 INFO reaped unknown pid 23921 (exit status 0)
2026-01-28 12:21:34,337 INFO reaped unknown pid 23928 (exit status 0)
2026-01-28 12:21:39,378 INFO reaped unknown pid 23935 (exit status 0)
2026-01-28 12:21:44,449 INFO reaped unknown pid 23942 (exit status 0)
2026-01-28 12:21:49,442 INFO reaped unknown pid 23949 (exit status 0)
2026-01-28 12:21:54,497 INFO reaped unknown pid 23956 (exit status 0)
2026-01-28 12:21:59,557 INFO reaped unknown pid 23963 (exit status 0)
2026-01-28 12:22:03,773 INFO reaped unknown pid 23974 (exit status 0)
2026-01-28 12:22:08,791 INFO reaped unknown pid 23981 (exit status 0)
2026-01-28 12:22:13,880 INFO reaped unknown pid 23988 (exit status 0)
2026-01-28 12:22:18,881 INFO reaped unknown pid 23995 (exit status 0)
2026-01-28 12:22:23,968 INFO reaped unknown pid 24002 (exit status 0)
2026-01-28 12:22:29,024 INFO reaped unknown pid 24009 (exit status 0)
2026-01-28 12:22:34,027 INFO reaped unknown pid 24016 (exit status 0)
2026-01-28 12:22:39,125 INFO reaped unknown pid 24023 (exit status 0)
2026-01-28 12:22:44,155 INFO reaped unknown pid 24030 (exit status 0)
2026-01-28 12:22:49,254 INFO reaped unknown pid 24037 (exit status 0)
2026-01-28 12:22:54,273 INFO reaped unknown pid 24044 (exit status 0)
2026-01-28 12:22:59,309 INFO reaped unknown pid 24051 (exit status 0)
2026-01-28 12:23:08,324 INFO reaped unknown pid 24062 (exit status 0)
2026-01-28 12:23:10,332 INFO reaped unknown pid 24069 (exit status 0)
2026-01-28 12:23:15,374 INFO reaped unknown pid 24076 (exit status 0)
2026-01-28 12:23:20,474 INFO reaped unknown pid 24083 (exit status 0)
2026-01-28 12:23:25,501 INFO reaped unknown pid 24090 (exit status 0)
2026-01-28 12:23:30,576 INFO reaped unknown pid 24097 (exit status 0)
2026-01-28 12:23:35,624 INFO reaped unknown pid 24104 (exit status 0)
2026-01-28 12:23:40,651 INFO reaped unknown pid 24111 (exit status 0)
2026-01-28 12:23:45,706 INFO reaped unknown pid 24118 (exit status 0)
2026-01-28 12:23:50,791 INFO reaped unknown pid 24125 (exit status 0)
2026-01-28 12:23:55,841 INFO reaped unknown pid 24132 (exit status 0)
2026-01-28 12:24:01,046 INFO reaped unknown pid 24139 (exit status 0)
2026-01-28 12:24:03,744 INFO reaped unknown pid 24150 (exit status 0)
2026-01-28 12:24:08,763 INFO reaped unknown pid 24157 (exit status 0)
2026-01-28 12:24:13,834 INFO reaped unknown pid 24164 (exit status 0)
2026-01-28 12:24:18,931 INFO reaped unknown pid 24171 (exit status 0)
2026-01-28 12:24:23,993 INFO reaped unknown pid 24178 (exit status 0)
2026-01-28 12:24:29,061 INFO reaped unknown pid 24185 (exit status 0)
2026-01-28 12:24:34,102 INFO reaped unknown pid 24192 (exit status 0)
2026-01-28 12:24:39,109 INFO reaped unknown pid 24199 (exit status 0)
2026-01-28 12:24:44,159 INFO reaped unknown pid 24206 (exit status 0)
2026-01-28 12:24:49,209 INFO reaped unknown pid 24213 (exit status 0)
2026-01-28 12:24:54,260 INFO reaped unknown pid 24220 (exit status 0)
2026-01-28 12:24:59,287 INFO reaped unknown pid 24227 (exit status 0)
2026-01-28 12:25:04,718 INFO reaped unknown pid 24238 (exit status 0)
2026-01-28 12:25:09,729 INFO reaped unknown pid 24245 (exit status 0)
2026-01-28 12:25:14,786 INFO reaped unknown pid 24252 (exit status 0)
2026-01-28 12:25:19,860 INFO reaped unknown pid 24259 (exit status 0)
2026-01-28 12:25:24,905 INFO reaped unknown pid 24266 (exit status 0)
2026-01-28 12:25:30,000 INFO reaped unknown pid 24273 (exit status 0)
2026-01-28 12:25:35,049 INFO reaped unknown pid 24280 (exit status 0)
2026-01-28 12:25:40,115 INFO reaped unknown pid 24287 (exit status 0)
2026-01-28 12:25:45,194 INFO reaped unknown pid 24294 (exit status 0)
2026-01-28 12:25:50,272 INFO reaped unknown pid 24301 (exit status 0)
2026-01-28 12:25:55,340 INFO reaped unknown pid 24308 (exit status 0)
2026-01-28 12:26:00,008 INFO reaped unknown pid 24315 (exit status 0)
2026-01-28 12:26:03,775 INFO reaped unknown pid 24326 (exit status 0)
2026-01-28 12:26:08,867 INFO reaped unknown pid 24333 (exit status 0)
2026-01-28 12:26:13,949 INFO reaped unknown pid 24340 (exit status 0)
2026-01-28 12:26:18,964 INFO reaped unknown pid 24347 (exit status 0)
2026-01-28 12:26:24,035 INFO reaped unknown pid 24354 (exit status 0)
2026-01-28 12:26:29,075 INFO reaped unknown pid 24361 (exit status 0)
2026-01-28 12:26:34,088 INFO reaped unknown pid 24368 (exit status 0)
2026-01-28 12:26:39,132 INFO reaped unknown pid 24375 (exit status 0)
2026-01-28 12:26:44,142 INFO reaped unknown pid 24382 (exit status 0)
2026-01-28 12:26:49,167 INFO reaped unknown pid 24389 (exit status 0)
2026-01-28 12:26:54,235 INFO reaped unknown pid 24396 (exit status 0)
2026-01-28 12:26:59,300 INFO reaped unknown pid 24403 (exit status 0)
2026-01-28 12:27:03,860 INFO reaped unknown pid 24414 (exit status 0)
2026-01-28 12:27:08,886 INFO reaped unknown pid 24421 (exit status 0)
2026-01-28 12:27:13,957 INFO reaped unknown pid 24428 (exit status 0)
2026-01-28 12:27:18,969 INFO reaped unknown pid 24435 (exit status 0)
2026-01-28 12:27:23,976 INFO reaped unknown pid 24442 (exit status 0)
2026-01-28 12:27:29,054 INFO reaped unknown pid 24449 (exit status 0)
2026-01-28 12:27:34,146 INFO reaped unknown pid 24456 (exit status 0)
2026-01-28 12:27:39,233 INFO reaped unknown pid 24463 (exit status 0)
2026-01-28 12:27:44,294 INFO reaped unknown pid 24470 (exit status 0)
2026-01-28 12:27:49,354 INFO reaped unknown pid 24477 (exit status 0)
2026-01-28 12:27:54,397 INFO reaped unknown pid 24484 (exit status 0)
2026-01-28 12:27:59,471 INFO reaped unknown pid 24491 (exit status 0)
2026-01-28 12:28:04,782 INFO reaped unknown pid 24502 (exit status 0)
2026-01-28 12:28:09,784 INFO reaped unknown pid 24509 (exit status 0)
2026-01-28 12:28:14,869 INFO reaped unknown pid 24516 (exit status 0)
2026-01-28 12:28:19,957 INFO reaped unknown pid 24523 (exit status 0)
2026-01-28 12:28:25,026 INFO reaped unknown pid 24530 (exit status 0)
2026-01-28 12:28:30,124 INFO reaped unknown pid 24537 (exit status 0)
2026-01-28 12:28:35,132 INFO reaped unknown pid 24544 (exit status 0)
2026-01-28 12:28:40,157 INFO reaped unknown pid 24551 (exit status 0)
2026-01-28 12:28:45,249 INFO reaped unknown pid 24558 (exit status 0)
2026-01-28 12:28:50,256 INFO reaped unknown pid 24565 (exit status 0)
2026-01-28 12:28:55,317 INFO reaped unknown pid 24572 (exit status 0)
2026-01-28 12:29:00,061 INFO reaped unknown pid 24579 (exit status 0)
2026-01-28 12:29:03,824 INFO reaped unknown pid 24590 (exit status 0)
2026-01-28 12:29:08,856 INFO reaped unknown pid 24597 (exit status 0)
2026-01-28 12:29:13,858 INFO reaped unknown pid 24604 (exit status 0)
2026-01-28 12:29:18,856 INFO reaped unknown pid 24611 (exit status 0)
2026-01-28 12:29:23,909 INFO reaped unknown pid 24618 (exit status 0)
2026-01-28 12:29:29,016 INFO reaped unknown pid 24625 (exit status 0)
2026-01-28 12:29:34,068 INFO reaped unknown pid 24632 (exit status 0)
2026-01-28 12:29:39,140 INFO reaped unknown pid 24639 (exit status 0)
2026-01-28 12:29:44,210 INFO reaped unknown pid 24646 (exit status 0)
2026-01-28 12:29:49,279 INFO reaped unknown pid 24653 (exit status 0)
2026-01-28 12:29:54,354 INFO reaped unknown pid 24660 (exit status 0)
2026-01-28 12:29:59,434 INFO reaped unknown pid 24667 (exit status 0)
2026-01-28 12:30:03,815 INFO reaped unknown pid 24678 (exit status 0)
2026-01-28 12:30:08,828 INFO reaped unknown pid 24685 (exit status 0)
2026-01-28 12:30:13,928 INFO reaped unknown pid 24692 (exit status 0)
2026-01-28 12:30:18,948 INFO reaped unknown pid 24699 (exit status 0)
2026-01-28 12:30:24,045 INFO reaped unknown pid 24706 (exit status 0)
2026-01-28 12:30:29,137 INFO reaped unknown pid 24713 (exit status 0)
2026-01-28 12:30:34,201 INFO reaped unknown pid 24720 (exit status 0)
2026-01-28 12:30:39,235 INFO reaped unknown pid 24727 (exit status 0)
2026-01-28 12:30:44,319 INFO reaped unknown pid 24734 (exit status 0)
2026-01-28 12:30:49,371 INFO reaped unknown pid 24741 (exit status 0)
2026-01-28 12:30:54,435 INFO reaped unknown pid 24748 (exit status 0)
2026-01-28 12:30:59,469 INFO reaped unknown pid 24755 (exit status 0)
2026-01-28 12:31:04,367 INFO reaped unknown pid 24766 (exit status 0)
2026-01-28 12:31:09,403 INFO reaped unknown pid 24773 (exit status 0)
2026-01-28 12:31:14,457 INFO reaped unknown pid 24780 (exit status 0)
2026-01-28 12:31:19,538 INFO reaped unknown pid 24787 (exit status 0)
2026-01-28 12:31:24,597 INFO reaped unknown pid 24794 (exit status 0)
2026-01-28 12:31:29,606 INFO reaped unknown pid 24801 (exit status 0)
2026-01-28 12:31:34,677 INFO reaped unknown pid 24808 (exit status 0)
2026-01-28 12:31:39,730 INFO reaped unknown pid 24815 (exit status 0)
2026-01-28 12:31:44,801 INFO reaped unknown pid 24822 (exit status 0)
2026-01-28 12:31:49,893 INFO reaped unknown pid 24829 (exit status 0)
2026-01-28 12:31:54,948 INFO reaped unknown pid 24836 (exit status 0)
2026-01-28 12:32:00,020 INFO reaped unknown pid 24843 (exit status 0)
2026-01-28 12:32:03,881 INFO reaped unknown pid 24854 (exit status 0)
2026-01-28 12:32:08,965 INFO reaped unknown pid 24861 (exit status 0)
2026-01-28 12:32:14,017 INFO reaped unknown pid 24868 (exit status 0)
2026-01-28 12:32:19,064 INFO reaped unknown pid 24875 (exit status 0)
2026-01-28 12:32:24,105 INFO reaped unknown pid 24882 (exit status 0)
2026-01-28 12:32:29,186 INFO reaped unknown pid 24889 (exit status 0)
2026-01-28 12:32:34,218 INFO reaped unknown pid 24896 (exit status 0)
2026-01-28 12:32:39,224 INFO reaped unknown pid 24903 (exit status 0)
2026-01-28 12:32:44,229 INFO reaped unknown pid 24910 (exit status 0)
2026-01-28 12:32:49,320 INFO reaped unknown pid 24917 (exit status 0)
2026-01-28 12:32:54,343 INFO reaped unknown pid 24924 (exit status 0)
2026-01-28 12:32:59,374 INFO reaped unknown pid 24931 (exit status 0)
2026-01-28 12:33:04,956 INFO reaped unknown pid 24942 (exit status 0)
2026-01-28 12:33:08,970 INFO reaped unknown pid 24949 (exit status 0)
2026-01-28 12:33:14,074 INFO reaped unknown pid 24956 (exit status 0)
2026-01-28 12:33:19,114 INFO reaped unknown pid 24963 (exit status 0)
2026-01-28 12:33:24,182 INFO reaped unknown pid 24970 (exit status 0)
2026-01-28 12:33:29,236 INFO reaped unknown pid 24977 (exit status 0)
2026-01-28 12:33:34,302 INFO reaped unknown pid 24984 (exit status 0)
2026-01-28 12:33:39,367 INFO reaped unknown pid 24991 (exit status 0)
2026-01-28 12:33:44,392 INFO reaped unknown pid 24998 (exit status 0)
2026-01-28 12:33:49,411 INFO reaped unknown pid 25005 (exit status 0)
2026-01-28 12:33:54,477 INFO reaped unknown pid 25012 (exit status 0)
2026-01-28 12:33:59,517 INFO reaped unknown pid 25019 (exit status 0)
2026-01-28 12:34:03,795 INFO reaped unknown pid 25030 (exit status 0)
2026-01-28 12:34:08,831 INFO reaped unknown pid 25037 (exit status 0)
2026-01-28 12:34:13,891 INFO reaped unknown pid 25044 (exit status 0)
2026-01-28 12:34:18,923 INFO reaped unknown pid 25051 (exit status 0)
2026-01-28 12:34:23,938 INFO reaped unknown pid 25058 (exit status 0)
2026-01-28 12:34:29,012 INFO reaped unknown pid 25065 (exit status 0)
2026-01-28 12:34:34,020 INFO reaped unknown pid 25072 (exit status 0)
2026-01-28 12:34:39,072 INFO reaped unknown pid 25079 (exit status 0)
2026-01-28 12:34:44,121 INFO reaped unknown pid 25086 (exit status 0)
2026-01-28 12:34:49,193 INFO reaped unknown pid 25093 (exit status 0)
2026-01-28 12:34:54,275 INFO reaped unknown pid 25100 (exit status 0)
2026-01-28 12:34:59,338 INFO reaped unknown pid 25107 (exit status 0)
2026-01-28 12:35:03,836 INFO reaped unknown pid 25118 (exit status 0)
2026-01-28 12:35:08,916 INFO reaped unknown pid 25125 (exit status 0)
2026-01-28 12:35:13,996 INFO reaped unknown pid 25132 (exit status 0)
2026-01-28 12:35:19,070 INFO reaped unknown pid 25139 (exit status 0)
2026-01-28 12:35:24,105 INFO reaped unknown pid 25146 (exit status 0)
2026-01-28 12:35:29,151 INFO reaped unknown pid 25153 (exit status 0)
2026-01-28 12:35:34,186 INFO reaped unknown pid 25160 (exit status 0)
2026-01-28 12:35:39,253 INFO reaped unknown pid 25167 (exit status 0)
2026-01-28 12:35:44,327 INFO reaped unknown pid 25174 (exit status 0)
2026-01-28 12:35:49,358 INFO reaped unknown pid 25181 (exit status 0)
2026-01-28 12:35:54,389 INFO reaped unknown pid 25188 (exit status 0)
2026-01-28 12:35:59,409 INFO reaped unknown pid 25195 (exit status 0)
2026-01-28 12:36:06,895 INFO reaped unknown pid 25206 (exit status 0)
2026-01-28 12:36:10,960 INFO reaped unknown pid 25213 (exit status 0)
2026-01-28 12:36:15,981 INFO reaped unknown pid 25220 (exit status 0)
2026-01-28 12:36:21,008 INFO reaped unknown pid 25227 (exit status 0)
2026-01-28 12:36:26,105 INFO reaped unknown pid 25234 (exit status 0)
2026-01-28 12:36:31,186 INFO reaped unknown pid 25241 (exit status 0)
2026-01-28 12:36:36,220 INFO reaped unknown pid 25248 (exit status 0)
2026-01-28 12:36:41,327 INFO reaped unknown pid 25255 (exit status 0)
2026-01-28 12:36:46,340 INFO reaped unknown pid 25262 (exit status 0)
2026-01-28 12:36:51,374 INFO reaped unknown pid 25269 (exit status 0)
2026-01-28 12:36:56,420 INFO reaped unknown pid 25276 (exit status 0)
2026-01-28 12:37:01,037 INFO reaped unknown pid 25283 (exit status 0)
2026-01-28 12:37:03,820 INFO reaped unknown pid 25294 (exit status 0)
2026-01-28 12:37:08,890 INFO reaped unknown pid 25301 (exit status 0)
2026-01-28 12:37:13,936 INFO reaped unknown pid 25308 (exit status 0)
2026-01-28 12:37:19,004 INFO reaped unknown pid 25315 (exit status 0)
2026-01-28 12:37:24,035 INFO reaped unknown pid 25322 (exit status 0)
2026-01-28 12:37:29,094 INFO reaped unknown pid 25329 (exit status 0)
2026-01-28 12:37:34,121 INFO reaped unknown pid 25336 (exit status 0)
2026-01-28 12:37:39,216 INFO reaped unknown pid 25343 (exit status 0)
2026-01-28 12:37:44,233 INFO reaped unknown pid 25350 (exit status 0)
2026-01-28 12:37:49,250 INFO reaped unknown pid 25357 (exit status 0)
2026-01-28 12:37:54,290 INFO reaped unknown pid 25364 (exit status 0)
2026-01-28 12:37:59,356 INFO reaped unknown pid 25371 (exit status 0)
2026-01-28 12:38:04,688 INFO reaped unknown pid 25382 (exit status 0)
2026-01-28 12:38:09,779 INFO reaped unknown pid 25389 (exit status 0)
2026-01-28 12:38:14,786 INFO reaped unknown pid 25396 (exit status 0)
2026-01-28 12:38:19,837 INFO reaped unknown pid 25403 (exit status 0)
2026-01-28 12:38:24,907 INFO reaped unknown pid 25410 (exit status 0)
2026-01-28 12:38:29,933 INFO reaped unknown pid 25417 (exit status 0)
2026-01-28 12:38:35,005 INFO reaped unknown pid 25424 (exit status 0)
2026-01-28 12:38:40,052 INFO reaped unknown pid 25431 (exit status 0)
2026-01-28 12:38:45,092 INFO reaped unknown pid 25438 (exit status 0)
2026-01-28 12:38:50,191 INFO reaped unknown pid 25445 (exit status 0)
2026-01-28 12:38:55,260 INFO reaped unknown pid 25452 (exit status 0)
2026-01-28 12:39:00,013 INFO reaped unknown pid 25459 (exit status 0)
2026-01-28 12:39:03,785 INFO reaped unknown pid 25470 (exit status 0)
2026-01-28 12:39:08,895 INFO reaped unknown pid 25477 (exit status 0)
2026-01-28 12:39:13,933 INFO reaped unknown pid 25484 (exit status 0)
2026-01-28 12:39:19,037 INFO reaped unknown pid 25491 (exit status 0)
2026-01-28 12:39:24,075 INFO reaped unknown pid 25498 (exit status 0)
2026-01-28 12:39:29,091 INFO reaped unknown pid 25505 (exit status 0)
2026-01-28 12:39:34,094 INFO reaped unknown pid 25512 (exit status 0)
2026-01-28 12:39:39,148 INFO reaped unknown pid 25519 (exit status 0)
2026-01-28 12:39:44,223 INFO reaped unknown pid 25526 (exit status 0)
2026-01-28 12:39:49,261 INFO reaped unknown pid 25533 (exit status 0)
2026-01-28 12:39:54,330 INFO reaped unknown pid 25540 (exit status 0)
2026-01-28 12:39:59,339 INFO reaped unknown pid 25547 (exit status 0)
2026-01-28 12:40:03,894 INFO reaped unknown pid 25558 (exit status 0)
2026-01-28 12:40:08,998 INFO reaped unknown pid 25565 (exit status 0)
2026-01-28 12:40:14,053 INFO reaped unknown pid 25572 (exit status 0)
2026-01-28 12:40:19,165 INFO reaped unknown pid 25579 (exit status 0)
2026-01-28 12:40:24,188 INFO reaped unknown pid 25586 (exit status 0)
2026-01-28 12:40:29,301 INFO reaped unknown pid 25593 (exit status 0)
2026-01-28 12:40:34,368 INFO reaped unknown pid 25600 (exit status 0)
2026-01-28 12:40:39,457 INFO reaped unknown pid 25607 (exit status 0)
2026-01-28 12:40:44,512 INFO reaped unknown pid 25614 (exit status 0)
2026-01-28 12:40:49,560 INFO reaped unknown pid 25621 (exit status 0)
2026-01-28 12:40:54,629 INFO reaped unknown pid 25628 (exit status 0)
2026-01-28 12:40:59,671 INFO reaped unknown pid 25635 (exit status 0)
2026-01-28 12:41:03,865 INFO reaped unknown pid 25646 (exit status 0)
2026-01-28 12:41:08,958 INFO reaped unknown pid 25653 (exit status 0)
2026-01-28 12:41:14,058 INFO reaped unknown pid 25660 (exit status 0)
2026-01-28 12:41:19,159 INFO reaped unknown pid 25667 (exit status 0)
2026-01-28 12:41:24,192 INFO reaped unknown pid 25674 (exit status 0)
2026-01-28 12:41:29,211 INFO reaped unknown pid 25681 (exit status 0)
2026-01-28 12:41:34,262 INFO reaped unknown pid 25688 (exit status 0)
2026-01-28 12:41:39,366 INFO reaped unknown pid 25695 (exit status 0)
2026-01-28 12:41:44,411 INFO reaped unknown pid 25702 (exit status 0)
2026-01-28 12:41:49,493 INFO reaped unknown pid 25709 (exit status 0)
2026-01-28 12:41:54,561 INFO reaped unknown pid 25716 (exit status 0)
2026-01-28 12:41:59,618 INFO reaped unknown pid 25723 (exit status 0)
2026-01-28 12:42:03,788 INFO reaped unknown pid 25734 (exit status 0)
2026-01-28 12:42:08,843 INFO reaped unknown pid 25741 (exit status 0)
2026-01-28 12:42:13,919 INFO reaped unknown pid 25748 (exit status 0)
2026-01-28 12:42:18,986 INFO reaped unknown pid 25755 (exit status 0)
2026-01-28 12:42:24,025 INFO reaped unknown pid 25762 (exit status 0)
2026-01-28 12:42:29,080 INFO reaped unknown pid 25769 (exit status 0)
2026-01-28 12:42:34,123 INFO reaped unknown pid 25776 (exit status 0)
2026-01-28 12:42:39,190 INFO reaped unknown pid 25783 (exit status 0)
2026-01-28 12:42:44,220 INFO reaped unknown pid 25790 (exit status 0)
2026-01-28 12:42:49,312 INFO reaped unknown pid 25797 (exit status 0)
2026-01-28 12:42:54,339 INFO reaped unknown pid 25804 (exit status 0)
2026-01-28 12:42:59,440 INFO reaped unknown pid 25811 (exit status 0)
2026-01-28 12:43:04,871 INFO reaped unknown pid 25822 (exit status 0)
2026-01-28 12:43:08,893 INFO reaped unknown pid 25829 (exit status 0)
2026-01-28 12:43:13,912 INFO reaped unknown pid 25836 (exit status 0)
2026-01-28 12:43:18,915 INFO reaped unknown pid 25843 (exit status 0)
2026-01-28 12:43:24,007 INFO reaped unknown pid 25850 (exit status 0)
2026-01-28 12:43:29,037 INFO reaped unknown pid 25857 (exit status 0)
2026-01-28 12:43:34,080 INFO reaped unknown pid 25864 (exit status 0)
2026-01-28 12:43:39,164 INFO reaped unknown pid 25871 (exit status 0)
2026-01-28 12:43:44,235 INFO reaped unknown pid 25878 (exit status 0)
2026-01-28 12:43:49,335 INFO reaped unknown pid 25885 (exit status 0)
2026-01-28 12:43:54,368 INFO reaped unknown pid 25892 (exit status 0)
2026-01-28 12:43:59,447 INFO reaped unknown pid 25899 (exit status 0)
2026-01-28 12:44:03,854 INFO reaped unknown pid 25910 (exit status 0)
2026-01-28 12:44:08,920 INFO reaped unknown pid 25917 (exit status 0)
2026-01-28 12:44:13,979 INFO reaped unknown pid 25924 (exit status 0)
2026-01-28 12:44:19,023 INFO reaped unknown pid 25931 (exit status 0)
2026-01-28 12:44:24,093 INFO reaped unknown pid 25938 (exit status 0)
2026-01-28 12:44:29,159 INFO reaped unknown pid 25945 (exit status 0)
2026-01-28 12:44:34,167 INFO reaped unknown pid 25952 (exit status 0)
2026-01-28 12:44:39,208 INFO reaped unknown pid 25959 (exit status 0)
2026-01-28 12:44:44,293 INFO reaped unknown pid 25966 (exit status 0)
2026-01-28 12:44:49,361 INFO reaped unknown pid 25973 (exit status 0)
2026-01-28 12:44:54,416 INFO reaped unknown pid 25980 (exit status 0)
2026-01-28 12:44:59,459 INFO reaped unknown pid 25987 (exit status 0)
2026-01-28 12:45:03,884 INFO reaped unknown pid 25998 (exit status 0)
2026-01-28 12:45:08,913 INFO reaped unknown pid 26005 (exit status 0)
2026-01-28 12:45:13,970 INFO reaped unknown pid 26012 (exit status 0)
2026-01-28 12:45:19,044 INFO reaped unknown pid 26019 (exit status 0)
2026-01-28 12:45:24,081 INFO reaped unknown pid 26026 (exit status 0)
2026-01-28 12:45:29,142 INFO reaped unknown pid 26033 (exit status 0)
2026-01-28 12:45:34,235 INFO reaped unknown pid 26040 (exit status 0)
2026-01-28 12:45:39,306 INFO reaped unknown pid 26047 (exit status 0)
2026-01-28 12:45:44,348 INFO reaped unknown pid 26054 (exit status 0)
2026-01-28 12:45:49,441 INFO reaped unknown pid 26061 (exit status 0)
2026-01-28 12:45:54,532 INFO reaped unknown pid 26068 (exit status 0)
2026-01-28 12:45:59,562 INFO reaped unknown pid 26075 (exit status 0)
2026-01-28 12:46:03,870 INFO reaped unknown pid 26086 (exit status 0)
2026-01-28 12:46:08,967 INFO reaped unknown pid 26093 (exit status 0)
2026-01-28 12:46:14,056 INFO reaped unknown pid 26100 (exit status 0)
2026-01-28 12:46:19,141 INFO reaped unknown pid 26107 (exit status 0)
2026-01-28 12:46:24,196 INFO reaped unknown pid 26114 (exit status 0)
2026-01-28 12:46:29,248 INFO reaped unknown pid 26121 (exit status 0)
2026-01-28 12:46:34,308 INFO reaped unknown pid 26128 (exit status 0)
2026-01-28 12:46:39,396 INFO reaped unknown pid 26135 (exit status 0)
2026-01-28 12:46:44,438 INFO reaped unknown pid 26142 (exit status 0)
2026-01-28 12:46:49,522 INFO reaped unknown pid 26149 (exit status 0)
2026-01-28 12:46:54,554 INFO reaped unknown pid 26156 (exit status 0)
2026-01-28 12:46:59,612 INFO reaped unknown pid 26163 (exit status 0)
2026-01-28 12:47:03,886 INFO reaped unknown pid 26174 (exit status 0)
2026-01-28 12:47:08,988 INFO reaped unknown pid 26181 (exit status 0)
2026-01-28 12:47:14,039 INFO reaped unknown pid 26188 (exit status 0)
2026-01-28 12:47:19,061 INFO reaped unknown pid 26195 (exit status 0)
2026-01-28 12:47:24,065 INFO reaped unknown pid 26202 (exit status 0)
2026-01-28 12:47:29,121 INFO reaped unknown pid 26209 (exit status 0)
2026-01-28 12:47:34,156 INFO reaped unknown pid 26216 (exit status 0)
2026-01-28 12:47:39,211 INFO reaped unknown pid 26223 (exit status 0)
2026-01-28 12:47:44,263 INFO reaped unknown pid 26230 (exit status 0)
2026-01-28 12:47:49,346 INFO reaped unknown pid 26237 (exit status 0)
2026-01-28 12:47:54,364 INFO reaped unknown pid 26244 (exit status 0)
2026-01-28 12:47:59,402 INFO reaped unknown pid 26251 (exit status 0)
2026-01-28 12:48:04,738 INFO reaped unknown pid 26262 (exit status 0)
2026-01-28 12:48:09,781 INFO reaped unknown pid 26269 (exit status 0)
2026-01-28 12:48:14,826 INFO reaped unknown pid 26276 (exit status 0)
2026-01-28 12:48:19,890 INFO reaped unknown pid 26283 (exit status 0)
2026-01-28 12:48:24,984 INFO reaped unknown pid 26290 (exit status 0)
2026-01-28 12:48:30,020 INFO reaped unknown pid 26297 (exit status 0)
2026-01-28 12:48:35,091 INFO reaped unknown pid 26304 (exit status 0)
2026-01-28 12:48:40,191 INFO reaped unknown pid 26311 (exit status 0)
2026-01-28 12:48:45,256 INFO reaped unknown pid 26318 (exit status 0)
2026-01-28 12:48:50,330 INFO reaped unknown pid 26325 (exit status 0)
2026-01-28 12:48:55,387 INFO reaped unknown pid 26332 (exit status 0)
2026-01-28 12:49:00,075 INFO reaped unknown pid 26339 (exit status 0)
2026-01-28 12:49:03,843 INFO reaped unknown pid 26350 (exit status 0)
2026-01-28 12:49:08,935 INFO reaped unknown pid 26357 (exit status 0)
2026-01-28 12:49:13,990 INFO reaped unknown pid 26364 (exit status 0)
2026-01-28 12:49:19,055 INFO reaped unknown pid 26371 (exit status 0)
2026-01-28 12:49:24,120 INFO reaped unknown pid 26378 (exit status 0)
2026-01-28 12:49:29,221 INFO reaped unknown pid 26385 (exit status 0)
2026-01-28 12:49:34,333 INFO reaped unknown pid 26392 (exit status 0)
2026-01-28 12:49:39,408 INFO reaped unknown pid 26399 (exit status 0)
2026-01-28 12:49:44,461 INFO reaped unknown pid 26406 (exit status 0)
2026-01-28 12:49:49,554 INFO reaped unknown pid 26413 (exit status 0)
2026-01-28 12:49:54,591 INFO reaped unknown pid 26420 (exit status 0)
2026-01-28 12:49:59,685 INFO reaped unknown pid 26427 (exit status 0)
2026-01-28 12:50:04,625 INFO reaped unknown pid 26438 (exit status 0)
2026-01-28 12:50:09,667 INFO reaped unknown pid 26445 (exit status 0)
2026-01-28 12:50:14,755 INFO reaped unknown pid 26452 (exit status 0)
2026-01-28 12:50:19,774 INFO reaped unknown pid 26459 (exit status 0)
2026-01-28 12:50:24,785 INFO reaped unknown pid 26466 (exit status 0)
2026-01-28 12:50:29,843 INFO reaped unknown pid 26473 (exit status 0)
2026-01-28 12:50:34,929 INFO reaped unknown pid 26480 (exit status 0)
2026-01-28 12:50:40,016 INFO reaped unknown pid 26487 (exit status 0)
2026-01-28 12:50:45,077 INFO reaped unknown pid 26494 (exit status 0)
2026-01-28 12:50:50,101 INFO reaped unknown pid 26501 (exit status 0)
2026-01-28 12:50:55,183 INFO reaped unknown pid 26508 (exit status 0)
2026-01-28 12:51:00,049 INFO reaped unknown pid 26515 (exit status 0)
2026-01-28 12:51:03,841 INFO reaped unknown pid 26526 (exit status 0)
2026-01-28 12:51:08,928 INFO reaped unknown pid 26533 (exit status 0)
2026-01-28 12:51:13,949 INFO reaped unknown pid 26540 (exit status 0)
2026-01-28 12:51:19,007 INFO reaped unknown pid 26547 (exit status 0)
2026-01-28 12:51:24,011 INFO reaped unknown pid 26554 (exit status 0)
2026-01-28 12:51:29,020 INFO reaped unknown pid 26561 (exit status 0)
2026-01-28 12:51:34,083 INFO reaped unknown pid 26568 (exit status 0)
2026-01-28 12:51:39,151 INFO reaped unknown pid 26575 (exit status 0)
2026-01-28 12:51:44,172 INFO reaped unknown pid 26582 (exit status 0)
2026-01-28 12:51:49,184 INFO reaped unknown pid 26589 (exit status 0)
2026-01-28 12:51:54,249 INFO reaped unknown pid 26596 (exit status 0)
2026-01-28 12:51:59,317 INFO reaped unknown pid 26603 (exit status 0)
2026-01-28 12:52:03,756 INFO reaped unknown pid 26614 (exit status 0)
2026-01-28 12:52:08,819 INFO reaped unknown pid 26621 (exit status 0)
2026-01-28 12:52:13,861 INFO reaped unknown pid 26628 (exit status 0)
2026-01-28 12:52:18,881 INFO reaped unknown pid 26635 (exit status 0)
2026-01-28 12:52:24,026 INFO reaped unknown pid 26642 (exit status 0)
2026-01-28 12:52:29,080 INFO reaped unknown pid 26649 (exit status 0)
2026-01-28 12:52:34,172 INFO reaped unknown pid 26656 (exit status 0)
2026-01-28 12:52:39,166 INFO reaped unknown pid 26663 (exit status 0)
2026-01-28 12:52:44,253 INFO reaped unknown pid 26670 (exit status 0)
2026-01-28 12:52:49,349 INFO reaped unknown pid 26677 (exit status 0)
2026-01-28 12:52:54,395 INFO reaped unknown pid 26684 (exit status 0)
2026-01-28 12:52:59,404 INFO reaped unknown pid 26691 (exit status 0)
2026-01-28 12:53:03,848 INFO reaped unknown pid 26702 (exit status 0)
2026-01-28 12:53:08,939 INFO reaped unknown pid 26709 (exit status 0)
2026-01-28 12:53:13,980 INFO reaped unknown pid 26716 (exit status 0)
2026-01-28 12:53:19,053 INFO reaped unknown pid 26723 (exit status 0)
2026-01-28 12:53:24,075 INFO reaped unknown pid 26730 (exit status 0)
2026-01-28 12:53:29,098 INFO reaped unknown pid 26737 (exit status 0)
2026-01-28 12:53:34,213 INFO reaped unknown pid 26744 (exit status 0)
2026-01-28 12:53:39,234 INFO reaped unknown pid 26751 (exit status 0)
2026-01-28 12:53:44,307 INFO reaped unknown pid 26758 (exit status 0)
2026-01-28 12:53:49,377 INFO reaped unknown pid 26765 (exit status 0)
2026-01-28 12:53:54,424 INFO reaped unknown pid 26772 (exit status 0)
2026-01-28 12:53:59,503 INFO reaped unknown pid 26779 (exit status 0)
2026-01-28 12:54:03,798 INFO reaped unknown pid 26790 (exit status 0)
2026-01-28 12:54:08,927 INFO reaped unknown pid 26797 (exit status 0)
2026-01-28 12:54:13,991 INFO reaped unknown pid 26804 (exit status 0)
2026-01-28 12:54:19,098 INFO reaped unknown pid 26811 (exit status 0)
2026-01-28 12:54:24,135 INFO reaped unknown pid 26818 (exit status 0)
2026-01-28 12:54:29,181 INFO reaped unknown pid 26825 (exit status 0)
2026-01-28 12:54:34,250 INFO reaped unknown pid 26832 (exit status 0)
2026-01-28 12:54:39,313 INFO reaped unknown pid 26839 (exit status 0)
2026-01-28 12:54:44,366 INFO reaped unknown pid 26846 (exit status 0)
2026-01-28 12:54:49,372 INFO reaped unknown pid 26853 (exit status 0)
2026-01-28 12:54:54,426 INFO reaped unknown pid 26860 (exit status 0)
2026-01-28 12:54:59,535 INFO reaped unknown pid 26867 (exit status 0)
2026-01-28 12:55:04,840 INFO reaped unknown pid 26878 (exit status 0)
2026-01-28 12:55:09,002 INFO reaped unknown pid 26885 (exit status 0)
2026-01-28 12:55:14,075 INFO reaped unknown pid 26892 (exit status 0)
2026-01-28 12:55:19,106 INFO reaped unknown pid 26899 (exit status 0)
2026-01-28 12:55:24,134 INFO reaped unknown pid 26906 (exit status 0)
2026-01-28 12:55:29,156 INFO reaped unknown pid 26913 (exit status 0)
2026-01-28 12:55:34,280 INFO reaped unknown pid 26920 (exit status 0)
2026-01-28 12:55:39,301 INFO reaped unknown pid 26927 (exit status 0)
2026-01-28 12:55:44,329 INFO reaped unknown pid 26934 (exit status 0)
2026-01-28 12:55:49,418 INFO reaped unknown pid 26941 (exit status 0)
2026-01-28 12:55:54,465 INFO reaped unknown pid 26948 (exit status 0)
2026-01-28 12:55:59,530 INFO reaped unknown pid 26955 (exit status 0)
2026-01-28 12:56:03,798 INFO reaped unknown pid 26966 (exit status 0)
2026-01-28 12:56:09,065 INFO reaped unknown pid 26973 (exit status 0)
2026-01-28 12:56:13,907 INFO reaped unknown pid 26980 (exit status 0)
2026-01-28 12:56:19,088 INFO reaped unknown pid 26987 (exit status 0)
2026-01-28 12:56:24,014 INFO reaped unknown pid 26994 (exit status 0)
2026-01-28 12:56:29,093 INFO reaped unknown pid 27001 (exit status 0)
2026-01-28 12:56:34,166 INFO reaped unknown pid 27008 (exit status 0)
2026-01-28 12:56:39,198 INFO reaped unknown pid 27015 (exit status 0)
2026-01-28 12:56:44,289 INFO reaped unknown pid 27022 (exit status 0)
2026-01-28 12:56:49,365 INFO reaped unknown pid 27029 (exit status 0)
2026-01-28 12:56:54,420 INFO reaped unknown pid 27036 (exit status 0)
2026-01-28 12:56:59,488 INFO reaped unknown pid 27043 (exit status 0)
2026-01-28 12:57:03,830 INFO reaped unknown pid 27054 (exit status 0)
2026-01-28 12:57:09,125 INFO reaped unknown pid 27061 (exit status 0)
2026-01-28 12:57:13,966 INFO reaped unknown pid 27068 (exit status 0)
2026-01-28 12:57:19,094 INFO reaped unknown pid 27075 (exit status 0)
2026-01-28 12:57:24,065 INFO reaped unknown pid 27082 (exit status 0)
2026-01-28 12:57:29,116 INFO reaped unknown pid 27089 (exit status 0)
2026-01-28 12:57:34,181 INFO reaped unknown pid 27096 (exit status 0)
2026-01-28 12:57:39,197 INFO reaped unknown pid 27103 (exit status 0)
2026-01-28 12:57:44,303 INFO reaped unknown pid 27110 (exit status 0)
2026-01-28 12:57:49,393 INFO reaped unknown pid 27117 (exit status 0)
2026-01-28 12:57:54,466 INFO reaped unknown pid 27124 (exit status 0)
2026-01-28 12:57:59,541 INFO reaped unknown pid 27131 (exit status 0)
2026-01-28 12:58:03,830 INFO reaped unknown pid 27142 (exit status 0)
2026-01-28 12:58:09,153 INFO reaped unknown pid 27149 (exit status 0)
2026-01-28 12:58:13,996 INFO reaped unknown pid 27156 (exit status 0)
2026-01-28 12:58:19,163 INFO reaped unknown pid 27163 (exit status 0)
2026-01-28 12:58:24,203 INFO reaped unknown pid 27170 (exit status 0)
2026-01-28 12:58:29,250 INFO reaped unknown pid 27177 (exit status 0)
2026-01-28 12:58:34,258 INFO reaped unknown pid 27184 (exit status 0)
2026-01-28 12:58:39,329 INFO reaped unknown pid 27191 (exit status 0)
2026-01-28 12:58:44,431 INFO reaped unknown pid 27198 (exit status 0)
2026-01-28 12:58:49,433 INFO reaped unknown pid 27205 (exit status 0)
2026-01-28 12:58:54,512 INFO reaped unknown pid 27212 (exit status 0)
2026-01-28 12:58:59,561 INFO reaped unknown pid 27219 (exit status 0)
2026-01-28 12:59:03,876 INFO reaped unknown pid 27230 (exit status 0)
2026-01-28 12:59:09,175 INFO reaped unknown pid 27237 (exit status 0)
2026-01-28 12:59:13,879 INFO reaped unknown pid 27244 (exit status 0)
2026-01-28 12:59:19,198 INFO reaped unknown pid 27251 (exit status 0)
2026-01-28 12:59:24,035 INFO reaped unknown pid 27258 (exit status 0)
2026-01-28 12:59:29,225 INFO reaped unknown pid 27265 (exit status 0)
2026-01-28 12:59:34,182 INFO reaped unknown pid 27272 (exit status 0)
2026-01-28 12:59:39,255 INFO reaped unknown pid 27279 (exit status 0)
2026-01-28 12:59:44,293 INFO reaped unknown pid 27286 (exit status 0)
2026-01-28 12:59:49,352 INFO reaped unknown pid 27293 (exit status 0)
2026-01-28 12:59:54,397 INFO reaped unknown pid 27300 (exit status 0)
2026-01-28 12:59:59,470 INFO reaped unknown pid 27307 (exit status 0)
2026-01-28 13:00:04,954 INFO reaped unknown pid 27318 (exit status 0)
2026-01-28 13:00:09,226 INFO reaped unknown pid 27325 (exit status 0)
2026-01-28 13:00:14,153 INFO reaped unknown pid 27332 (exit status 0)
2026-01-28 13:00:19,217 INFO reaped unknown pid 27339 (exit status 0)
2026-01-28 13:00:24,235 INFO reaped unknown pid 27346 (exit status 0)
2026-01-28 13:00:29,292 INFO reaped unknown pid 27353 (exit status 0)
2026-01-28 13:00:34,318 INFO reaped unknown pid 27360 (exit status 0)
2026-01-28 13:00:39,399 INFO reaped unknown pid 27367 (exit status 0)
2026-01-28 13:00:44,452 INFO reaped unknown pid 27374 (exit status 0)
2026-01-28 13:00:49,529 INFO reaped unknown pid 27381 (exit status 0)
2026-01-28 13:00:54,575 INFO reaped unknown pid 27388 (exit status 0)
2026-01-28 13:00:59,674 INFO reaped unknown pid 27395 (exit status 0)
2026-01-28 13:01:03,866 INFO reaped unknown pid 27406 (exit status 0)
2026-01-28 13:01:09,179 INFO reaped unknown pid 27413 (exit status 0)
2026-01-28 13:01:13,992 INFO reaped unknown pid 27420 (exit status 0)
2026-01-28 13:01:19,075 INFO reaped unknown pid 27427 (exit status 0)
2026-01-28 13:01:24,110 INFO reaped unknown pid 27434 (exit status 0)
2026-01-28 13:01:29,282 INFO reaped unknown pid 27441 (exit status 0)
2026-01-28 13:01:34,333 INFO reaped unknown pid 27448 (exit status 0)
2026-01-28 13:01:39,360 INFO reaped unknown pid 27455 (exit status 0)
2026-01-28 13:01:44,458 INFO reaped unknown pid 27462 (exit status 0)
2026-01-28 13:01:49,475 INFO reaped unknown pid 27469 (exit status 0)
2026-01-28 13:01:54,490 INFO reaped unknown pid 27476 (exit status 0)
2026-01-28 13:01:59,585 INFO reaped unknown pid 27483 (exit status 0)
2026-01-28 13:02:03,879 INFO reaped unknown pid 27494 (exit status 0)
2026-01-28 13:02:08,999 INFO reaped unknown pid 27501 (exit status 0)
2026-01-28 13:02:13,910 INFO reaped unknown pid 27508 (exit status 0)
2026-01-28 13:02:19,110 INFO reaped unknown pid 27515 (exit status 0)
2026-01-28 13:02:24,012 INFO reaped unknown pid 27522 (exit status 0)
2026-01-28 13:02:29,328 INFO reaped unknown pid 27529 (exit status 0)
2026-01-28 13:02:34,029 INFO reaped unknown pid 27536 (exit status 0)
2026-01-28 13:02:39,367 INFO reaped unknown pid 27543 (exit status 0)
2026-01-28 13:02:44,151 INFO reaped unknown pid 27550 (exit status 0)
2026-01-28 13:02:49,328 INFO reaped unknown pid 27557 (exit status 0)
2026-01-28 13:02:54,224 INFO reaped unknown pid 27564 (exit status 0)
2026-01-28 13:02:59,286 INFO reaped unknown pid 27571 (exit status 0)
2026-01-28 13:03:03,799 INFO reaped unknown pid 27582 (exit status 0)
2026-01-28 13:03:08,831 INFO reaped unknown pid 27589 (exit status 0)
2026-01-28 13:03:13,856 INFO reaped unknown pid 27596 (exit status 0)
2026-01-28 13:03:18,871 INFO reaped unknown pid 27603 (exit status 0)
2026-01-28 13:03:23,922 INFO reaped unknown pid 27610 (exit status 0)
2026-01-28 13:03:28,952 INFO reaped unknown pid 27617 (exit status 0)
2026-01-28 13:03:34,017 INFO reaped unknown pid 27624 (exit status 0)
2026-01-28 13:03:39,395 INFO reaped unknown pid 27631 (exit status 0)
2026-01-28 13:03:44,109 INFO reaped unknown pid 27638 (exit status 0)
2026-01-28 13:03:49,392 INFO reaped unknown pid 27645 (exit status 0)
2026-01-28 13:03:54,299 INFO reaped unknown pid 27652 (exit status 0)
2026-01-28 13:03:59,375 INFO reaped unknown pid 27659 (exit status 0)
2026-01-28 13:04:03,890 INFO reaped unknown pid 27670 (exit status 0)
2026-01-28 13:04:08,909 INFO reaped unknown pid 27677 (exit status 0)
2026-01-28 13:04:13,955 INFO reaped unknown pid 27684 (exit status 0)
2026-01-28 13:04:19,252 INFO reaped unknown pid 27691 (exit status 0)
2026-01-28 13:04:24,059 INFO reaped unknown pid 27698 (exit status 0)
2026-01-28 13:04:29,446 INFO reaped unknown pid 27705 (exit status 0)
2026-01-28 13:04:34,262 INFO reaped unknown pid 27712 (exit status 0)
2026-01-28 13:04:39,445 INFO reaped unknown pid 27719 (exit status 0)
2026-01-28 13:04:44,404 INFO reaped unknown pid 27726 (exit status 0)
2026-01-28 13:04:49,443 INFO reaped unknown pid 27733 (exit status 0)
2026-01-28 13:04:54,468 INFO reaped unknown pid 27740 (exit status 0)
2026-01-28 13:04:59,465 INFO reaped unknown pid 27747 (exit status 0)
2026-01-28 13:05:04,938 INFO reaped unknown pid 27758 (exit status 0)
2026-01-28 13:05:08,952 INFO reaped unknown pid 27765 (exit status 0)
2026-01-28 13:05:14,051 INFO reaped unknown pid 27772 (exit status 0)
2026-01-28 13:05:19,457 INFO reaped unknown pid 27779 (exit status 0)
2026-01-28 13:05:24,238 INFO reaped unknown pid 27786 (exit status 0)
2026-01-28 13:05:29,427 INFO reaped unknown pid 27793 (exit status 0)
2026-01-28 13:05:34,273 INFO reaped unknown pid 27800 (exit status 0)
2026-01-28 13:05:39,415 INFO reaped unknown pid 27807 (exit status 0)
2026-01-28 13:05:44,363 INFO reaped unknown pid 27814 (exit status 0)
2026-01-28 13:05:49,418 INFO reaped unknown pid 27821 (exit status 0)
2026-01-28 13:05:54,450 INFO reaped unknown pid 27828 (exit status 0)
2026-01-28 13:05:59,490 INFO reaped unknown pid 27835 (exit status 0)
2026-01-28 13:06:03,758 INFO reaped unknown pid 27846 (exit status 0)
2026-01-28 13:06:08,813 INFO reaped unknown pid 27853 (exit status 0)
2026-01-28 13:06:13,877 INFO reaped unknown pid 27860 (exit status 0)
2026-01-28 13:06:18,950 INFO reaped unknown pid 27867 (exit status 0)
2026-01-28 13:06:24,024 INFO reaped unknown pid 27874 (exit status 0)
2026-01-28 13:06:29,508 INFO reaped unknown pid 27881 (exit status 0)
2026-01-28 13:06:34,390 INFO reaped unknown pid 27888 (exit status 0)
2026-01-28 13:06:39,443 INFO reaped unknown pid 27895 (exit status 0)
2026-01-28 13:06:44,498 INFO reaped unknown pid 27902 (exit status 0)
2026-01-28 13:06:49,575 INFO reaped unknown pid 27909 (exit status 0)
2026-01-28 13:06:54,621 INFO reaped unknown pid 27916 (exit status 0)
2026-01-28 13:06:59,676 INFO reaped unknown pid 27923 (exit status 0)
2026-01-28 13:07:03,927 INFO reaped unknown pid 27934 (exit status 0)
2026-01-28 13:07:08,993 INFO reaped unknown pid 27941 (exit status 0)
2026-01-28 13:07:14,020 INFO reaped unknown pid 27948 (exit status 0)
2026-01-28 13:07:19,192 INFO reaped unknown pid 27955 (exit status 0)
2026-01-28 13:07:24,127 INFO reaped unknown pid 27962 (exit status 0)
2026-01-28 13:07:29,501 INFO reaped unknown pid 27969 (exit status 0)
2026-01-28 13:07:34,314 INFO reaped unknown pid 27976 (exit status 0)
2026-01-28 13:07:39,489 INFO reaped unknown pid 27983 (exit status 0)
2026-01-28 13:07:44,383 INFO reaped unknown pid 27990 (exit status 0)
2026-01-28 13:07:49,543 INFO reaped unknown pid 27997 (exit status 0)
2026-01-28 13:07:54,558 INFO reaped unknown pid 28004 (exit status 0)
2026-01-28 13:07:59,651 INFO reaped unknown pid 28011 (exit status 0)
2026-01-28 13:08:03,843 INFO reaped unknown pid 28022 (exit status 0)
2026-01-28 13:08:08,946 INFO reaped unknown pid 28029 (exit status 0)
2026-01-28 13:08:14,008 INFO reaped unknown pid 28036 (exit status 0)
2026-01-28 13:08:19,028 INFO reaped unknown pid 28043 (exit status 0)
2026-01-28 13:08:24,077 INFO reaped unknown pid 28050 (exit status 0)
2026-01-28 13:08:29,336 INFO reaped unknown pid 28057 (exit status 0)
2026-01-28 13:08:34,182 INFO reaped unknown pid 28064 (exit status 0)
2026-01-28 13:08:39,422 INFO reaped unknown pid 28071 (exit status 0)
2026-01-28 13:08:44,284 INFO reaped unknown pid 28078 (exit status 0)
2026-01-28 13:08:49,469 INFO reaped unknown pid 28085 (exit status 0)
2026-01-28 13:08:54,411 INFO reaped unknown pid 28092 (exit status 0)
2026-01-28 13:08:59,537 INFO reaped unknown pid 28099 (exit status 0)
2026-01-28 13:09:03,843 INFO reaped unknown pid 28110 (exit status 0)
2026-01-28 13:09:08,867 INFO reaped unknown pid 28117 (exit status 0)
2026-01-28 13:09:13,894 INFO reaped unknown pid 28124 (exit status 0)
2026-01-28 13:09:18,924 INFO reaped unknown pid 28131 (exit status 0)
2026-01-28 13:09:23,941 INFO reaped unknown pid 28138 (exit status 0)
2026-01-28 13:09:28,966 INFO reaped unknown pid 28145 (exit status 0)
2026-01-28 13:09:34,049 INFO reaped unknown pid 28152 (exit status 0)
2026-01-28 13:09:39,100 INFO reaped unknown pid 28159 (exit status 0)
2026-01-28 13:09:44,188 INFO reaped unknown pid 28166 (exit status 0)
2026-01-28 13:09:49,582 INFO reaped unknown pid 28173 (exit status 0)
2026-01-28 13:09:54,255 INFO reaped unknown pid 28180 (exit status 0)
2026-01-28 13:09:59,557 INFO reaped unknown pid 28187 (exit status 0)
2026-01-28 13:10:03,885 INFO reaped unknown pid 28198 (exit status 0)
2026-01-28 13:10:08,942 INFO reaped unknown pid 28205 (exit status 0)
2026-01-28 13:10:13,986 INFO reaped unknown pid 28212 (exit status 0)
2026-01-28 13:10:19,064 INFO reaped unknown pid 28219 (exit status 0)
2026-01-28 13:10:24,084 INFO reaped unknown pid 28226 (exit status 0)
2026-01-28 13:10:29,131 INFO reaped unknown pid 28233 (exit status 0)
2026-01-28 13:10:34,139 INFO reaped unknown pid 28240 (exit status 0)
2026-01-28 13:10:39,145 INFO reaped unknown pid 28247 (exit status 0)
2026-01-28 13:10:44,251 INFO reaped unknown pid 28254 (exit status 0)
2026-01-28 13:10:49,547 INFO reaped unknown pid 28261 (exit status 0)
2026-01-28 13:10:54,364 INFO reaped unknown pid 28268 (exit status 0)
2026-01-28 13:10:59,600 INFO reaped unknown pid 28275 (exit status 0)
2026-01-28 13:11:03,862 INFO reaped unknown pid 28286 (exit status 0)
2026-01-28 13:11:08,865 INFO reaped unknown pid 28293 (exit status 0)
2026-01-28 13:11:13,911 INFO reaped unknown pid 28300 (exit status 0)
2026-01-28 13:11:18,981 INFO reaped unknown pid 28307 (exit status 0)
2026-01-28 13:11:24,086 INFO reaped unknown pid 28314 (exit status 0)
2026-01-28 13:11:29,634 INFO reaped unknown pid 28321 (exit status 0)
2026-01-28 13:11:34,193 INFO reaped unknown pid 28328 (exit status 0)
2026-01-28 13:11:39,665 INFO reaped unknown pid 28335 (exit status 0)
2026-01-28 13:11:44,323 INFO reaped unknown pid 28342 (exit status 0)
2026-01-28 13:11:49,635 INFO reaped unknown pid 28349 (exit status 0)
2026-01-28 13:11:54,448 INFO reaped unknown pid 28356 (exit status 0)
2026-01-28 13:11:59,655 INFO reaped unknown pid 28363 (exit status 0)
2026-01-28 13:12:03,837 INFO reaped unknown pid 28374 (exit status 0)
2026-01-28 13:12:08,914 INFO reaped unknown pid 28381 (exit status 0)
2026-01-28 13:12:14,005 INFO reaped unknown pid 28388 (exit status 0)
2026-01-28 13:12:19,048 INFO reaped unknown pid 28395 (exit status 0)
2026-01-28 13:12:24,140 INFO reaped unknown pid 28402 (exit status 0)
2026-01-28 13:12:29,180 INFO reaped unknown pid 28409 (exit status 0)
2026-01-28 13:12:34,299 INFO reaped unknown pid 28416 (exit status 0)
2026-01-28 13:12:39,689 INFO reaped unknown pid 28423 (exit status 0)
2026-01-28 13:12:44,384 INFO reaped unknown pid 28430 (exit status 0)
2026-01-28 13:12:49,687 INFO reaped unknown pid 28437 (exit status 0)
2026-01-28 13:12:54,525 INFO reaped unknown pid 28444 (exit status 0)
2026-01-28 13:12:59,761 INFO reaped unknown pid 28451 (exit status 0)
2026-01-28 13:13:03,899 INFO reaped unknown pid 28462 (exit status 0)
2026-01-28 13:13:08,898 INFO reaped unknown pid 28469 (exit status 0)
2026-01-28 13:13:13,980 INFO reaped unknown pid 28476 (exit status 0)
2026-01-28 13:13:19,059 INFO reaped unknown pid 28483 (exit status 0)
2026-01-28 13:13:24,114 INFO reaped unknown pid 28490 (exit status 0)
2026-01-28 13:13:29,159 INFO reaped unknown pid 28497 (exit status 0)
2026-01-28 13:13:34,240 INFO reaped unknown pid 28504 (exit status 0)
2026-01-28 13:13:39,403 INFO reaped unknown pid 28511 (exit status 0)
2026-01-28 13:13:44,301 INFO reaped unknown pid 28518 (exit status 0)
2026-01-28 13:13:49,735 INFO reaped unknown pid 28525 (exit status 0)
2026-01-28 13:13:54,424 INFO reaped unknown pid 28532 (exit status 0)
2026-01-28 13:13:59,734 INFO reaped unknown pid 28539 (exit status 0)
2026-01-28 13:14:03,799 INFO reaped unknown pid 28550 (exit status 0)
2026-01-28 13:14:08,884 INFO reaped unknown pid 28557 (exit status 0)
2026-01-28 13:14:13,969 INFO reaped unknown pid 28564 (exit status 0)
2026-01-28 13:14:19,010 INFO reaped unknown pid 28571 (exit status 0)
2026-01-28 13:14:24,076 INFO reaped unknown pid 28578 (exit status 0)
2026-01-28 13:14:29,126 INFO reaped unknown pid 28585 (exit status 0)
2026-01-28 13:14:34,168 INFO reaped unknown pid 28592 (exit status 0)
2026-01-28 13:14:39,251 INFO reaped unknown pid 28599 (exit status 0)
2026-01-28 13:14:44,332 INFO reaped unknown pid 28606 (exit status 0)
2026-01-28 13:14:49,376 INFO reaped unknown pid 28613 (exit status 0)
2026-01-28 13:14:54,472 INFO reaped unknown pid 28620 (exit status 0)
2026-01-28 13:14:59,821 INFO reaped unknown pid 28627 (exit status 0)
2026-01-28 13:15:04,829 INFO reaped unknown pid 28638 (exit status 0)
2026-01-28 13:15:09,856 INFO reaped unknown pid 28645 (exit status 0)
2026-01-28 13:15:14,888 INFO reaped unknown pid 28652 (exit status 0)
2026-01-28 13:15:19,952 INFO reaped unknown pid 28659 (exit status 0)
2026-01-28 13:15:24,962 INFO reaped unknown pid 28666 (exit status 0)
2026-01-28 13:15:29,995 INFO reaped unknown pid 28673 (exit status 0)
2026-01-28 13:15:35,054 INFO reaped unknown pid 28680 (exit status 0)
2026-01-28 13:15:40,142 INFO reaped unknown pid 28687 (exit status 0)
2026-01-28 13:15:45,185 INFO reaped unknown pid 28694 (exit status 0)
2026-01-28 13:15:50,237 INFO reaped unknown pid 28701 (exit status 0)
2026-01-28 13:15:55,280 INFO reaped unknown pid 28708 (exit status 0)
2026-01-28 13:16:00,085 INFO reaped unknown pid 28715 (exit status 0)
2026-01-28 13:16:03,893 INFO reaped unknown pid 28726 (exit status 0)
2026-01-28 13:16:08,941 INFO reaped unknown pid 28733 (exit status 0)
2026-01-28 13:16:14,008 INFO reaped unknown pid 28740 (exit status 0)
2026-01-28 13:16:19,058 INFO reaped unknown pid 28747 (exit status 0)
2026-01-28 13:16:24,072 INFO reaped unknown pid 28754 (exit status 0)
2026-01-28 13:16:29,118 INFO reaped unknown pid 28761 (exit status 0)
2026-01-28 13:16:34,227 INFO reaped unknown pid 28768 (exit status 0)
2026-01-28 13:16:39,261 INFO reaped unknown pid 28775 (exit status 0)
2026-01-28 13:16:44,346 INFO reaped unknown pid 28782 (exit status 0)
2026-01-28 13:16:49,414 INFO reaped unknown pid 28789 (exit status 0)
2026-01-28 13:16:54,482 INFO reaped unknown pid 28796 (exit status 0)
2026-01-28 13:16:59,579 INFO reaped unknown pid 28803 (exit status 0)
2026-01-28 13:17:03,872 INFO reaped unknown pid 28814 (exit status 0)
2026-01-28 13:17:08,925 INFO reaped unknown pid 28821 (exit status 0)
2026-01-28 13:17:13,937 INFO reaped unknown pid 28828 (exit status 0)
2026-01-28 13:17:19,005 INFO reaped unknown pid 28835 (exit status 0)
2026-01-28 13:17:24,007 INFO reaped unknown pid 28842 (exit status 0)
2026-01-28 13:17:29,013 INFO reaped unknown pid 28849 (exit status 0)
2026-01-28 13:17:34,042 INFO reaped unknown pid 28856 (exit status 0)
2026-01-28 13:17:39,109 INFO reaped unknown pid 28863 (exit status 0)
2026-01-28 13:17:44,141 INFO reaped unknown pid 28870 (exit status 0)
2026-01-28 13:17:49,143 INFO reaped unknown pid 28877 (exit status 0)
2026-01-28 13:17:54,146 INFO reaped unknown pid 28884 (exit status 0)
2026-01-28 13:17:59,244 INFO reaped unknown pid 28891 (exit status 0)
2026-01-28 13:18:03,801 INFO reaped unknown pid 28902 (exit status 0)
2026-01-28 13:18:08,819 INFO reaped unknown pid 28909 (exit status 0)
2026-01-28 13:18:13,891 INFO reaped unknown pid 28916 (exit status 0)
2026-01-28 13:18:18,921 INFO reaped unknown pid 28923 (exit status 0)
2026-01-28 13:18:23,925 INFO reaped unknown pid 28930 (exit status 0)
2026-01-28 13:18:28,969 INFO reaped unknown pid 28937 (exit status 0)
2026-01-28 13:18:33,987 INFO reaped unknown pid 28944 (exit status 0)
2026-01-28 13:18:39,012 INFO reaped unknown pid 28951 (exit status 0)
2026-01-28 13:18:44,049 INFO reaped unknown pid 28958 (exit status 0)
2026-01-28 13:18:49,115 INFO reaped unknown pid 28965 (exit status 0)
2026-01-28 13:18:54,186 INFO reaped unknown pid 28972 (exit status 0)
2026-01-28 13:18:59,222 INFO reaped unknown pid 28979 (exit status 0)
2026-01-28 13:19:03,793 INFO reaped unknown pid 28990 (exit status 0)
2026-01-28 13:19:08,835 INFO reaped unknown pid 28997 (exit status 0)
2026-01-28 13:19:13,888 INFO reaped unknown pid 29004 (exit status 0)
2026-01-28 13:19:18,981 INFO reaped unknown pid 29011 (exit status 0)
2026-01-28 13:19:24,000 INFO reaped unknown pid 29018 (exit status 0)
2026-01-28 13:19:29,047 INFO reaped unknown pid 29025 (exit status 0)
2026-01-28 13:19:34,104 INFO reaped unknown pid 29032 (exit status 0)
2026-01-28 13:19:39,189 INFO reaped unknown pid 29039 (exit status 0)
2026-01-28 13:19:44,274 INFO reaped unknown pid 29046 (exit status 0)
2026-01-28 13:19:49,337 INFO reaped unknown pid 29053 (exit status 0)
2026-01-28 13:19:54,392 INFO reaped unknown pid 29060 (exit status 0)
2026-01-28 13:19:59,452 INFO reaped unknown pid 29067 (exit status 0)
2026-01-28 13:20:04,829 INFO reaped unknown pid 29078 (exit status 0)
2026-01-28 13:20:08,919 INFO reaped unknown pid 29085 (exit status 0)
2026-01-28 13:20:13,970 INFO reaped unknown pid 29092 (exit status 0)
2026-01-28 13:20:18,995 INFO reaped unknown pid 29099 (exit status 0)
2026-01-28 13:20:24,056 INFO reaped unknown pid 29106 (exit status 0)
2026-01-28 13:20:29,155 INFO reaped unknown pid 29113 (exit status 0)
2026-01-28 13:20:34,238 INFO reaped unknown pid 29120 (exit status 0)
2026-01-28 13:20:39,316 INFO reaped unknown pid 29127 (exit status 0)
2026-01-28 13:20:44,343 INFO reaped unknown pid 29134 (exit status 0)
2026-01-28 13:20:49,422 INFO reaped unknown pid 29141 (exit status 0)
2026-01-28 13:20:54,487 INFO reaped unknown pid 29148 (exit status 0)
2026-01-28 13:20:59,543 INFO reaped unknown pid 29155 (exit status 0)
2026-01-28 13:21:03,846 INFO reaped unknown pid 29166 (exit status 0)
2026-01-28 13:21:08,982 INFO reaped unknown pid 29173 (exit status 0)
2026-01-28 13:21:13,978 INFO reaped unknown pid 29180 (exit status 0)
2026-01-28 13:21:19,013 INFO reaped unknown pid 29187 (exit status 0)
2026-01-28 13:21:24,058 INFO reaped unknown pid 29194 (exit status 0)
2026-01-28 13:21:29,148 INFO reaped unknown pid 29201 (exit status 0)
2026-01-28 13:21:34,170 INFO reaped unknown pid 29208 (exit status 0)
2026-01-28 13:21:39,199 INFO reaped unknown pid 29215 (exit status 0)
2026-01-28 13:21:44,215 INFO reaped unknown pid 29222 (exit status 0)
2026-01-28 13:21:49,279 INFO reaped unknown pid 29229 (exit status 0)
2026-01-28 13:21:54,358 INFO reaped unknown pid 29236 (exit status 0)
2026-01-28 13:21:59,417 INFO reaped unknown pid 29243 (exit status 0)
2026-01-28 13:22:03,833 INFO reaped unknown pid 29254 (exit status 0)
2026-01-28 13:22:08,881 INFO reaped unknown pid 29261 (exit status 0)
2026-01-28 13:22:13,931 INFO reaped unknown pid 29268 (exit status 0)
2026-01-28 13:22:18,978 INFO reaped unknown pid 29275 (exit status 0)
2026-01-28 13:22:24,036 INFO reaped unknown pid 29282 (exit status 0)
2026-01-28 13:22:30,143 INFO reaped unknown pid 29289 (exit status 0)
2026-01-28 13:22:34,241 INFO reaped unknown pid 29296 (exit status 0)
2026-01-28 13:22:39,289 INFO reaped unknown pid 29303 (exit status 0)
2026-01-28 13:22:44,296 INFO reaped unknown pid 29310 (exit status 0)
2026-01-28 13:22:49,338 INFO reaped unknown pid 29317 (exit status 0)
2026-01-28 13:22:54,361 INFO reaped unknown pid 29324 (exit status 0)
2026-01-28 13:22:59,415 INFO reaped unknown pid 29331 (exit status 0)
2026-01-28 13:23:03,860 INFO reaped unknown pid 29342 (exit status 0)
2026-01-28 13:23:08,899 INFO reaped unknown pid 29349 (exit status 0)
2026-01-28 13:23:13,916 INFO reaped unknown pid 29356 (exit status 0)
2026-01-28 13:23:18,951 INFO reaped unknown pid 29363 (exit status 0)
2026-01-28 13:23:23,961 INFO reaped unknown pid 29370 (exit status 0)
2026-01-28 13:23:29,009 INFO reaped unknown pid 29377 (exit status 0)
2026-01-28 13:23:34,100 INFO reaped unknown pid 29384 (exit status 0)
2026-01-28 13:23:39,158 INFO reaped unknown pid 29391 (exit status 0)
2026-01-28 13:23:44,223 INFO reaped unknown pid 29398 (exit status 0)
2026-01-28 13:23:49,257 INFO reaped unknown pid 29405 (exit status 0)
2026-01-28 13:23:54,314 INFO reaped unknown pid 29412 (exit status 0)
2026-01-28 13:23:59,365 INFO reaped unknown pid 29419 (exit status 0)
2026-01-28 13:24:03,777 INFO reaped unknown pid 29430 (exit status 0)
2026-01-28 13:24:08,882 INFO reaped unknown pid 29437 (exit status 0)
2026-01-28 13:24:13,925 INFO reaped unknown pid 29444 (exit status 0)
2026-01-28 13:24:19,012 INFO reaped unknown pid 29451 (exit status 0)
2026-01-28 13:24:24,068 INFO reaped unknown pid 29458 (exit status 0)
2026-01-28 13:24:29,066 INFO reaped unknown pid 29465 (exit status 0)
2026-01-28 13:24:34,158 INFO reaped unknown pid 29472 (exit status 0)
2026-01-28 13:24:39,191 INFO reaped unknown pid 29479 (exit status 0)
2026-01-28 13:24:44,272 INFO reaped unknown pid 29486 (exit status 0)
2026-01-28 13:24:49,347 INFO reaped unknown pid 29493 (exit status 0)
2026-01-28 13:24:54,403 INFO reaped unknown pid 29500 (exit status 0)
2026-01-28 13:24:59,484 INFO reaped unknown pid 29507 (exit status 0)
2026-01-28 13:25:04,887 INFO reaped unknown pid 29518 (exit status 0)
2026-01-28 13:25:09,892 INFO reaped unknown pid 29525 (exit status 0)
2026-01-28 13:25:13,926 INFO reaped unknown pid 29532 (exit status 0)
2026-01-28 13:25:19,027 INFO reaped unknown pid 29539 (exit status 0)
2026-01-28 13:25:24,051 INFO reaped unknown pid 29546 (exit status 0)
2026-01-28 13:25:29,078 INFO reaped unknown pid 29553 (exit status 0)
2026-01-28 13:25:34,154 INFO reaped unknown pid 29560 (exit status 0)
2026-01-28 13:25:39,211 INFO reaped unknown pid 29567 (exit status 0)
2026-01-28 13:25:44,252 INFO reaped unknown pid 29574 (exit status 0)
2026-01-28 13:25:49,271 INFO reaped unknown pid 29581 (exit status 0)
2026-01-28 13:25:54,338 INFO reaped unknown pid 29588 (exit status 0)
2026-01-28 13:25:59,444 INFO reaped unknown pid 29595 (exit status 0)
2026-01-28 13:26:03,879 INFO reaped unknown pid 29606 (exit status 0)
2026-01-28 13:26:08,994 INFO reaped unknown pid 29613 (exit status 0)
2026-01-28 13:26:14,008 INFO reaped unknown pid 29620 (exit status 0)
2026-01-28 13:26:19,031 INFO reaped unknown pid 29627 (exit status 0)
2026-01-28 13:26:24,108 INFO reaped unknown pid 29634 (exit status 0)
2026-01-28 13:26:29,156 INFO reaped unknown pid 29641 (exit status 0)
2026-01-28 13:26:34,216 INFO reaped unknown pid 29648 (exit status 0)
2026-01-28 13:26:39,277 INFO reaped unknown pid 29655 (exit status 0)
2026-01-28 13:26:44,297 INFO reaped unknown pid 29662 (exit status 0)
2026-01-28 13:26:49,357 INFO reaped unknown pid 29669 (exit status 0)
2026-01-28 13:26:54,447 INFO reaped unknown pid 29676 (exit status 0)
2026-01-28 13:26:59,446 INFO reaped unknown pid 29683 (exit status 0)
2026-01-28 13:27:03,874 INFO reaped unknown pid 29694 (exit status 0)
2026-01-28 13:27:09,880 INFO reaped unknown pid 29701 (exit status 0)
2026-01-28 13:27:13,931 INFO reaped unknown pid 29708 (exit status 0)
2026-01-28 13:27:18,955 INFO reaped unknown pid 29715 (exit status 0)
2026-01-28 13:27:24,005 INFO reaped unknown pid 29722 (exit status 0)
2026-01-28 13:27:29,094 INFO reaped unknown pid 29729 (exit status 0)
2026-01-28 13:27:34,146 INFO reaped unknown pid 29736 (exit status 0)
2026-01-28 13:27:39,195 INFO reaped unknown pid 29743 (exit status 0)
2026-01-28 13:27:44,197 INFO reaped unknown pid 29750 (exit status 0)
2026-01-28 13:27:49,262 INFO reaped unknown pid 29757 (exit status 0)
2026-01-28 13:27:54,276 INFO reaped unknown pid 29764 (exit status 0)
2026-01-28 13:27:59,321 INFO reaped unknown pid 29771 (exit status 0)
2026-01-28 13:28:03,776 INFO reaped unknown pid 29782 (exit status 0)
2026-01-28 13:28:08,810 INFO reaped unknown pid 29789 (exit status 0)
2026-01-28 13:28:13,833 INFO reaped unknown pid 29796 (exit status 0)
2026-01-28 13:28:18,826 INFO reaped unknown pid 29803 (exit status 0)
2026-01-28 13:28:23,838 INFO reaped unknown pid 29810 (exit status 0)
2026-01-28 13:28:28,876 INFO reaped unknown pid 29817 (exit status 0)
2026-01-28 13:28:33,981 INFO reaped unknown pid 29824 (exit status 0)
2026-01-28 13:28:39,036 INFO reaped unknown pid 29831 (exit status 0)
2026-01-28 13:28:44,033 INFO reaped unknown pid 29838 (exit status 0)
2026-01-28 13:28:49,107 INFO reaped unknown pid 29845 (exit status 0)
2026-01-28 13:28:54,195 INFO reaped unknown pid 29852 (exit status 0)
2026-01-28 13:28:59,223 INFO reaped unknown pid 29859 (exit status 0)
2026-01-28 13:29:03,880 INFO reaped unknown pid 29870 (exit status 0)
2026-01-28 13:29:08,922 INFO reaped unknown pid 29877 (exit status 0)
2026-01-28 13:29:14,008 INFO reaped unknown pid 29884 (exit status 0)
2026-01-28 13:29:19,100 INFO reaped unknown pid 29891 (exit status 0)
2026-01-28 13:29:24,137 INFO reaped unknown pid 29898 (exit status 0)
2026-01-28 13:29:30,164 INFO reaped unknown pid 29905 (exit status 0)
2026-01-28 13:29:34,206 INFO reaped unknown pid 29912 (exit status 0)
2026-01-28 13:29:39,296 INFO reaped unknown pid 29919 (exit status 0)
2026-01-28 13:29:44,361 INFO reaped unknown pid 29926 (exit status 0)
2026-01-28 13:29:49,415 INFO reaped unknown pid 29933 (exit status 0)
2026-01-28 13:29:54,473 INFO reaped unknown pid 29940 (exit status 0)
2026-01-28 13:29:59,489 INFO reaped unknown pid 29947 (exit status 0)
2026-01-28 13:30:04,966 INFO reaped unknown pid 29958 (exit status 0)
2026-01-28 13:30:09,054 INFO reaped unknown pid 29965 (exit status 0)
2026-01-28 13:30:14,133 INFO reaped unknown pid 29972 (exit status 0)
2026-01-28 13:30:19,241 INFO reaped unknown pid 29979 (exit status 0)
2026-01-28 13:30:24,298 INFO reaped unknown pid 29986 (exit status 0)
2026-01-28 13:30:29,298 INFO reaped unknown pid 29993 (exit status 0)
2026-01-28 13:30:34,360 INFO reaped unknown pid 30000 (exit status 0)
2026-01-28 13:30:39,402 INFO reaped unknown pid 30007 (exit status 0)
2026-01-28 13:30:44,492 INFO reaped unknown pid 30014 (exit status 0)
2026-01-28 13:30:49,520 INFO reaped unknown pid 30021 (exit status 0)
2026-01-28 13:30:54,577 INFO reaped unknown pid 30028 (exit status 0)
2026-01-28 13:30:59,679 INFO reaped unknown pid 30035 (exit status 0)
2026-01-28 13:31:03,968 INFO reaped unknown pid 30046 (exit status 0)
2026-01-28 13:31:08,979 INFO reaped unknown pid 30053 (exit status 0)
2026-01-28 13:31:14,030 INFO reaped unknown pid 30060 (exit status 0)
2026-01-28 13:31:19,034 INFO reaped unknown pid 30067 (exit status 0)
2026-01-28 13:31:24,104 INFO reaped unknown pid 30074 (exit status 0)
2026-01-28 13:31:29,210 INFO reaped unknown pid 30081 (exit status 0)
2026-01-28 13:31:34,258 INFO reaped unknown pid 30088 (exit status 0)
2026-01-28 13:31:39,303 INFO reaped unknown pid 30095 (exit status 0)
2026-01-28 13:31:44,357 INFO reaped unknown pid 30102 (exit status 0)
2026-01-28 13:31:49,359 INFO reaped unknown pid 30109 (exit status 0)
2026-01-28 13:31:54,377 INFO reaped unknown pid 30116 (exit status 0)
2026-01-28 13:31:59,405 INFO reaped unknown pid 30123 (exit status 0)
2026-01-28 13:32:03,850 INFO reaped unknown pid 30134 (exit status 0)
2026-01-28 13:32:08,912 INFO reaped unknown pid 30141 (exit status 0)
2026-01-28 13:32:13,940 INFO reaped unknown pid 30148 (exit status 0)
2026-01-28 13:32:18,962 INFO reaped unknown pid 30155 (exit status 0)
2026-01-28 13:32:24,042 INFO reaped unknown pid 30162 (exit status 0)
2026-01-28 13:32:29,129 INFO reaped unknown pid 30169 (exit status 0)
2026-01-28 13:32:34,142 INFO reaped unknown pid 30176 (exit status 0)
2026-01-28 13:32:40,165 INFO reaped unknown pid 30183 (exit status 0)
2026-01-28 13:32:44,247 INFO reaped unknown pid 30190 (exit status 0)
2026-01-28 13:32:49,343 INFO reaped unknown pid 30197 (exit status 0)
2026-01-28 13:32:54,392 INFO reaped unknown pid 30204 (exit status 0)
2026-01-28 13:32:59,491 INFO reaped unknown pid 30211 (exit status 0)
2026-01-28 13:33:03,890 INFO reaped unknown pid 30222 (exit status 0)
2026-01-28 13:33:08,970 INFO reaped unknown pid 30229 (exit status 0)
2026-01-28 13:33:13,974 INFO reaped unknown pid 30236 (exit status 0)
2026-01-28 13:33:19,078 INFO reaped unknown pid 30243 (exit status 0)
2026-01-28 13:33:24,111 INFO reaped unknown pid 30250 (exit status 0)
2026-01-28 13:33:29,119 INFO reaped unknown pid 30257 (exit status 0)
2026-01-28 13:33:34,172 INFO reaped unknown pid 30264 (exit status 0)
2026-01-28 13:33:39,250 INFO reaped unknown pid 30271 (exit status 0)
2026-01-28 13:33:44,320 INFO reaped unknown pid 30278 (exit status 0)
2026-01-28 13:33:49,323 INFO reaped unknown pid 30285 (exit status 0)
2026-01-28 13:33:54,356 INFO reaped unknown pid 30292 (exit status 0)
2026-01-28 13:33:59,376 INFO reaped unknown pid 30299 (exit status 0)
2026-01-28 13:34:03,802 INFO reaped unknown pid 30310 (exit status 0)
2026-01-28 13:34:08,830 INFO reaped unknown pid 30317 (exit status 0)
2026-01-28 13:34:13,919 INFO reaped unknown pid 30324 (exit status 0)
2026-01-28 13:34:19,007 INFO reaped unknown pid 30331 (exit status 0)
2026-01-28 13:34:24,029 INFO reaped unknown pid 30338 (exit status 0)
2026-01-28 13:34:29,038 INFO reaped unknown pid 30345 (exit status 0)
2026-01-28 13:34:34,090 INFO reaped unknown pid 30352 (exit status 0)
2026-01-28 13:34:39,148 INFO reaped unknown pid 30359 (exit status 0)
2026-01-28 13:34:44,174 INFO reaped unknown pid 30366 (exit status 0)
2026-01-28 13:34:49,216 INFO reaped unknown pid 30373 (exit status 0)
2026-01-28 13:34:54,218 INFO reaped unknown pid 30380 (exit status 0)
2026-01-28 13:34:59,326 INFO reaped unknown pid 30387 (exit status 0)
2026-01-28 13:35:04,801 INFO reaped unknown pid 30398 (exit status 0)
2026-01-28 13:35:08,881 INFO reaped unknown pid 30405 (exit status 0)
2026-01-28 13:35:13,958 INFO reaped unknown pid 30412 (exit status 0)
2026-01-28 13:35:18,974 INFO reaped unknown pid 30419 (exit status 0)
2026-01-28 13:35:24,055 INFO reaped unknown pid 30426 (exit status 0)
2026-01-28 13:35:29,067 INFO reaped unknown pid 30433 (exit status 0)
2026-01-28 13:35:34,173 INFO reaped unknown pid 30440 (exit status 0)
2026-01-28 13:35:39,208 INFO reaped unknown pid 30447 (exit status 0)
2026-01-28 13:35:44,251 INFO reaped unknown pid 30454 (exit status 0)
2026-01-28 13:35:49,361 INFO reaped unknown pid 30461 (exit status 0)
2026-01-28 13:35:54,379 INFO reaped unknown pid 30468 (exit status 0)
2026-01-28 13:35:59,441 INFO reaped unknown pid 30475 (exit status 0)
2026-01-28 13:36:03,917 INFO reaped unknown pid 30486 (exit status 0)
2026-01-28 13:36:08,951 INFO reaped unknown pid 30493 (exit status 0)
2026-01-28 13:36:14,040 INFO reaped unknown pid 30500 (exit status 0)
2026-01-28 13:36:19,088 INFO reaped unknown pid 30507 (exit status 0)
2026-01-28 13:36:24,161 INFO reaped unknown pid 30514 (exit status 0)
2026-01-28 13:36:29,190 INFO reaped unknown pid 30521 (exit status 0)
2026-01-28 13:36:34,261 INFO reaped unknown pid 30528 (exit status 0)
2026-01-28 13:36:39,288 INFO reaped unknown pid 30535 (exit status 0)
2026-01-28 13:36:44,377 INFO reaped unknown pid 30542 (exit status 0)
2026-01-28 13:36:49,430 INFO reaped unknown pid 30549 (exit status 0)
2026-01-28 13:36:54,480 INFO reaped unknown pid 30556 (exit status 0)
2026-01-28 13:36:59,491 INFO reaped unknown pid 30563 (exit status 0)
2026-01-28 13:37:03,904 INFO reaped unknown pid 30574 (exit status 0)
2026-01-28 13:37:08,969 INFO reaped unknown pid 30581 (exit status 0)
2026-01-28 13:37:14,069 INFO reaped unknown pid 30588 (exit status 0)
2026-01-28 13:37:19,127 INFO reaped unknown pid 30595 (exit status 0)
2026-01-28 13:37:24,194 INFO reaped unknown pid 30602 (exit status 0)
2026-01-28 13:37:29,204 INFO reaped unknown pid 30609 (exit status 0)
2026-01-28 13:37:34,316 INFO reaped unknown pid 30616 (exit status 0)
2026-01-28 13:37:39,390 INFO reaped unknown pid 30623 (exit status 0)
2026-01-28 13:37:44,453 INFO reaped unknown pid 30630 (exit status 0)
2026-01-28 13:37:49,478 INFO reaped unknown pid 30637 (exit status 0)
2026-01-28 13:37:54,529 INFO reaped unknown pid 30644 (exit status 0)
2026-01-28 13:37:59,623 INFO reaped unknown pid 30651 (exit status 0)
2026-01-28 13:38:03,837 INFO reaped unknown pid 30662 (exit status 0)
2026-01-28 13:38:08,935 INFO reaped unknown pid 30669 (exit status 0)
2026-01-28 13:38:14,041 INFO reaped unknown pid 30676 (exit status 0)
2026-01-28 13:38:19,142 INFO reaped unknown pid 30683 (exit status 0)
2026-01-28 13:38:24,182 INFO reaped unknown pid 30690 (exit status 0)
2026-01-28 13:38:30,379 INFO reaped unknown pid 30697 (exit status 0)
2026-01-28 13:38:34,242 INFO reaped unknown pid 30704 (exit status 0)
2026-01-28 13:38:39,300 INFO reaped unknown pid 30711 (exit status 0)
2026-01-28 13:38:44,317 INFO reaped unknown pid 30718 (exit status 0)
2026-01-28 13:38:50,358 INFO reaped unknown pid 30725 (exit status 0)
2026-01-28 13:38:54,406 INFO reaped unknown pid 30732 (exit status 0)
2026-01-28 13:39:00,104 INFO reaped unknown pid 30739 (exit status 0)
2026-01-28 13:39:03,897 INFO reaped unknown pid 30750 (exit status 0)
2026-01-28 13:39:09,988 INFO reaped unknown pid 30757 (exit status 0)
2026-01-28 13:39:14,023 INFO reaped unknown pid 30764 (exit status 0)
2026-01-28 13:39:19,088 INFO reaped unknown pid 30771 (exit status 0)
2026-01-28 13:39:24,132 INFO reaped unknown pid 30778 (exit status 0)
2026-01-28 13:39:29,132 INFO reaped unknown pid 30785 (exit status 0)
2026-01-28 13:39:34,189 INFO reaped unknown pid 30792 (exit status 0)
2026-01-28 13:39:39,246 INFO reaped unknown pid 30799 (exit status 0)
2026-01-28 13:39:44,264 INFO reaped unknown pid 30806 (exit status 0)
2026-01-28 13:39:49,379 INFO reaped unknown pid 30813 (exit status 0)
2026-01-28 13:39:54,389 INFO reaped unknown pid 30820 (exit status 0)
2026-01-28 13:39:59,470 INFO reaped unknown pid 30827 (exit status 0)
2026-01-28 13:40:04,898 INFO reaped unknown pid 30838 (exit status 0)
2026-01-28 13:40:08,958 INFO reaped unknown pid 30845 (exit status 0)
2026-01-28 13:40:14,034 INFO reaped unknown pid 30852 (exit status 0)
2026-01-28 13:40:19,034 INFO reaped unknown pid 30859 (exit status 0)
2026-01-28 13:40:24,089 INFO reaped unknown pid 30866 (exit status 0)
2026-01-28 13:40:29,183 INFO reaped unknown pid 30873 (exit status 0)
2026-01-28 13:40:34,208 INFO reaped unknown pid 30880 (exit status 0)
2026-01-28 13:40:39,435 INFO reaped unknown pid 30887 (exit status 0)
2026-01-28 13:40:44,381 INFO reaped unknown pid 30894 (exit status 0)
2026-01-28 13:40:49,460 INFO reaped unknown pid 30901 (exit status 0)
2026-01-28 13:40:54,487 INFO reaped unknown pid 30908 (exit status 0)
2026-01-28 13:41:00,067 INFO reaped unknown pid 30915 (exit status 0)
2026-01-28 13:41:03,857 INFO reaped unknown pid 30926 (exit status 0)
2026-01-28 13:41:08,875 INFO reaped unknown pid 30933 (exit status 0)
2026-01-28 13:41:13,921 INFO reaped unknown pid 30940 (exit status 0)
2026-01-28 13:41:18,981 INFO reaped unknown pid 30947 (exit status 0)
2026-01-28 13:41:24,050 INFO reaped unknown pid 30954 (exit status 0)
2026-01-28 13:41:29,114 INFO reaped unknown pid 30961 (exit status 0)
2026-01-28 13:41:34,161 INFO reaped unknown pid 30968 (exit status 0)
2026-01-28 13:41:39,265 INFO reaped unknown pid 30975 (exit status 0)
2026-01-28 13:41:44,350 INFO reaped unknown pid 30982 (exit status 0)
2026-01-28 13:41:50,463 INFO reaped unknown pid 30989 (exit status 0)
2026-01-28 13:41:54,507 INFO reaped unknown pid 30996 (exit status 0)
2026-01-28 13:41:59,574 INFO reaped unknown pid 31003 (exit status 0)
2026-01-28 13:42:03,782 INFO reaped unknown pid 31014 (exit status 0)
2026-01-28 13:42:09,784 INFO reaped unknown pid 31021 (exit status 0)
2026-01-28 13:42:13,855 INFO reaped unknown pid 31028 (exit status 0)
2026-01-28 13:42:18,857 INFO reaped unknown pid 31035 (exit status 0)
2026-01-28 13:42:23,968 INFO reaped unknown pid 31042 (exit status 0)
2026-01-28 13:42:28,969 INFO reaped unknown pid 31049 (exit status 0)
2026-01-28 13:42:33,978 INFO reaped unknown pid 31056 (exit status 0)
2026-01-28 13:42:40,108 INFO reaped unknown pid 31063 (exit status 0)
2026-01-28 13:42:44,102 INFO reaped unknown pid 31070 (exit status 0)
2026-01-28 13:42:50,223 INFO reaped unknown pid 31077 (exit status 0)
2026-01-28 13:42:54,285 INFO reaped unknown pid 31084 (exit status 0)
2026-01-28 13:42:59,350 INFO reaped unknown pid 31091 (exit status 0)
2026-01-28 13:43:03,800 INFO reaped unknown pid 31102 (exit status 0)
2026-01-28 13:43:08,837 INFO reaped unknown pid 31109 (exit status 0)
2026-01-28 13:43:13,897 INFO reaped unknown pid 31116 (exit status 0)
2026-01-28 13:43:18,970 INFO reaped unknown pid 31123 (exit status 0)
2026-01-28 13:43:24,082 INFO reaped unknown pid 31130 (exit status 0)
2026-01-28 13:43:29,113 INFO reaped unknown pid 31137 (exit status 0)
2026-01-28 13:43:34,130 INFO reaped unknown pid 31144 (exit status 0)
2026-01-28 13:43:39,209 INFO reaped unknown pid 31151 (exit status 0)
2026-01-28 13:43:44,250 INFO reaped unknown pid 31158 (exit status 0)
2026-01-28 13:43:49,301 INFO reaped unknown pid 31165 (exit status 0)
2026-01-28 13:43:54,388 INFO reaped unknown pid 31172 (exit status 0)
2026-01-28 13:43:59,488 INFO reaped unknown pid 31179 (exit status 0)
2026-01-28 13:44:03,755 INFO reaped unknown pid 31190 (exit status 0)
2026-01-28 13:44:08,811 INFO reaped unknown pid 31197 (exit status 0)
2026-01-28 13:44:13,914 INFO reaped unknown pid 31204 (exit status 0)
2026-01-28 13:44:18,989 INFO reaped unknown pid 31211 (exit status 0)
2026-01-28 13:44:24,036 INFO reaped unknown pid 31218 (exit status 0)
2026-01-28 13:44:29,071 INFO reaped unknown pid 31225 (exit status 0)
2026-01-28 13:44:34,076 INFO reaped unknown pid 31232 (exit status 0)
2026-01-28 13:44:39,122 INFO reaped unknown pid 31239 (exit status 0)
2026-01-28 13:44:44,148 INFO reaped unknown pid 31246 (exit status 0)
2026-01-28 13:44:49,170 INFO reaped unknown pid 31253 (exit status 0)
2026-01-28 13:44:54,205 INFO reaped unknown pid 31260 (exit status 0)
2026-01-28 13:44:59,251 INFO reaped unknown pid 31267 (exit status 0)
2026-01-28 13:45:03,842 INFO reaped unknown pid 31278 (exit status 0)
2026-01-28 13:45:09,875 INFO reaped unknown pid 31285 (exit status 0)
2026-01-28 13:45:13,956 INFO reaped unknown pid 31292 (exit status 0)
2026-01-28 13:45:19,011 INFO reaped unknown pid 31299 (exit status 0)
2026-01-28 13:45:24,020 INFO reaped unknown pid 31306 (exit status 0)
2026-01-28 13:45:29,072 INFO reaped unknown pid 31313 (exit status 0)
2026-01-28 13:45:34,132 INFO reaped unknown pid 31320 (exit status 0)
2026-01-28 13:45:39,182 INFO reaped unknown pid 31327 (exit status 0)
2026-01-28 13:45:44,253 INFO reaped unknown pid 31334 (exit status 0)
2026-01-28 13:45:49,313 INFO reaped unknown pid 31341 (exit status 0)
2026-01-28 13:45:54,308 INFO reaped unknown pid 31348 (exit status 0)
2026-01-28 13:45:59,375 INFO reaped unknown pid 31355 (exit status 0)
2026-01-28 13:46:03,803 INFO reaped unknown pid 31366 (exit status 0)
2026-01-28 13:46:08,865 INFO reaped unknown pid 31373 (exit status 0)
2026-01-28 13:46:13,942 INFO reaped unknown pid 31380 (exit status 0)
2026-01-28 13:46:19,009 INFO reaped unknown pid 31387 (exit status 0)
2026-01-28 13:46:24,021 INFO reaped unknown pid 31394 (exit status 0)
2026-01-28 13:46:29,079 INFO reaped unknown pid 31401 (exit status 0)
2026-01-28 13:46:34,101 INFO reaped unknown pid 31408 (exit status 0)
2026-01-28 13:46:39,160 INFO reaped unknown pid 31415 (exit status 0)
2026-01-28 13:46:44,246 INFO reaped unknown pid 31422 (exit status 0)
2026-01-28 13:46:49,278 INFO reaped unknown pid 31429 (exit status 0)
2026-01-28 13:46:54,359 INFO reaped unknown pid 31436 (exit status 0)
2026-01-28 13:46:59,393 INFO reaped unknown pid 31443 (exit status 0)
2026-01-28 13:47:03,736 INFO reaped unknown pid 31454 (exit status 0)
2026-01-28 13:47:08,778 INFO reaped unknown pid 31461 (exit status 0)
2026-01-28 13:47:13,877 INFO reaped unknown pid 31468 (exit status 0)
2026-01-28 13:47:18,919 INFO reaped unknown pid 31475 (exit status 0)
2026-01-28 13:47:23,950 INFO reaped unknown pid 31482 (exit status 0)
2026-01-28 13:47:28,973 INFO reaped unknown pid 31489 (exit status 0)
2026-01-28 13:47:33,978 INFO reaped unknown pid 31496 (exit status 0)
2026-01-28 13:47:39,072 INFO reaped unknown pid 31503 (exit status 0)
2026-01-28 13:47:44,127 INFO reaped unknown pid 31510 (exit status 0)
2026-01-28 13:47:49,160 INFO reaped unknown pid 31517 (exit status 0)
2026-01-28 13:47:54,188 INFO reaped unknown pid 31524 (exit status 0)
2026-01-28 13:47:59,183 INFO reaped unknown pid 31531 (exit status 0)
2026-01-28 13:48:03,809 INFO reaped unknown pid 31542 (exit status 0)
2026-01-28 13:48:08,830 INFO reaped unknown pid 31549 (exit status 0)
2026-01-28 13:48:13,927 INFO reaped unknown pid 31556 (exit status 0)
2026-01-28 13:48:18,946 INFO reaped unknown pid 31563 (exit status 0)
2026-01-28 13:48:24,052 INFO reaped unknown pid 31570 (exit status 0)
2026-01-28 13:48:29,125 INFO reaped unknown pid 31577 (exit status 0)
2026-01-28 13:48:34,143 INFO reaped unknown pid 31584 (exit status 0)
2026-01-28 13:48:39,220 INFO reaped unknown pid 31591 (exit status 0)
2026-01-28 13:48:44,325 INFO reaped unknown pid 31598 (exit status 0)
2026-01-28 13:48:49,367 INFO reaped unknown pid 31605 (exit status 0)
2026-01-28 13:48:54,387 INFO reaped unknown pid 31612 (exit status 0)
2026-01-28 13:48:59,426 INFO reaped unknown pid 31619 (exit status 0)
2026-01-28 13:49:03,770 INFO reaped unknown pid 31630 (exit status 0)
2026-01-28 13:49:08,774 INFO reaped unknown pid 31637 (exit status 0)
2026-01-28 13:49:13,839 INFO reaped unknown pid 31644 (exit status 0)
2026-01-28 13:49:18,867 INFO reaped unknown pid 31651 (exit status 0)
2026-01-28 13:49:23,880 INFO reaped unknown pid 31658 (exit status 0)
2026-01-28 13:49:28,966 INFO reaped unknown pid 31665 (exit status 0)
2026-01-28 13:49:34,042 INFO reaped unknown pid 31672 (exit status 0)
2026-01-28 13:49:39,088 INFO reaped unknown pid 31679 (exit status 0)
2026-01-28 13:49:44,142 INFO reaped unknown pid 31686 (exit status 0)
2026-01-28 13:49:49,240 INFO reaped unknown pid 31693 (exit status 0)
2026-01-28 13:49:54,329 INFO reaped unknown pid 31700 (exit status 0)
2026-01-28 13:49:59,419 INFO reaped unknown pid 31707 (exit status 0)
2026-01-28 13:50:03,755 INFO reaped unknown pid 31718 (exit status 0)
2026-01-28 13:50:09,813 INFO reaped unknown pid 31725 (exit status 0)
2026-01-28 13:50:13,897 INFO reaped unknown pid 31732 (exit status 0)
2026-01-28 13:50:18,941 INFO reaped unknown pid 31739 (exit status 0)
2026-01-28 13:50:23,981 INFO reaped unknown pid 31746 (exit status 0)
2026-01-28 13:50:28,980 INFO reaped unknown pid 31753 (exit status 0)
2026-01-28 13:50:33,997 INFO reaped unknown pid 31760 (exit status 0)
2026-01-28 13:50:39,035 INFO reaped unknown pid 31767 (exit status 0)
2026-01-28 13:50:44,075 INFO reaped unknown pid 31774 (exit status 0)
2026-01-28 13:50:49,153 INFO reaped unknown pid 31781 (exit status 0)
2026-01-28 13:50:54,217 INFO reaped unknown pid 31788 (exit status 0)
2026-01-28 13:50:59,323 INFO reaped unknown pid 31795 (exit status 0)
2026-01-28 13:51:03,803 INFO reaped unknown pid 31806 (exit status 0)
2026-01-28 13:51:08,813 INFO reaped unknown pid 31813 (exit status 0)
2026-01-28 13:51:13,867 INFO reaped unknown pid 31820 (exit status 0)
2026-01-28 13:51:18,937 INFO reaped unknown pid 31827 (exit status 0)
2026-01-28 13:51:23,945 INFO reaped unknown pid 31834 (exit status 0)
2026-01-28 13:51:29,004 INFO reaped unknown pid 31841 (exit status 0)
2026-01-28 13:51:34,011 INFO reaped unknown pid 31848 (exit status 0)
2026-01-28 13:51:39,053 INFO reaped unknown pid 31855 (exit status 0)
2026-01-28 13:51:44,078 INFO reaped unknown pid 31862 (exit status 0)
2026-01-28 13:51:49,114 INFO reaped unknown pid 31869 (exit status 0)
2026-01-28 13:51:54,137 INFO reaped unknown pid 31876 (exit status 0)
2026-01-28 13:51:59,235 INFO reaped unknown pid 31883 (exit status 0)
2026-01-28 13:52:03,843 INFO reaped unknown pid 31894 (exit status 0)
2026-01-28 13:52:08,852 INFO reaped unknown pid 31901 (exit status 0)
2026-01-28 13:52:13,947 INFO reaped unknown pid 31908 (exit status 0)
2026-01-28 13:52:19,017 INFO reaped unknown pid 31915 (exit status 0)
2026-01-28 13:52:24,017 INFO reaped unknown pid 31922 (exit status 0)
2026-01-28 13:52:29,089 INFO reaped unknown pid 31929 (exit status 0)
2026-01-28 13:52:34,120 INFO reaped unknown pid 31936 (exit status 0)
2026-01-28 13:52:39,169 INFO reaped unknown pid 31943 (exit status 0)
2026-01-28 13:52:44,266 INFO reaped unknown pid 31950 (exit status 0)
2026-01-28 13:52:49,290 INFO reaped unknown pid 31957 (exit status 0)
2026-01-28 13:52:54,314 INFO reaped unknown pid 31964 (exit status 0)
2026-01-28 13:52:59,410 INFO reaped unknown pid 31971 (exit status 0)
2026-01-28 13:53:03,752 INFO reaped unknown pid 31982 (exit status 0)
2026-01-28 13:53:08,868 INFO reaped unknown pid 31989 (exit status 0)
2026-01-28 13:53:13,931 INFO reaped unknown pid 31996 (exit status 0)
2026-01-28 13:53:18,991 INFO reaped unknown pid 32003 (exit status 0)
2026-01-28 13:53:24,034 INFO reaped unknown pid 32010 (exit status 0)
2026-01-28 13:53:29,102 INFO reaped unknown pid 32017 (exit status 0)
2026-01-28 13:53:34,108 INFO reaped unknown pid 32024 (exit status 0)
2026-01-28 13:53:39,176 INFO reaped unknown pid 32031 (exit status 0)
2026-01-28 13:53:44,248 INFO reaped unknown pid 32038 (exit status 0)
2026-01-28 13:53:50,296 INFO reaped unknown pid 32045 (exit status 0)
2026-01-28 13:53:54,387 INFO reaped unknown pid 32052 (exit status 0)
2026-01-28 13:53:59,479 INFO reaped unknown pid 32059 (exit status 0)
2026-01-28 13:54:03,855 INFO reaped unknown pid 32070 (exit status 0)
2026-01-28 13:54:08,889 INFO reaped unknown pid 32077 (exit status 0)
2026-01-28 13:54:13,884 INFO reaped unknown pid 32084 (exit status 0)
2026-01-28 13:54:18,889 INFO reaped unknown pid 32091 (exit status 0)
2026-01-28 13:54:23,957 INFO reaped unknown pid 32098 (exit status 0)
2026-01-28 13:54:28,998 INFO reaped unknown pid 32105 (exit status 0)
2026-01-28 13:54:34,080 INFO reaped unknown pid 32112 (exit status 0)
2026-01-28 13:54:39,158 INFO reaped unknown pid 32119 (exit status 0)
2026-01-28 13:54:44,220 INFO reaped unknown pid 32126 (exit status 0)
2026-01-28 13:54:49,268 INFO reaped unknown pid 32133 (exit status 0)
2026-01-28 13:54:54,306 INFO reaped unknown pid 32140 (exit status 0)
2026-01-28 13:54:59,363 INFO reaped unknown pid 32147 (exit status 0)
2026-01-28 13:55:03,840 INFO reaped unknown pid 32158 (exit status 0)
2026-01-28 13:55:09,900 INFO reaped unknown pid 32165 (exit status 0)
2026-01-28 13:55:13,967 INFO reaped unknown pid 32172 (exit status 0)
2026-01-28 13:55:19,011 INFO reaped unknown pid 32179 (exit status 0)
2026-01-28 13:55:24,068 INFO reaped unknown pid 32186 (exit status 0)
2026-01-28 13:55:29,141 INFO reaped unknown pid 32193 (exit status 0)
2026-01-28 13:55:34,156 INFO reaped unknown pid 32200 (exit status 0)
2026-01-28 13:55:39,182 INFO reaped unknown pid 32207 (exit status 0)
2026-01-28 13:55:44,287 INFO reaped unknown pid 32214 (exit status 0)
2026-01-28 13:55:49,336 INFO reaped unknown pid 32221 (exit status 0)
2026-01-28 13:55:54,419 INFO reaped unknown pid 32228 (exit status 0)
2026-01-28 13:55:59,468 INFO reaped unknown pid 32235 (exit status 0)
2026-01-28 13:56:03,862 INFO reaped unknown pid 32246 (exit status 0)
2026-01-28 13:56:08,937 INFO reaped unknown pid 32253 (exit status 0)
2026-01-28 13:56:13,988 INFO reaped unknown pid 32260 (exit status 0)
2026-01-28 13:56:19,022 INFO reaped unknown pid 32267 (exit status 0)
2026-01-28 13:56:24,086 INFO reaped unknown pid 32274 (exit status 0)
2026-01-28 13:56:29,131 INFO reaped unknown pid 32281 (exit status 0)
2026-01-28 13:56:34,209 INFO reaped unknown pid 32288 (exit status 0)
2026-01-28 13:56:39,286 INFO reaped unknown pid 32295 (exit status 0)
2026-01-28 13:56:44,380 INFO reaped unknown pid 32302 (exit status 0)
2026-01-28 13:56:49,423 INFO reaped unknown pid 32309 (exit status 0)
2026-01-28 13:56:54,530 INFO reaped unknown pid 32316 (exit status 0)
2026-01-28 13:56:59,595 INFO reaped unknown pid 32323 (exit status 0)
2026-01-28 13:57:03,795 INFO reaped unknown pid 32334 (exit status 0)
2026-01-28 13:57:08,879 INFO reaped unknown pid 32341 (exit status 0)
2026-01-28 13:57:13,883 INFO reaped unknown pid 32348 (exit status 0)
2026-01-28 13:57:18,952 INFO reaped unknown pid 32355 (exit status 0)
2026-01-28 13:57:24,026 INFO reaped unknown pid 32362 (exit status 0)
2026-01-28 13:57:29,049 INFO reaped unknown pid 32369 (exit status 0)
2026-01-28 13:57:34,107 INFO reaped unknown pid 32376 (exit status 0)
2026-01-28 13:57:39,145 INFO reaped unknown pid 32383 (exit status 0)
2026-01-28 13:57:44,241 INFO reaped unknown pid 32390 (exit status 0)
2026-01-28 13:57:49,279 INFO reaped unknown pid 32397 (exit status 0)
2026-01-28 13:57:54,349 INFO reaped unknown pid 32404 (exit status 0)
2026-01-28 13:57:59,367 INFO reaped unknown pid 32411 (exit status 0)
2026-01-28 13:58:03,819 INFO reaped unknown pid 32422 (exit status 0)
2026-01-28 13:58:08,878 INFO reaped unknown pid 32429 (exit status 0)
2026-01-28 13:58:13,934 INFO reaped unknown pid 32436 (exit status 0)
2026-01-28 13:58:19,024 INFO reaped unknown pid 32443 (exit status 0)
2026-01-28 13:58:24,120 INFO reaped unknown pid 32450 (exit status 0)
2026-01-28 13:58:29,165 INFO reaped unknown pid 32457 (exit status 0)
2026-01-28 13:58:34,241 INFO reaped unknown pid 32464 (exit status 0)
2026-01-28 13:58:39,299 INFO reaped unknown pid 32471 (exit status 0)
2026-01-28 13:58:44,397 INFO reaped unknown pid 32478 (exit status 0)
2026-01-28 13:58:49,429 INFO reaped unknown pid 32485 (exit status 0)
2026-01-28 13:58:54,495 INFO reaped unknown pid 32492 (exit status 0)
2026-01-28 13:58:59,554 INFO reaped unknown pid 32499 (exit status 0)
2026-01-28 13:59:03,794 INFO reaped unknown pid 32510 (exit status 0)
2026-01-28 13:59:08,854 INFO reaped unknown pid 32517 (exit status 0)
2026-01-28 13:59:13,897 INFO reaped unknown pid 32524 (exit status 0)
2026-01-28 13:59:18,956 INFO reaped unknown pid 32531 (exit status 0)
2026-01-28 13:59:23,970 INFO reaped unknown pid 32538 (exit status 0)
2026-01-28 13:59:28,983 INFO reaped unknown pid 32545 (exit status 0)
2026-01-28 13:59:34,075 INFO reaped unknown pid 32552 (exit status 0)
2026-01-28 13:59:39,144 INFO reaped unknown pid 32559 (exit status 0)
2026-01-28 13:59:44,158 INFO reaped unknown pid 32566 (exit status 0)
2026-01-28 13:59:49,164 INFO reaped unknown pid 32573 (exit status 0)
2026-01-28 13:59:54,254 INFO reaped unknown pid 32580 (exit status 0)
2026-01-28 13:59:59,357 INFO reaped unknown pid 32587 (exit status 0)
2026-01-28 14:00:03,814 INFO reaped unknown pid 32598 (exit status 0)
2026-01-28 14:00:08,853 INFO reaped unknown pid 32605 (exit status 0)
2026-01-28 14:00:14,871 INFO reaped unknown pid 32612 (exit status 0)
2026-01-28 14:00:18,879 INFO reaped unknown pid 32619 (exit status 0)
2026-01-28 14:00:23,972 INFO reaped unknown pid 32626 (exit status 0)
2026-01-28 14:00:29,044 INFO reaped unknown pid 32633 (exit status 0)
2026-01-28 14:00:34,124 INFO reaped unknown pid 32640 (exit status 0)
2026-01-28 14:00:39,138 INFO reaped unknown pid 32647 (exit status 0)
2026-01-28 14:00:44,162 INFO reaped unknown pid 32654 (exit status 0)
2026-01-28 14:00:49,224 INFO reaped unknown pid 32661 (exit status 0)
2026-01-28 14:00:54,254 INFO reaped unknown pid 32668 (exit status 0)
2026-01-28 14:00:59,262 INFO reaped unknown pid 32675 (exit status 0)
2026-01-28 14:01:03,886 INFO reaped unknown pid 32686 (exit status 0)
2026-01-28 14:01:09,000 INFO reaped unknown pid 32693 (exit status 0)
2026-01-28 14:01:14,029 INFO reaped unknown pid 32700 (exit status 0)
2026-01-28 14:01:19,106 INFO reaped unknown pid 32707 (exit status 0)
2026-01-28 14:01:24,216 INFO reaped unknown pid 32714 (exit status 0)
2026-01-28 14:01:29,221 INFO reaped unknown pid 32721 (exit status 0)
2026-01-28 14:01:34,315 INFO reaped unknown pid 32728 (exit status 0)
2026-01-28 14:01:39,403 INFO reaped unknown pid 32735 (exit status 0)
2026-01-28 14:01:44,473 INFO reaped unknown pid 32742 (exit status 0)
2026-01-28 14:01:49,535 INFO reaped unknown pid 32749 (exit status 0)
2026-01-28 14:01:54,587 INFO reaped unknown pid 32756 (exit status 0)
2026-01-28 14:02:00,028 INFO reaped unknown pid 32763 (exit status 0)
2026-01-28 14:02:03,908 INFO reaped unknown pid 32774 (exit status 0)
2026-01-28 14:02:08,956 INFO reaped unknown pid 32781 (exit status 0)
2026-01-28 14:02:14,015 INFO reaped unknown pid 32788 (exit status 0)
2026-01-28 14:02:19,119 INFO reaped unknown pid 32795 (exit status 0)
2026-01-28 14:02:24,137 INFO reaped unknown pid 32802 (exit status 0)
2026-01-28 14:02:29,228 INFO reaped unknown pid 32809 (exit status 0)
2026-01-28 14:02:34,300 INFO reaped unknown pid 32816 (exit status 0)
2026-01-28 14:02:39,347 INFO reaped unknown pid 32823 (exit status 0)
2026-01-28 14:02:44,455 INFO reaped unknown pid 32830 (exit status 0)
2026-01-28 14:02:49,518 INFO reaped unknown pid 32837 (exit status 0)
2026-01-28 14:02:54,525 INFO reaped unknown pid 32844 (exit status 0)
2026-01-28 14:02:59,608 INFO reaped unknown pid 32851 (exit status 0)
2026-01-28 14:03:03,820 INFO reaped unknown pid 32862 (exit status 0)
2026-01-28 14:03:08,888 INFO reaped unknown pid 32869 (exit status 0)
2026-01-28 14:03:13,907 INFO reaped unknown pid 32876 (exit status 0)
2026-01-28 14:03:18,952 INFO reaped unknown pid 32883 (exit status 0)
2026-01-28 14:03:23,967 INFO reaped unknown pid 32890 (exit status 0)
2026-01-28 14:03:29,058 INFO reaped unknown pid 32897 (exit status 0)
2026-01-28 14:03:34,077 INFO reaped unknown pid 32904 (exit status 0)
2026-01-28 14:03:39,141 INFO reaped unknown pid 32911 (exit status 0)
2026-01-28 14:03:44,222 INFO reaped unknown pid 32918 (exit status 0)
2026-01-28 14:03:49,225 INFO reaped unknown pid 32925 (exit status 0)
2026-01-28 14:03:54,247 INFO reaped unknown pid 32932 (exit status 0)
2026-01-28 14:03:59,325 INFO reaped unknown pid 32939 (exit status 0)
2026-01-28 14:04:03,828 INFO reaped unknown pid 32950 (exit status 0)
2026-01-28 14:04:08,886 INFO reaped unknown pid 32957 (exit status 0)
2026-01-28 14:04:13,939 INFO reaped unknown pid 32964 (exit status 0)
2026-01-28 14:04:19,077 INFO reaped unknown pid 32971 (exit status 0)
2026-01-28 14:04:24,093 INFO reaped unknown pid 32978 (exit status 0)
2026-01-28 14:04:29,158 INFO reaped unknown pid 32985 (exit status 0)
2026-01-28 14:04:34,258 INFO reaped unknown pid 32992 (exit status 0)
2026-01-28 14:04:39,299 INFO reaped unknown pid 32999 (exit status 0)
2026-01-28 14:04:44,339 INFO reaped unknown pid 33006 (exit status 0)
2026-01-28 14:04:49,364 INFO reaped unknown pid 33013 (exit status 0)
2026-01-28 14:04:54,434 INFO reaped unknown pid 33020 (exit status 0)
2026-01-28 14:04:59,478 INFO reaped unknown pid 33027 (exit status 0)
2026-01-28 14:05:03,877 INFO reaped unknown pid 33038 (exit status 0)
2026-01-28 14:05:08,924 INFO reaped unknown pid 33045 (exit status 0)
2026-01-28 14:05:15,022 INFO reaped unknown pid 33052 (exit status 0)
2026-01-28 14:05:19,042 INFO reaped unknown pid 33059 (exit status 0)
2026-01-28 14:05:24,085 INFO reaped unknown pid 33066 (exit status 0)
2026-01-28 14:05:29,098 INFO reaped unknown pid 33073 (exit status 0)
2026-01-28 14:05:34,144 INFO reaped unknown pid 33080 (exit status 0)
2026-01-28 14:05:39,198 INFO reaped unknown pid 33087 (exit status 0)
2026-01-28 14:05:44,279 INFO reaped unknown pid 33094 (exit status 0)
2026-01-28 14:05:49,352 INFO reaped unknown pid 33101 (exit status 0)
2026-01-28 14:05:54,376 INFO reaped unknown pid 33108 (exit status 0)
2026-01-28 14:05:59,446 INFO reaped unknown pid 33115 (exit status 0)
2026-01-28 14:06:03,746 INFO reaped unknown pid 33126 (exit status 0)
2026-01-28 14:06:08,809 INFO reaped unknown pid 33133 (exit status 0)
2026-01-28 14:06:13,823 INFO reaped unknown pid 33140 (exit status 0)
2026-01-28 14:06:18,876 INFO reaped unknown pid 33147 (exit status 0)
2026-01-28 14:06:23,913 INFO reaped unknown pid 33154 (exit status 0)
2026-01-28 14:06:28,936 INFO reaped unknown pid 33161 (exit status 0)
2026-01-28 14:06:34,013 INFO reaped unknown pid 33168 (exit status 0)
2026-01-28 14:06:39,050 INFO reaped unknown pid 33175 (exit status 0)
2026-01-28 14:06:44,134 INFO reaped unknown pid 33182 (exit status 0)
2026-01-28 14:06:49,186 INFO reaped unknown pid 33189 (exit status 0)
2026-01-28 14:06:54,285 INFO reaped unknown pid 33196 (exit status 0)
2026-01-28 14:06:59,304 INFO reaped unknown pid 33203 (exit status 0)
2026-01-28 14:07:03,896 INFO reaped unknown pid 33214 (exit status 0)
2026-01-28 14:07:08,969 INFO reaped unknown pid 33221 (exit status 0)
2026-01-28 14:07:14,036 INFO reaped unknown pid 33228 (exit status 0)
2026-01-28 14:07:19,087 INFO reaped unknown pid 33235 (exit status 0)
2026-01-28 14:07:24,143 INFO reaped unknown pid 33242 (exit status 0)
2026-01-28 14:07:29,213 INFO reaped unknown pid 33249 (exit status 0)
2026-01-28 14:07:34,257 INFO reaped unknown pid 33256 (exit status 0)
2026-01-28 14:07:39,323 INFO reaped unknown pid 33263 (exit status 0)
2026-01-28 14:07:44,320 INFO reaped unknown pid 33270 (exit status 0)
2026-01-28 14:07:49,364 INFO reaped unknown pid 33277 (exit status 0)
2026-01-28 14:07:54,375 INFO reaped unknown pid 33284 (exit status 0)
2026-01-28 14:07:59,431 INFO reaped unknown pid 33291 (exit status 0)
2026-01-28 14:08:03,908 INFO reaped unknown pid 33302 (exit status 0)
2026-01-28 14:08:08,978 INFO reaped unknown pid 33309 (exit status 0)
2026-01-28 14:08:14,035 INFO reaped unknown pid 33316 (exit status 0)
2026-01-28 14:08:19,081 INFO reaped unknown pid 33323 (exit status 0)
2026-01-28 14:08:24,188 INFO reaped unknown pid 33330 (exit status 0)
2026-01-28 14:08:30,228 INFO reaped unknown pid 33337 (exit status 0)
2026-01-28 14:08:34,253 INFO reaped unknown pid 33344 (exit status 0)
2026-01-28 14:08:41,516 INFO reaped unknown pid 33351 (exit status 0)
2026-01-28 14:08:44,362 INFO reaped unknown pid 33358 (exit status 0)
2026-01-28 14:08:49,477 INFO reaped unknown pid 33365 (exit status 0)
2026-01-28 14:08:54,525 INFO reaped unknown pid 33372 (exit status 0)
2026-01-28 14:08:59,530 INFO reaped unknown pid 33379 (exit status 0)
2026-01-28 14:09:03,870 INFO reaped unknown pid 33390 (exit status 0)
2026-01-28 14:09:08,901 INFO reaped unknown pid 33397 (exit status 0)
2026-01-28 14:09:14,002 INFO reaped unknown pid 33404 (exit status 0)
2026-01-28 14:09:18,995 INFO reaped unknown pid 33411 (exit status 0)
2026-01-28 14:09:24,048 INFO reaped unknown pid 33418 (exit status 0)
2026-01-28 14:09:29,021 INFO reaped unknown pid 33425 (exit status 0)
2026-01-28 14:09:34,099 INFO reaped unknown pid 33432 (exit status 0)
2026-01-28 14:09:39,207 INFO reaped unknown pid 33439 (exit status 0)
2026-01-28 14:09:44,311 INFO reaped unknown pid 33446 (exit status 0)
2026-01-28 14:09:49,355 INFO reaped unknown pid 33453 (exit status 0)
2026-01-28 14:09:54,416 INFO reaped unknown pid 33460 (exit status 0)
2026-01-28 14:09:59,595 INFO reaped unknown pid 33467 (exit status 0)
2026-01-28 14:10:03,897 INFO reaped unknown pid 33478 (exit status 0)
2026-01-28 14:10:08,999 INFO reaped unknown pid 33485 (exit status 0)
2026-01-28 14:10:15,025 INFO reaped unknown pid 33492 (exit status 0)
2026-01-28 14:10:19,085 INFO reaped unknown pid 33499 (exit status 0)
2026-01-28 14:10:24,096 INFO reaped unknown pid 33506 (exit status 0)
2026-01-28 14:10:29,174 INFO reaped unknown pid 33513 (exit status 0)
2026-01-28 14:10:34,117 INFO reaped unknown pid 33520 (exit status 0)
2026-01-28 14:10:39,270 INFO reaped unknown pid 33527 (exit status 0)
2026-01-28 14:10:44,275 INFO reaped unknown pid 33534 (exit status 0)
2026-01-28 14:10:49,308 INFO reaped unknown pid 33541 (exit status 0)
2026-01-28 14:10:54,414 INFO reaped unknown pid 33548 (exit status 0)
2026-01-28 14:10:59,449 INFO reaped unknown pid 33555 (exit status 0)
2026-01-28 14:11:03,731 INFO reaped unknown pid 33566 (exit status 0)
2026-01-28 14:11:08,798 INFO reaped unknown pid 33573 (exit status 0)
2026-01-28 14:11:13,889 INFO reaped unknown pid 33580 (exit status 0)
2026-01-28 14:11:18,917 INFO reaped unknown pid 33587 (exit status 0)
2026-01-28 14:11:23,975 INFO reaped unknown pid 33594 (exit status 0)
2026-01-28 14:11:29,006 INFO reaped unknown pid 33601 (exit status 0)
2026-01-28 14:11:34,097 INFO reaped unknown pid 33608 (exit status 0)
2026-01-28 14:11:39,135 INFO reaped unknown pid 33615 (exit status 0)
2026-01-28 14:11:44,186 INFO reaped unknown pid 33622 (exit status 0)
2026-01-28 14:11:49,223 INFO reaped unknown pid 33629 (exit status 0)
2026-01-28 14:11:54,278 INFO reaped unknown pid 33636 (exit status 0)
2026-01-28 14:11:59,307 INFO reaped unknown pid 33643 (exit status 0)
2026-01-28 14:12:03,791 INFO reaped unknown pid 33654 (exit status 0)
2026-01-28 14:12:08,861 INFO reaped unknown pid 33661 (exit status 0)
2026-01-28 14:12:13,963 INFO reaped unknown pid 33668 (exit status 0)
2026-01-28 14:12:19,012 INFO reaped unknown pid 33675 (exit status 0)
2026-01-28 14:12:24,032 INFO reaped unknown pid 33682 (exit status 0)
2026-01-28 14:12:29,082 INFO reaped unknown pid 33689 (exit status 0)
2026-01-28 14:12:34,147 INFO reaped unknown pid 33696 (exit status 0)
2026-01-28 14:12:39,231 INFO reaped unknown pid 33703 (exit status 0)
2026-01-28 14:12:44,304 INFO reaped unknown pid 33710 (exit status 0)
2026-01-28 14:12:49,345 INFO reaped unknown pid 33717 (exit status 0)
2026-01-28 14:12:54,462 INFO reaped unknown pid 33724 (exit status 0)
2026-01-28 14:12:59,493 INFO reaped unknown pid 33731 (exit status 0)
2026-01-28 14:13:03,785 INFO reaped unknown pid 33742 (exit status 0)
2026-01-28 14:13:08,826 INFO reaped unknown pid 33749 (exit status 0)
2026-01-28 14:13:13,926 INFO reaped unknown pid 33756 (exit status 0)
2026-01-28 14:13:19,006 INFO reaped unknown pid 33763 (exit status 0)
2026-01-28 14:13:24,033 INFO reaped unknown pid 33770 (exit status 0)
2026-01-28 14:13:29,072 INFO reaped unknown pid 33777 (exit status 0)
2026-01-28 14:13:34,172 INFO reaped unknown pid 33784 (exit status 0)
2026-01-28 14:13:39,247 INFO reaped unknown pid 33791 (exit status 0)
2026-01-28 14:13:44,320 INFO reaped unknown pid 33798 (exit status 0)
2026-01-28 14:13:49,344 INFO reaped unknown pid 33805 (exit status 0)
2026-01-28 14:13:54,415 INFO reaped unknown pid 33812 (exit status 0)
2026-01-28 14:13:59,471 INFO reaped unknown pid 33819 (exit status 0)
2026-01-28 14:14:03,768 INFO reaped unknown pid 33830 (exit status 0)
2026-01-28 14:14:08,798 INFO reaped unknown pid 33837 (exit status 0)
2026-01-28 14:14:13,892 INFO reaped unknown pid 33844 (exit status 0)
2026-01-28 14:14:18,949 INFO reaped unknown pid 33851 (exit status 0)
2026-01-28 14:14:23,988 INFO reaped unknown pid 33858 (exit status 0)
2026-01-28 14:14:29,034 INFO reaped unknown pid 33865 (exit status 0)
2026-01-28 14:14:34,134 INFO reaped unknown pid 33872 (exit status 0)
2026-01-28 14:14:39,192 INFO reaped unknown pid 33879 (exit status 0)
2026-01-28 14:14:44,278 INFO reaped unknown pid 33886 (exit status 0)
2026-01-28 14:14:49,327 INFO reaped unknown pid 33893 (exit status 0)
2026-01-28 14:14:54,330 INFO reaped unknown pid 33900 (exit status 0)
2026-01-28 14:14:59,397 INFO reaped unknown pid 33907 (exit status 0)
2026-01-28 14:15:03,690 INFO reaped unknown pid 33918 (exit status 0)
2026-01-28 14:15:08,718 INFO reaped unknown pid 33925 (exit status 0)
2026-01-28 14:15:14,790 INFO reaped unknown pid 33932 (exit status 0)
2026-01-28 14:15:18,822 INFO reaped unknown pid 33939 (exit status 0)
2026-01-28 14:15:23,928 INFO reaped unknown pid 33946 (exit status 0)
2026-01-28 14:15:28,981 INFO reaped unknown pid 33953 (exit status 0)
2026-01-28 14:15:34,032 INFO reaped unknown pid 33960 (exit status 0)
2026-01-28 14:15:39,145 INFO reaped unknown pid 33967 (exit status 0)
2026-01-28 14:15:44,196 INFO reaped unknown pid 33974 (exit status 0)
2026-01-28 14:15:49,229 INFO reaped unknown pid 33981 (exit status 0)
2026-01-28 14:15:54,340 INFO reaped unknown pid 33988 (exit status 0)
2026-01-28 14:15:59,360 INFO reaped unknown pid 33995 (exit status 0)
2026-01-28 14:16:04,038 INFO reaped unknown pid 34006 (exit status 0)
2026-01-28 14:16:09,028 INFO reaped unknown pid 34013 (exit status 0)
2026-01-28 14:16:14,030 INFO reaped unknown pid 34020 (exit status 0)
2026-01-28 14:16:19,122 INFO reaped unknown pid 34027 (exit status 0)
2026-01-28 14:16:24,225 INFO reaped unknown pid 34034 (exit status 0)
2026-01-28 14:16:29,282 INFO reaped unknown pid 34041 (exit status 0)
2026-01-28 14:16:34,351 INFO reaped unknown pid 34048 (exit status 0)
2026-01-28 14:16:39,462 INFO reaped unknown pid 34055 (exit status 0)
2026-01-28 14:16:44,563 INFO reaped unknown pid 34062 (exit status 0)
2026-01-28 14:16:49,647 INFO reaped unknown pid 34069 (exit status 0)
2026-01-28 14:16:54,739 INFO reaped unknown pid 34076 (exit status 0)
2026-01-28 14:16:59,815 INFO reaped unknown pid 34083 (exit status 0)
2026-01-28 14:17:03,748 INFO reaped unknown pid 34094 (exit status 0)
2026-01-28 14:17:08,815 INFO reaped unknown pid 34101 (exit status 0)
2026-01-28 14:17:13,852 INFO reaped unknown pid 34108 (exit status 0)
2026-01-28 14:17:18,845 INFO reaped unknown pid 34115 (exit status 0)
2026-01-28 14:17:23,953 INFO reaped unknown pid 34122 (exit status 0)
2026-01-28 14:17:28,955 INFO reaped unknown pid 34129 (exit status 0)
2026-01-28 14:17:34,055 INFO reaped unknown pid 34136 (exit status 0)
2026-01-28 14:17:39,086 INFO reaped unknown pid 34143 (exit status 0)
2026-01-28 14:17:44,198 INFO reaped unknown pid 34150 (exit status 0)
2026-01-28 14:17:49,276 INFO reaped unknown pid 34157 (exit status 0)
2026-01-28 14:17:54,317 INFO reaped unknown pid 34164 (exit status 0)
2026-01-28 14:17:59,332 INFO reaped unknown pid 34171 (exit status 0)
2026-01-28 14:18:03,797 INFO reaped unknown pid 34182 (exit status 0)
2026-01-28 14:18:08,829 INFO reaped unknown pid 34189 (exit status 0)
2026-01-28 14:18:13,876 INFO reaped unknown pid 34196 (exit status 0)
2026-01-28 14:18:18,894 INFO reaped unknown pid 34203 (exit status 0)
2026-01-28 14:18:23,980 INFO reaped unknown pid 34210 (exit status 0)
2026-01-28 14:18:29,101 INFO reaped unknown pid 34217 (exit status 0)
2026-01-28 14:18:34,181 INFO reaped unknown pid 34224 (exit status 0)
2026-01-28 14:18:39,200 INFO reaped unknown pid 34231 (exit status 0)
2026-01-28 14:18:44,226 INFO reaped unknown pid 34238 (exit status 0)
2026-01-28 14:18:49,357 INFO reaped unknown pid 34245 (exit status 0)
2026-01-28 14:18:54,420 INFO reaped unknown pid 34252 (exit status 0)
2026-01-28 14:18:59,433 INFO reaped unknown pid 34259 (exit status 0)
2026-01-28 14:19:03,828 INFO reaped unknown pid 34270 (exit status 0)
2026-01-28 14:19:08,871 INFO reaped unknown pid 34277 (exit status 0)
2026-01-28 14:19:13,909 INFO reaped unknown pid 34284 (exit status 0)
2026-01-28 14:19:18,965 INFO reaped unknown pid 34291 (exit status 0)
2026-01-28 14:19:24,007 INFO reaped unknown pid 34298 (exit status 0)
2026-01-28 14:19:29,049 INFO reaped unknown pid 34305 (exit status 0)
2026-01-28 14:19:34,152 INFO reaped unknown pid 34312 (exit status 0)
2026-01-28 14:19:39,247 INFO reaped unknown pid 34319 (exit status 0)
2026-01-28 14:19:44,301 INFO reaped unknown pid 34326 (exit status 0)
2026-01-28 14:19:49,401 INFO reaped unknown pid 34333 (exit status 0)
2026-01-28 14:19:54,416 INFO reaped unknown pid 34340 (exit status 0)
2026-01-28 14:19:59,508 INFO reaped unknown pid 34347 (exit status 0)
2026-01-28 14:20:03,816 INFO reaped unknown pid 34358 (exit status 0)
2026-01-28 14:20:08,910 INFO reaped unknown pid 34365 (exit status 0)
2026-01-28 14:20:14,926 INFO reaped unknown pid 34372 (exit status 0)
2026-01-28 14:20:18,958 INFO reaped unknown pid 34379 (exit status 0)
2026-01-28 14:20:24,032 INFO reaped unknown pid 34386 (exit status 0)
2026-01-28 14:20:29,121 INFO reaped unknown pid 34393 (exit status 0)
2026-01-28 14:20:34,150 INFO reaped unknown pid 34400 (exit status 0)
2026-01-28 14:20:39,191 INFO reaped unknown pid 34407 (exit status 0)
2026-01-28 14:20:44,286 INFO reaped unknown pid 34414 (exit status 0)
2026-01-28 14:20:49,308 INFO reaped unknown pid 34421 (exit status 0)
2026-01-28 14:20:54,324 INFO reaped unknown pid 34428 (exit status 0)
2026-01-28 14:20:59,391 INFO reaped unknown pid 34435 (exit status 0)
2026-01-28 14:21:03,801 INFO reaped unknown pid 34446 (exit status 0)
2026-01-28 14:21:08,818 INFO reaped unknown pid 34453 (exit status 0)
2026-01-28 14:21:13,901 INFO reaped unknown pid 34460 (exit status 0)
2026-01-28 14:21:18,982 INFO reaped unknown pid 34467 (exit status 0)
2026-01-28 14:21:24,068 INFO reaped unknown pid 34474 (exit status 0)
2026-01-28 14:21:29,075 INFO reaped unknown pid 34481 (exit status 0)
2026-01-28 14:21:34,182 INFO reaped unknown pid 34488 (exit status 0)
2026-01-28 14:21:39,250 INFO reaped unknown pid 34495 (exit status 0)
2026-01-28 14:21:44,305 INFO reaped unknown pid 34502 (exit status 0)
2026-01-28 14:21:49,317 INFO reaped unknown pid 34509 (exit status 0)
2026-01-28 14:21:54,412 INFO reaped unknown pid 34516 (exit status 0)
2026-01-28 14:21:59,461 INFO reaped unknown pid 34523 (exit status 0)
2026-01-28 14:22:03,836 INFO reaped unknown pid 34534 (exit status 0)
2026-01-28 14:22:08,872 INFO reaped unknown pid 34541 (exit status 0)
2026-01-28 14:22:13,943 INFO reaped unknown pid 34548 (exit status 0)
2026-01-28 14:22:19,032 INFO reaped unknown pid 34555 (exit status 0)
2026-01-28 14:22:24,047 INFO reaped unknown pid 34562 (exit status 0)
2026-01-28 14:22:29,076 INFO reaped unknown pid 34569 (exit status 0)
2026-01-28 14:22:34,137 INFO reaped unknown pid 34576 (exit status 0)
2026-01-28 14:22:39,168 INFO reaped unknown pid 34583 (exit status 0)
2026-01-28 14:22:44,195 INFO reaped unknown pid 34590 (exit status 0)
2026-01-28 14:22:49,284 INFO reaped unknown pid 34597 (exit status 0)
2026-01-28 14:22:54,295 INFO reaped unknown pid 34604 (exit status 0)
2026-01-28 14:22:59,310 INFO reaped unknown pid 34611 (exit status 0)
2026-01-28 14:23:03,891 INFO reaped unknown pid 34622 (exit status 0)
2026-01-28 14:23:08,908 INFO reaped unknown pid 34629 (exit status 0)
2026-01-28 14:23:13,985 INFO reaped unknown pid 34636 (exit status 0)
2026-01-28 14:23:18,993 INFO reaped unknown pid 34643 (exit status 0)
2026-01-28 14:23:24,066 INFO reaped unknown pid 34650 (exit status 0)
2026-01-28 14:23:29,081 INFO reaped unknown pid 34657 (exit status 0)
2026-01-28 14:23:34,096 INFO reaped unknown pid 34664 (exit status 0)
2026-01-28 14:23:39,145 INFO reaped unknown pid 34671 (exit status 0)
2026-01-28 14:23:44,171 INFO reaped unknown pid 34678 (exit status 0)
2026-01-28 14:23:49,258 INFO reaped unknown pid 34685 (exit status 0)
2026-01-28 14:23:54,332 INFO reaped unknown pid 34692 (exit status 0)
2026-01-28 14:23:59,397 INFO reaped unknown pid 34699 (exit status 0)
2026-01-28 14:24:03,839 INFO reaped unknown pid 34710 (exit status 0)
2026-01-28 14:24:08,918 INFO reaped unknown pid 34717 (exit status 0)
2026-01-28 14:24:14,008 INFO reaped unknown pid 34724 (exit status 0)
2026-01-28 14:24:19,065 INFO reaped unknown pid 34731 (exit status 0)
2026-01-28 14:24:24,069 INFO reaped unknown pid 34738 (exit status 0)
2026-01-28 14:24:29,104 INFO reaped unknown pid 34745 (exit status 0)
2026-01-28 14:24:34,212 INFO reaped unknown pid 34752 (exit status 0)
2026-01-28 14:24:39,245 INFO reaped unknown pid 34759 (exit status 0)
2026-01-28 14:24:44,257 INFO reaped unknown pid 34766 (exit status 0)
2026-01-28 14:24:49,277 INFO reaped unknown pid 34773 (exit status 0)
2026-01-28 14:24:54,283 INFO reaped unknown pid 34780 (exit status 0)
2026-01-28 14:24:59,354 INFO reaped unknown pid 34787 (exit status 0)
2026-01-28 14:25:03,818 INFO reaped unknown pid 34798 (exit status 0)
2026-01-28 14:25:08,862 INFO reaped unknown pid 34805 (exit status 0)
2026-01-28 14:25:13,864 INFO reaped unknown pid 34812 (exit status 0)
2026-01-28 14:25:19,878 INFO reaped unknown pid 34819 (exit status 0)
2026-01-28 14:25:23,972 INFO reaped unknown pid 34826 (exit status 0)
2026-01-28 14:25:28,986 INFO reaped unknown pid 34833 (exit status 0)
2026-01-28 14:25:34,030 INFO reaped unknown pid 34840 (exit status 0)
2026-01-28 14:25:39,076 INFO reaped unknown pid 34847 (exit status 0)
2026-01-28 14:25:44,127 INFO reaped unknown pid 34854 (exit status 0)
2026-01-28 14:25:49,181 INFO reaped unknown pid 34861 (exit status 0)
2026-01-28 14:25:54,268 INFO reaped unknown pid 34868 (exit status 0)
2026-01-28 14:25:59,312 INFO reaped unknown pid 34875 (exit status 0)
2026-01-28 14:26:03,764 INFO reaped unknown pid 34886 (exit status 0)
2026-01-28 14:26:08,778 INFO reaped unknown pid 34893 (exit status 0)
2026-01-28 14:26:13,857 INFO reaped unknown pid 34900 (exit status 0)
2026-01-28 14:26:18,856 INFO reaped unknown pid 34907 (exit status 0)
2026-01-28 14:26:23,897 INFO reaped unknown pid 34914 (exit status 0)
2026-01-28 14:26:28,950 INFO reaped unknown pid 34921 (exit status 0)
2026-01-28 14:26:34,036 INFO reaped unknown pid 34928 (exit status 0)
2026-01-28 14:26:39,052 INFO reaped unknown pid 34935 (exit status 0)
2026-01-28 14:26:44,121 INFO reaped unknown pid 34942 (exit status 0)
2026-01-28 14:26:49,157 INFO reaped unknown pid 34949 (exit status 0)
2026-01-28 14:26:54,255 INFO reaped unknown pid 34956 (exit status 0)
2026-01-28 14:26:59,302 INFO reaped unknown pid 34963 (exit status 0)
2026-01-28 14:27:03,947 INFO reaped unknown pid 34974 (exit status 0)
2026-01-28 14:27:08,994 INFO reaped unknown pid 34981 (exit status 0)
2026-01-28 14:27:14,036 INFO reaped unknown pid 34988 (exit status 0)
2026-01-28 14:27:19,079 INFO reaped unknown pid 34995 (exit status 0)
2026-01-28 14:27:24,095 INFO reaped unknown pid 35002 (exit status 0)
2026-01-28 14:27:29,159 INFO reaped unknown pid 35009 (exit status 0)
2026-01-28 14:27:34,206 INFO reaped unknown pid 35016 (exit status 0)
2026-01-28 14:27:39,304 INFO reaped unknown pid 35023 (exit status 0)
2026-01-28 14:27:44,323 INFO reaped unknown pid 35030 (exit status 0)
2026-01-28 14:27:49,401 INFO reaped unknown pid 35037 (exit status 0)
2026-01-28 14:27:54,420 INFO reaped unknown pid 35044 (exit status 0)
2026-01-28 14:27:59,451 INFO reaped unknown pid 35051 (exit status 0)
2026-01-28 14:28:03,883 INFO reaped unknown pid 35062 (exit status 0)
2026-01-28 14:28:08,968 INFO reaped unknown pid 35069 (exit status 0)
2026-01-28 14:28:14,012 INFO reaped unknown pid 35076 (exit status 0)
2026-01-28 14:28:19,034 INFO reaped unknown pid 35083 (exit status 0)
2026-01-28 14:28:24,149 INFO reaped unknown pid 35090 (exit status 0)
2026-01-28 14:28:29,215 INFO reaped unknown pid 35097 (exit status 0)
2026-01-28 14:28:34,276 INFO reaped unknown pid 35104 (exit status 0)
2026-01-28 14:28:39,389 INFO reaped unknown pid 35111 (exit status 0)
2026-01-28 14:28:44,490 INFO reaped unknown pid 35118 (exit status 0)
2026-01-28 14:28:49,569 INFO reaped unknown pid 35125 (exit status 0)
2026-01-28 14:28:54,577 INFO reaped unknown pid 35132 (exit status 0)
2026-01-28 14:28:59,616 INFO reaped unknown pid 35139 (exit status 0)
2026-01-28 14:29:03,785 INFO reaped unknown pid 35150 (exit status 0)
2026-01-28 14:29:08,805 INFO reaped unknown pid 35157 (exit status 0)
2026-01-28 14:29:13,882 INFO reaped unknown pid 35164 (exit status 0)
2026-01-28 14:29:18,919 INFO reaped unknown pid 35171 (exit status 0)
2026-01-28 14:29:23,952 INFO reaped unknown pid 35178 (exit status 0)
2026-01-28 14:29:28,981 INFO reaped unknown pid 35185 (exit status 0)
2026-01-28 14:29:33,986 INFO reaped unknown pid 35192 (exit status 0)
2026-01-28 14:29:39,085 INFO reaped unknown pid 35199 (exit status 0)
2026-01-28 14:29:44,153 INFO reaped unknown pid 35206 (exit status 0)
2026-01-28 14:29:49,200 INFO reaped unknown pid 35213 (exit status 0)
2026-01-28 14:29:54,307 INFO reaped unknown pid 35220 (exit status 0)
2026-01-28 14:29:59,337 INFO reaped unknown pid 35227 (exit status 0)
2026-01-28 14:30:03,988 INFO reaped unknown pid 35238 (exit status 0)
2026-01-28 14:30:09,082 INFO reaped unknown pid 35245 (exit status 0)
2026-01-28 14:30:14,101 INFO reaped unknown pid 35252 (exit status 0)
2026-01-28 14:30:20,176 INFO reaped unknown pid 35259 (exit status 0)
2026-01-28 14:30:24,263 INFO reaped unknown pid 35266 (exit status 0)
2026-01-28 14:30:29,370 INFO reaped unknown pid 35273 (exit status 0)
2026-01-28 14:30:34,470 INFO reaped unknown pid 35280 (exit status 0)
2026-01-28 14:30:39,547 INFO reaped unknown pid 35287 (exit status 0)
2026-01-28 14:30:44,595 INFO reaped unknown pid 35294 (exit status 0)
2026-01-28 14:30:49,656 INFO reaped unknown pid 35301 (exit status 0)
2026-01-28 14:30:54,695 INFO reaped unknown pid 35308 (exit status 0)
2026-01-28 14:30:59,769 INFO reaped unknown pid 35315 (exit status 0)
2026-01-28 14:31:04,174 INFO reaped unknown pid 35326 (exit status 0)
2026-01-28 14:31:09,251 INFO reaped unknown pid 35333 (exit status 0)
2026-01-28 14:31:14,274 INFO reaped unknown pid 35340 (exit status 0)
2026-01-28 14:31:19,348 INFO reaped unknown pid 35347 (exit status 0)
2026-01-28 14:31:24,439 INFO reaped unknown pid 35354 (exit status 0)
2026-01-28 14:31:29,466 INFO reaped unknown pid 35361 (exit status 0)
2026-01-28 14:31:34,571 INFO reaped unknown pid 35368 (exit status 0)
2026-01-28 14:31:39,670 INFO reaped unknown pid 35375 (exit status 0)
2026-01-28 14:31:44,735 INFO reaped unknown pid 35382 (exit status 0)
2026-01-28 14:31:49,754 INFO reaped unknown pid 35389 (exit status 0)
2026-01-28 14:31:54,796 INFO reaped unknown pid 35396 (exit status 0)
2026-01-28 14:31:59,887 INFO reaped unknown pid 35403 (exit status 0)
2026-01-28 14:32:04,083 INFO reaped unknown pid 35414 (exit status 0)
2026-01-28 14:32:09,119 INFO reaped unknown pid 35421 (exit status 0)
2026-01-28 14:32:14,136 INFO reaped unknown pid 35428 (exit status 0)
2026-01-28 14:32:19,199 INFO reaped unknown pid 35435 (exit status 0)
2026-01-28 14:32:24,194 INFO reaped unknown pid 35442 (exit status 0)
2026-01-28 14:32:29,202 INFO reaped unknown pid 35449 (exit status 0)
2026-01-28 14:32:34,261 INFO reaped unknown pid 35456 (exit status 0)
2026-01-28 14:32:39,266 INFO reaped unknown pid 35463 (exit status 0)
2026-01-28 14:32:44,285 INFO reaped unknown pid 35470 (exit status 0)
2026-01-28 14:32:49,394 INFO reaped unknown pid 35477 (exit status 0)
2026-01-28 14:32:54,430 INFO reaped unknown pid 35484 (exit status 0)
2026-01-28 14:32:59,492 INFO reaped unknown pid 35491 (exit status 0)
2026-01-28 14:33:04,037 INFO reaped unknown pid 35502 (exit status 0)
2026-01-28 14:33:09,046 INFO reaped unknown pid 35509 (exit status 0)
2026-01-28 14:33:14,137 INFO reaped unknown pid 35516 (exit status 0)
2026-01-28 14:33:19,199 INFO reaped unknown pid 35523 (exit status 0)
2026-01-28 14:33:24,276 INFO reaped unknown pid 35530 (exit status 0)
2026-01-28 14:33:29,325 INFO reaped unknown pid 35537 (exit status 0)
2026-01-28 14:33:34,437 INFO reaped unknown pid 35544 (exit status 0)
2026-01-28 14:33:39,453 INFO reaped unknown pid 35551 (exit status 0)
2026-01-28 14:33:44,533 INFO reaped unknown pid 35558 (exit status 0)
2026-01-28 14:33:49,572 INFO reaped unknown pid 35565 (exit status 0)
2026-01-28 14:33:54,614 INFO reaped unknown pid 35572 (exit status 0)
2026-01-28 14:33:59,611 INFO reaped unknown pid 35579 (exit status 0)
2026-01-28 14:34:04,022 INFO reaped unknown pid 35590 (exit status 0)
2026-01-28 14:34:09,070 INFO reaped unknown pid 35597 (exit status 0)
2026-01-28 14:34:14,083 INFO reaped unknown pid 35604 (exit status 0)
2026-01-28 14:34:19,100 INFO reaped unknown pid 35611 (exit status 0)
2026-01-28 14:34:24,141 INFO reaped unknown pid 35618 (exit status 0)
2026-01-28 14:34:29,213 INFO reaped unknown pid 35625 (exit status 0)
2026-01-28 14:34:34,244 INFO reaped unknown pid 35632 (exit status 0)
2026-01-28 14:34:39,310 INFO reaped unknown pid 35639 (exit status 0)
2026-01-28 14:34:44,343 INFO reaped unknown pid 35646 (exit status 0)
2026-01-28 14:34:49,366 INFO reaped unknown pid 35653 (exit status 0)
2026-01-28 14:34:54,428 INFO reaped unknown pid 35660 (exit status 0)
2026-01-28 14:34:59,464 INFO reaped unknown pid 35667 (exit status 0)
2026-01-28 14:35:04,138 INFO reaped unknown pid 35678 (exit status 0)
2026-01-28 14:35:09,194 INFO reaped unknown pid 35685 (exit status 0)
2026-01-28 14:35:14,257 INFO reaped unknown pid 35692 (exit status 0)
2026-01-28 14:35:20,361 INFO reaped unknown pid 35699 (exit status 0)
2026-01-28 14:35:24,439 INFO reaped unknown pid 35706 (exit status 0)
2026-01-28 14:35:29,467 INFO reaped unknown pid 35713 (exit status 0)
2026-01-28 14:35:34,533 INFO reaped unknown pid 35720 (exit status 0)
2026-01-28 14:35:39,619 INFO reaped unknown pid 35727 (exit status 0)
2026-01-28 14:35:44,646 INFO reaped unknown pid 35734 (exit status 0)
2026-01-28 14:35:49,744 INFO reaped unknown pid 35741 (exit status 0)
2026-01-28 14:35:54,846 INFO reaped unknown pid 35748 (exit status 0)
2026-01-28 14:35:59,935 INFO reaped unknown pid 35755 (exit status 0)
2026-01-28 14:36:04,142 INFO reaped unknown pid 35766 (exit status 0)
2026-01-28 14:36:09,160 INFO reaped unknown pid 35773 (exit status 0)
2026-01-28 14:36:14,220 INFO reaped unknown pid 35780 (exit status 0)
2026-01-28 14:36:19,256 INFO reaped unknown pid 35787 (exit status 0)
2026-01-28 14:36:24,324 INFO reaped unknown pid 35794 (exit status 0)
2026-01-28 14:36:29,338 INFO reaped unknown pid 35801 (exit status 0)
2026-01-28 14:36:34,357 INFO reaped unknown pid 35808 (exit status 0)
2026-01-28 14:36:39,405 INFO reaped unknown pid 35815 (exit status 0)
2026-01-28 14:36:44,411 INFO reaped unknown pid 35822 (exit status 0)
2026-01-28 14:36:49,428 INFO reaped unknown pid 35829 (exit status 0)
2026-01-28 14:36:54,506 INFO reaped unknown pid 35836 (exit status 0)
2026-01-28 14:36:59,536 INFO reaped unknown pid 35843 (exit status 0)
2026-01-28 14:37:04,333 INFO reaped unknown pid 35854 (exit status 0)
2026-01-28 14:37:09,365 INFO reaped unknown pid 35861 (exit status 0)
2026-01-28 14:37:14,429 INFO reaped unknown pid 35868 (exit status 0)
2026-01-28 14:37:19,468 INFO reaped unknown pid 35875 (exit status 0)
2026-01-28 14:37:24,481 INFO reaped unknown pid 35882 (exit status 0)
2026-01-28 14:37:29,487 INFO reaped unknown pid 35889 (exit status 0)
2026-01-28 14:37:34,564 INFO reaped unknown pid 35896 (exit status 0)
2026-01-28 14:37:39,606 INFO reaped unknown pid 35903 (exit status 0)
2026-01-28 14:37:44,680 INFO reaped unknown pid 35910 (exit status 0)
2026-01-28 14:37:49,746 INFO reaped unknown pid 35917 (exit status 0)
2026-01-28 14:37:54,783 INFO reaped unknown pid 35924 (exit status 0)
2026-01-28 14:37:59,875 INFO reaped unknown pid 35931 (exit status 0)
2026-01-28 14:38:04,331 INFO reaped unknown pid 35942 (exit status 0)
2026-01-28 14:38:09,407 INFO reaped unknown pid 35949 (exit status 0)
2026-01-28 14:38:14,502 INFO reaped unknown pid 35956 (exit status 0)
2026-01-28 14:38:19,529 INFO reaped unknown pid 35963 (exit status 0)
2026-01-28 14:38:24,556 INFO reaped unknown pid 35970 (exit status 0)
2026-01-28 14:38:29,623 INFO reaped unknown pid 35977 (exit status 0)
2026-01-28 14:38:34,698 INFO reaped unknown pid 35984 (exit status 0)
2026-01-28 14:38:39,772 INFO reaped unknown pid 35991 (exit status 0)
2026-01-28 14:38:44,804 INFO reaped unknown pid 35998 (exit status 0)
2026-01-28 14:38:49,908 INFO reaped unknown pid 36005 (exit status 0)
2026-01-28 14:38:54,988 INFO reaped unknown pid 36012 (exit status 0)
2026-01-28 14:39:00,032 INFO reaped unknown pid 36019 (exit status 0)
2026-01-28 14:39:04,489 INFO reaped unknown pid 36030 (exit status 0)
2026-01-28 14:39:09,501 INFO reaped unknown pid 36037 (exit status 0)
2026-01-28 14:39:14,550 INFO reaped unknown pid 36044 (exit status 0)
2026-01-28 14:39:19,597 INFO reaped unknown pid 36051 (exit status 0)
2026-01-28 14:39:24,608 INFO reaped unknown pid 36058 (exit status 0)
2026-01-28 14:39:29,668 INFO reaped unknown pid 36065 (exit status 0)
2026-01-28 14:39:34,673 INFO reaped unknown pid 36072 (exit status 0)
2026-01-28 14:39:39,728 INFO reaped unknown pid 36079 (exit status 0)
2026-01-28 14:39:44,834 INFO reaped unknown pid 36086 (exit status 0)
2026-01-28 14:39:49,924 INFO reaped unknown pid 36093 (exit status 0)
2026-01-28 14:39:55,003 INFO reaped unknown pid 36100 (exit status 0)
2026-01-28 14:40:00,033 INFO reaped unknown pid 36107 (exit status 0)
2026-01-28 14:40:03,963 INFO reaped unknown pid 36118 (exit status 0)
2026-01-28 14:40:09,006 INFO reaped unknown pid 36125 (exit status 0)
2026-01-28 14:40:14,097 INFO reaped unknown pid 36132 (exit status 0)
2026-01-28 14:40:20,132 INFO reaped unknown pid 36139 (exit status 0)
2026-01-28 14:40:24,155 INFO reaped unknown pid 36146 (exit status 0)
2026-01-28 14:40:29,162 INFO reaped unknown pid 36153 (exit status 0)
2026-01-28 14:40:34,230 INFO reaped unknown pid 36160 (exit status 0)
2026-01-28 14:40:39,239 INFO reaped unknown pid 36167 (exit status 0)
2026-01-28 14:40:44,268 INFO reaped unknown pid 36174 (exit status 0)
2026-01-28 14:40:49,367 INFO reaped unknown pid 36181 (exit status 0)
2026-01-28 14:40:54,453 INFO reaped unknown pid 36188 (exit status 0)
2026-01-28 14:40:59,492 INFO reaped unknown pid 36195 (exit status 0)
2026-01-28 14:41:03,935 INFO reaped unknown pid 36206 (exit status 0)
2026-01-28 14:41:08,948 INFO reaped unknown pid 36213 (exit status 0)
2026-01-28 14:41:13,971 INFO reaped unknown pid 36220 (exit status 0)
2026-01-28 14:41:18,997 INFO reaped unknown pid 36227 (exit status 0)
2026-01-28 14:41:24,097 INFO reaped unknown pid 36234 (exit status 0)
2026-01-28 14:41:29,106 INFO reaped unknown pid 36241 (exit status 0)
2026-01-28 14:41:34,213 INFO reaped unknown pid 36248 (exit status 0)
2026-01-28 14:41:39,285 INFO reaped unknown pid 36255 (exit status 0)
2026-01-28 14:41:44,326 INFO reaped unknown pid 36262 (exit status 0)
2026-01-28 14:41:49,386 INFO reaped unknown pid 36269 (exit status 0)
2026-01-28 14:41:54,424 INFO reaped unknown pid 36276 (exit status 0)
2026-01-28 14:41:59,481 INFO reaped unknown pid 36283 (exit status 0)
2026-01-28 14:42:03,912 INFO reaped unknown pid 36294 (exit status 0)
2026-01-28 14:42:09,013 INFO reaped unknown pid 36301 (exit status 0)
2026-01-28 14:42:14,103 INFO reaped unknown pid 36308 (exit status 0)
2026-01-28 14:42:19,181 INFO reaped unknown pid 36315 (exit status 0)
2026-01-28 14:42:24,236 INFO reaped unknown pid 36322 (exit status 0)
2026-01-28 14:42:29,271 INFO reaped unknown pid 36329 (exit status 0)
2026-01-28 14:42:34,367 INFO reaped unknown pid 36336 (exit status 0)
2026-01-28 14:42:39,429 INFO reaped unknown pid 36343 (exit status 0)
2026-01-28 14:42:44,537 INFO reaped unknown pid 36350 (exit status 0)
2026-01-28 14:42:49,566 INFO reaped unknown pid 36357 (exit status 0)
2026-01-28 14:42:54,616 INFO reaped unknown pid 36364 (exit status 0)
2026-01-28 14:42:59,690 INFO reaped unknown pid 36371 (exit status 0)
2026-01-28 14:43:03,961 INFO reaped unknown pid 36382 (exit status 0)
2026-01-28 14:43:09,046 INFO reaped unknown pid 36389 (exit status 0)
2026-01-28 14:43:14,116 INFO reaped unknown pid 36396 (exit status 0)
2026-01-28 14:43:19,147 INFO reaped unknown pid 36403 (exit status 0)
2026-01-28 14:43:24,182 INFO reaped unknown pid 36410 (exit status 0)
2026-01-28 14:43:29,206 INFO reaped unknown pid 36417 (exit status 0)
2026-01-28 14:43:34,317 INFO reaped unknown pid 36424 (exit status 0)
2026-01-28 14:43:39,339 INFO reaped unknown pid 36431 (exit status 0)
2026-01-28 14:43:44,352 INFO reaped unknown pid 36438 (exit status 0)
2026-01-28 14:43:49,350 INFO reaped unknown pid 36445 (exit status 0)
2026-01-28 14:43:54,434 INFO reaped unknown pid 36452 (exit status 0)
2026-01-28 14:43:59,493 INFO reaped unknown pid 36459 (exit status 0)
2026-01-28 14:44:03,849 INFO reaped unknown pid 36470 (exit status 0)
2026-01-28 14:44:08,945 INFO reaped unknown pid 36477 (exit status 0)
2026-01-28 14:44:13,988 INFO reaped unknown pid 36484 (exit status 0)
2026-01-28 14:44:19,020 INFO reaped unknown pid 36491 (exit status 0)
2026-01-28 14:44:24,108 INFO reaped unknown pid 36498 (exit status 0)
2026-01-28 14:44:29,180 INFO reaped unknown pid 36505 (exit status 0)
2026-01-28 14:44:34,268 INFO reaped unknown pid 36512 (exit status 0)
2026-01-28 14:44:39,342 INFO reaped unknown pid 36519 (exit status 0)
2026-01-28 14:44:44,357 INFO reaped unknown pid 36526 (exit status 0)
2026-01-28 14:44:49,420 INFO reaped unknown pid 36533 (exit status 0)
2026-01-28 14:44:54,459 INFO reaped unknown pid 36540 (exit status 0)
2026-01-28 14:44:59,522 INFO reaped unknown pid 36547 (exit status 0)
2026-01-28 14:45:03,886 INFO reaped unknown pid 36558 (exit status 0)
2026-01-28 14:45:08,929 INFO reaped unknown pid 36565 (exit status 0)
2026-01-28 14:45:13,978 INFO reaped unknown pid 36572 (exit status 0)
2026-01-28 14:45:19,033 INFO reaped unknown pid 36579 (exit status 0)
2026-01-28 14:45:25,039 INFO reaped unknown pid 36586 (exit status 0)
2026-01-28 14:45:29,107 INFO reaped unknown pid 36593 (exit status 0)
2026-01-28 14:45:34,116 INFO reaped unknown pid 36600 (exit status 0)
2026-01-28 14:45:39,161 INFO reaped unknown pid 36607 (exit status 0)
2026-01-28 14:45:44,186 INFO reaped unknown pid 36614 (exit status 0)
2026-01-28 14:45:49,193 INFO reaped unknown pid 36621 (exit status 0)
2026-01-28 14:45:54,297 INFO reaped unknown pid 36628 (exit status 0)
2026-01-28 14:45:59,329 INFO reaped unknown pid 36635 (exit status 0)
2026-01-28 14:46:03,950 INFO reaped unknown pid 36646 (exit status 0)
2026-01-28 14:46:09,008 INFO reaped unknown pid 36653 (exit status 0)
2026-01-28 14:46:14,118 INFO reaped unknown pid 36660 (exit status 0)
2026-01-28 14:46:19,167 INFO reaped unknown pid 36667 (exit status 0)
2026-01-28 14:46:24,227 INFO reaped unknown pid 36674 (exit status 0)
2026-01-28 14:46:29,239 INFO reaped unknown pid 36681 (exit status 0)
2026-01-28 14:46:34,298 INFO reaped unknown pid 36688 (exit status 0)
2026-01-28 14:46:39,326 INFO reaped unknown pid 36695 (exit status 0)
2026-01-28 14:46:44,423 INFO reaped unknown pid 36702 (exit status 0)
2026-01-28 14:46:49,451 INFO reaped unknown pid 36709 (exit status 0)
2026-01-28 14:46:54,454 INFO reaped unknown pid 36716 (exit status 0)
2026-01-28 14:46:59,491 INFO reaped unknown pid 36723 (exit status 0)
2026-01-28 14:47:03,915 INFO reaped unknown pid 36734 (exit status 0)
2026-01-28 14:47:08,911 INFO reaped unknown pid 36741 (exit status 0)
2026-01-28 14:47:13,985 INFO reaped unknown pid 36748 (exit status 0)
2026-01-28 14:47:18,990 INFO reaped unknown pid 36755 (exit status 0)
2026-01-28 14:47:24,061 INFO reaped unknown pid 36762 (exit status 0)
2026-01-28 14:47:29,151 INFO reaped unknown pid 36769 (exit status 0)
2026-01-28 14:47:34,237 INFO reaped unknown pid 36776 (exit status 0)
2026-01-28 14:47:39,305 INFO reaped unknown pid 36783 (exit status 0)
2026-01-28 14:47:44,401 INFO reaped unknown pid 36790 (exit status 0)
2026-01-28 14:47:49,488 INFO reaped unknown pid 36797 (exit status 0)
2026-01-28 14:47:54,521 INFO reaped unknown pid 36804 (exit status 0)
2026-01-28 14:47:59,603 INFO reaped unknown pid 36811 (exit status 0)
2026-01-28 14:48:03,802 INFO reaped unknown pid 36822 (exit status 0)
2026-01-28 14:48:08,844 INFO reaped unknown pid 36829 (exit status 0)
2026-01-28 14:48:13,903 INFO reaped unknown pid 36836 (exit status 0)
2026-01-28 14:48:18,924 INFO reaped unknown pid 36843 (exit status 0)
2026-01-28 14:48:23,959 INFO reaped unknown pid 36850 (exit status 0)
2026-01-28 14:48:29,059 INFO reaped unknown pid 36857 (exit status 0)
2026-01-28 14:48:34,081 INFO reaped unknown pid 36864 (exit status 0)
2026-01-28 14:48:39,162 INFO reaped unknown pid 36871 (exit status 0)
2026-01-28 14:48:44,225 INFO reaped unknown pid 36878 (exit status 0)
2026-01-28 14:48:49,283 INFO reaped unknown pid 36885 (exit status 0)
2026-01-28 14:48:54,337 INFO reaped unknown pid 36892 (exit status 0)
2026-01-28 14:48:59,377 INFO reaped unknown pid 36899 (exit status 0)
2026-01-28 14:49:03,848 INFO reaped unknown pid 36910 (exit status 0)
2026-01-28 14:49:08,912 INFO reaped unknown pid 36917 (exit status 0)
2026-01-28 14:49:13,952 INFO reaped unknown pid 36924 (exit status 0)
2026-01-28 14:49:19,042 INFO reaped unknown pid 36931 (exit status 0)
2026-01-28 14:49:24,102 INFO reaped unknown pid 36938 (exit status 0)
2026-01-28 14:49:29,185 INFO reaped unknown pid 36945 (exit status 0)
2026-01-28 14:49:34,214 INFO reaped unknown pid 36952 (exit status 0)
2026-01-28 14:49:39,261 INFO reaped unknown pid 36959 (exit status 0)
2026-01-28 14:49:44,335 INFO reaped unknown pid 36966 (exit status 0)
2026-01-28 14:49:49,403 INFO reaped unknown pid 36973 (exit status 0)
2026-01-28 14:49:54,420 INFO reaped unknown pid 36980 (exit status 0)
2026-01-28 14:49:59,505 INFO reaped unknown pid 36987 (exit status 0)
2026-01-28 14:50:03,775 INFO reaped unknown pid 36998 (exit status 0)
2026-01-28 14:50:08,814 INFO reaped unknown pid 37005 (exit status 0)
2026-01-28 14:50:13,892 INFO reaped unknown pid 37012 (exit status 0)
2026-01-28 14:50:18,970 INFO reaped unknown pid 37019 (exit status 0)
2026-01-28 14:50:24,994 INFO reaped unknown pid 37026 (exit status 0)
2026-01-28 14:50:29,079 INFO reaped unknown pid 37033 (exit status 0)
2026-01-28 14:50:34,123 INFO reaped unknown pid 37040 (exit status 0)
2026-01-28 14:50:39,150 INFO reaped unknown pid 37047 (exit status 0)
2026-01-28 14:50:44,173 INFO reaped unknown pid 37054 (exit status 0)
2026-01-28 14:50:49,215 INFO reaped unknown pid 37061 (exit status 0)
2026-01-28 14:50:54,277 INFO reaped unknown pid 37068 (exit status 0)
2026-01-28 14:50:59,291 INFO reaped unknown pid 37075 (exit status 0)
2026-01-28 14:51:03,786 INFO reaped unknown pid 37086 (exit status 0)
2026-01-28 14:51:08,821 INFO reaped unknown pid 37093 (exit status 0)
2026-01-28 14:51:13,906 INFO reaped unknown pid 37100 (exit status 0)
2026-01-28 14:51:18,971 INFO reaped unknown pid 37107 (exit status 0)
2026-01-28 14:51:23,981 INFO reaped unknown pid 37114 (exit status 0)
2026-01-28 14:51:29,018 INFO reaped unknown pid 37121 (exit status 0)
2026-01-28 14:51:34,098 INFO reaped unknown pid 37128 (exit status 0)
2026-01-28 14:51:39,169 INFO reaped unknown pid 37135 (exit status 0)
2026-01-28 14:51:44,277 INFO reaped unknown pid 37142 (exit status 0)
2026-01-28 14:51:49,375 INFO reaped unknown pid 37149 (exit status 0)
2026-01-28 14:51:54,421 INFO reaped unknown pid 37156 (exit status 0)
2026-01-28 14:51:59,474 INFO reaped unknown pid 37163 (exit status 0)
2026-01-28 14:52:03,842 INFO reaped unknown pid 37174 (exit status 0)
2026-01-28 14:52:08,900 INFO reaped unknown pid 37181 (exit status 0)
2026-01-28 14:52:13,943 INFO reaped unknown pid 37188 (exit status 0)
2026-01-28 14:52:18,980 INFO reaped unknown pid 37195 (exit status 0)
2026-01-28 14:52:24,057 INFO reaped unknown pid 37202 (exit status 0)
2026-01-28 14:52:29,158 INFO reaped unknown pid 37209 (exit status 0)
2026-01-28 14:52:34,213 INFO reaped unknown pid 37216 (exit status 0)
2026-01-28 14:52:39,253 INFO reaped unknown pid 37223 (exit status 0)
2026-01-28 14:52:44,308 INFO reaped unknown pid 37230 (exit status 0)
2026-01-28 14:52:49,341 INFO reaped unknown pid 37237 (exit status 0)
2026-01-28 14:52:54,398 INFO reaped unknown pid 37244 (exit status 0)
2026-01-28 14:52:59,485 INFO reaped unknown pid 37251 (exit status 0)
2026-01-28 14:53:03,797 INFO reaped unknown pid 37262 (exit status 0)
2026-01-28 14:53:08,879 INFO reaped unknown pid 37269 (exit status 0)
2026-01-28 14:53:13,955 INFO reaped unknown pid 37276 (exit status 0)
2026-01-28 14:53:18,986 INFO reaped unknown pid 37283 (exit status 0)
2026-01-28 14:53:24,054 INFO reaped unknown pid 37290 (exit status 0)
2026-01-28 14:53:29,105 INFO reaped unknown pid 37297 (exit status 0)
2026-01-28 14:53:34,152 INFO reaped unknown pid 37304 (exit status 0)
2026-01-28 14:53:39,214 INFO reaped unknown pid 37311 (exit status 0)
2026-01-28 14:53:44,314 INFO reaped unknown pid 37318 (exit status 0)
2026-01-28 14:53:49,355 INFO reaped unknown pid 37325 (exit status 0)
2026-01-28 14:53:54,459 INFO reaped unknown pid 37332 (exit status 0)
2026-01-28 14:53:59,528 INFO reaped unknown pid 37339 (exit status 0)
2026-01-28 14:54:03,788 INFO reaped unknown pid 37350 (exit status 0)
2026-01-28 14:54:08,832 INFO reaped unknown pid 37357 (exit status 0)
2026-01-28 14:54:13,920 INFO reaped unknown pid 37364 (exit status 0)
2026-01-28 14:54:18,983 INFO reaped unknown pid 37371 (exit status 0)
2026-01-28 14:54:24,037 INFO reaped unknown pid 37378 (exit status 0)
2026-01-28 14:54:29,049 INFO reaped unknown pid 37385 (exit status 0)
2026-01-28 14:54:34,157 INFO reaped unknown pid 37392 (exit status 0)
2026-01-28 14:54:39,218 INFO reaped unknown pid 37399 (exit status 0)
2026-01-28 14:54:44,312 INFO reaped unknown pid 37406 (exit status 0)
2026-01-28 14:54:49,344 INFO reaped unknown pid 37413 (exit status 0)
2026-01-28 14:54:54,375 INFO reaped unknown pid 37420 (exit status 0)
2026-01-28 14:54:59,416 INFO reaped unknown pid 37427 (exit status 0)
2026-01-28 14:55:03,980 INFO reaped unknown pid 37438 (exit status 0)
2026-01-28 14:55:09,069 INFO reaped unknown pid 37445 (exit status 0)
2026-01-28 14:55:14,124 INFO reaped unknown pid 37452 (exit status 0)
2026-01-28 14:55:19,146 INFO reaped unknown pid 37459 (exit status 0)
2026-01-28 14:55:25,158 INFO reaped unknown pid 37466 (exit status 0)
2026-01-28 14:55:29,230 INFO reaped unknown pid 37473 (exit status 0)
2026-01-28 14:55:34,297 INFO reaped unknown pid 37480 (exit status 0)
2026-01-28 14:55:39,400 INFO reaped unknown pid 37487 (exit status 0)
2026-01-28 14:55:44,452 INFO reaped unknown pid 37494 (exit status 0)
2026-01-28 14:55:49,487 INFO reaped unknown pid 37501 (exit status 0)
2026-01-28 14:55:54,572 INFO reaped unknown pid 37508 (exit status 0)
2026-01-28 14:55:59,649 INFO reaped unknown pid 37515 (exit status 0)
2026-01-28 14:56:03,916 INFO reaped unknown pid 37526 (exit status 0)
2026-01-28 14:56:08,997 INFO reaped unknown pid 37533 (exit status 0)
2026-01-28 14:56:14,066 INFO reaped unknown pid 37540 (exit status 0)
2026-01-28 14:56:19,144 INFO reaped unknown pid 37547 (exit status 0)
2026-01-28 14:56:24,247 INFO reaped unknown pid 37554 (exit status 0)
2026-01-28 14:56:29,261 INFO reaped unknown pid 37561 (exit status 0)
2026-01-28 14:56:34,295 INFO reaped unknown pid 37568 (exit status 0)
2026-01-28 14:56:39,350 INFO reaped unknown pid 37575 (exit status 0)
2026-01-28 14:56:44,416 INFO reaped unknown pid 37582 (exit status 0)
2026-01-28 14:56:49,481 INFO reaped unknown pid 37589 (exit status 0)
2026-01-28 14:56:54,497 INFO reaped unknown pid 37596 (exit status 0)
2026-01-28 14:56:59,604 INFO reaped unknown pid 37603 (exit status 0)
2026-01-28 14:57:04,069 INFO reaped unknown pid 37614 (exit status 0)
2026-01-28 14:57:09,139 INFO reaped unknown pid 37621 (exit status 0)
2026-01-28 14:57:14,226 INFO reaped unknown pid 37628 (exit status 0)
2026-01-28 14:57:19,262 INFO reaped unknown pid 37635 (exit status 0)
2026-01-28 14:57:24,362 INFO reaped unknown pid 37642 (exit status 0)
2026-01-28 14:57:29,430 INFO reaped unknown pid 37649 (exit status 0)
2026-01-28 14:57:34,516 INFO reaped unknown pid 37656 (exit status 0)
2026-01-28 14:57:39,565 INFO reaped unknown pid 37663 (exit status 0)
2026-01-28 14:57:44,625 INFO reaped unknown pid 37670 (exit status 0)
2026-01-28 14:57:49,647 INFO reaped unknown pid 37677 (exit status 0)
2026-01-28 14:57:54,721 INFO reaped unknown pid 37684 (exit status 0)
2026-01-28 14:57:59,755 INFO reaped unknown pid 37691 (exit status 0)
2026-01-28 14:58:04,103 INFO reaped unknown pid 37702 (exit status 0)
2026-01-28 14:58:09,146 INFO reaped unknown pid 37709 (exit status 0)
2026-01-28 14:58:14,177 INFO reaped unknown pid 37716 (exit status 0)
2026-01-28 14:58:19,232 INFO reaped unknown pid 37723 (exit status 0)
2026-01-28 14:58:24,242 INFO reaped unknown pid 37730 (exit status 0)
2026-01-28 14:58:29,335 INFO reaped unknown pid 37737 (exit status 0)
2026-01-28 14:58:34,405 INFO reaped unknown pid 37744 (exit status 0)
2026-01-28 14:58:39,480 INFO reaped unknown pid 37751 (exit status 0)
2026-01-28 14:58:44,494 INFO reaped unknown pid 37758 (exit status 0)
2026-01-28 14:58:49,524 INFO reaped unknown pid 37765 (exit status 0)
2026-01-28 14:58:54,545 INFO reaped unknown pid 37772 (exit status 0)
2026-01-28 14:58:59,579 INFO reaped unknown pid 37779 (exit status 0)
2026-01-28 14:59:04,156 INFO reaped unknown pid 37790 (exit status 0)
2026-01-28 14:59:09,166 INFO reaped unknown pid 37797 (exit status 0)
2026-01-28 14:59:14,215 INFO reaped unknown pid 37804 (exit status 0)
2026-01-28 14:59:19,315 INFO reaped unknown pid 37811 (exit status 0)
2026-01-28 14:59:24,402 INFO reaped unknown pid 37818 (exit status 0)
2026-01-28 14:59:29,401 INFO reaped unknown pid 37825 (exit status 0)
2026-01-28 14:59:34,465 INFO reaped unknown pid 37832 (exit status 0)
2026-01-28 14:59:39,492 INFO reaped unknown pid 37839 (exit status 0)
2026-01-28 14:59:44,537 INFO reaped unknown pid 37846 (exit status 0)
2026-01-28 14:59:49,565 INFO reaped unknown pid 37853 (exit status 0)
2026-01-28 14:59:54,628 INFO reaped unknown pid 37860 (exit status 0)
2026-01-28 14:59:59,685 INFO reaped unknown pid 37867 (exit status 0)
2026-01-28 15:00:04,164 INFO reaped unknown pid 37878 (exit status 0)
2026-01-28 15:00:09,251 INFO reaped unknown pid 37885 (exit status 0)
2026-01-28 15:00:14,355 INFO reaped unknown pid 37892 (exit status 0)
2026-01-28 15:00:19,355 INFO reaped unknown pid 37899 (exit status 0)
2026-01-28 15:00:25,415 INFO reaped unknown pid 37906 (exit status 0)
2026-01-28 15:00:29,506 INFO reaped unknown pid 37913 (exit status 0)
2026-01-28 15:00:34,550 INFO reaped unknown pid 37920 (exit status 0)
2026-01-28 15:00:39,559 INFO reaped unknown pid 37927 (exit status 0)
2026-01-28 15:00:44,626 INFO reaped unknown pid 37934 (exit status 0)
2026-01-28 15:00:49,720 INFO reaped unknown pid 37941 (exit status 0)
2026-01-28 15:00:54,805 INFO reaped unknown pid 37948 (exit status 0)
2026-01-28 15:00:59,821 INFO reaped unknown pid 37955 (exit status 0)
2026-01-28 15:01:04,159 INFO reaped unknown pid 37966 (exit status 0)
2026-01-28 15:01:09,279 INFO reaped unknown pid 37973 (exit status 0)
2026-01-28 15:01:14,352 INFO reaped unknown pid 37980 (exit status 0)
2026-01-28 15:01:19,396 INFO reaped unknown pid 37987 (exit status 0)
2026-01-28 15:01:24,485 INFO reaped unknown pid 37994 (exit status 0)
2026-01-28 15:01:29,499 INFO reaped unknown pid 38001 (exit status 0)
2026-01-28 15:01:34,511 INFO reaped unknown pid 38008 (exit status 0)
2026-01-28 15:01:39,516 INFO reaped unknown pid 38015 (exit status 0)
2026-01-28 15:01:44,601 INFO reaped unknown pid 38022 (exit status 0)
2026-01-28 15:01:49,603 INFO reaped unknown pid 38029 (exit status 0)
2026-01-28 15:01:54,681 INFO reaped unknown pid 38036 (exit status 0)
2026-01-28 15:01:59,775 INFO reaped unknown pid 38043 (exit status 0)
2026-01-28 15:02:04,183 INFO reaped unknown pid 38054 (exit status 0)
2026-01-28 15:02:09,217 INFO reaped unknown pid 38061 (exit status 0)
2026-01-28 15:02:14,282 INFO reaped unknown pid 38068 (exit status 0)
2026-01-28 15:02:19,310 INFO reaped unknown pid 38075 (exit status 0)
2026-01-28 15:02:24,418 INFO reaped unknown pid 38082 (exit status 0)
2026-01-28 15:02:29,512 INFO reaped unknown pid 38089 (exit status 0)
2026-01-28 15:02:34,587 INFO reaped unknown pid 38096 (exit status 0)
2026-01-28 15:02:39,623 INFO reaped unknown pid 38103 (exit status 0)
2026-01-28 15:02:44,687 INFO reaped unknown pid 38110 (exit status 0)
2026-01-28 15:02:49,731 INFO reaped unknown pid 38117 (exit status 0)
2026-01-28 15:02:54,757 INFO reaped unknown pid 38124 (exit status 0)
2026-01-28 15:02:59,822 INFO reaped unknown pid 38131 (exit status 0)
2026-01-28 15:03:04,206 INFO reaped unknown pid 38142 (exit status 0)
2026-01-28 15:03:09,287 INFO reaped unknown pid 38149 (exit status 0)
2026-01-28 15:03:14,288 INFO reaped unknown pid 38156 (exit status 0)
2026-01-28 15:03:19,368 INFO reaped unknown pid 38163 (exit status 0)
2026-01-28 15:03:24,456 INFO reaped unknown pid 38170 (exit status 0)
2026-01-28 15:03:29,498 INFO reaped unknown pid 38177 (exit status 0)
2026-01-28 15:03:34,546 INFO reaped unknown pid 38184 (exit status 0)
2026-01-28 15:03:39,597 INFO reaped unknown pid 38191 (exit status 0)
2026-01-28 15:03:44,636 INFO reaped unknown pid 38198 (exit status 0)
2026-01-28 15:03:49,665 INFO reaped unknown pid 38205 (exit status 0)
2026-01-28 15:03:54,768 INFO reaped unknown pid 38212 (exit status 0)
2026-01-28 15:03:59,773 INFO reaped unknown pid 38219 (exit status 0)
2026-01-28 15:04:04,296 INFO reaped unknown pid 38230 (exit status 0)
2026-01-28 15:04:09,379 INFO reaped unknown pid 38237 (exit status 0)
2026-01-28 15:04:14,415 INFO reaped unknown pid 38244 (exit status 0)
2026-01-28 15:04:19,506 INFO reaped unknown pid 38251 (exit status 0)
2026-01-28 15:04:24,581 INFO reaped unknown pid 38258 (exit status 0)
2026-01-28 15:04:29,585 INFO reaped unknown pid 38265 (exit status 0)
2026-01-28 15:04:34,600 INFO reaped unknown pid 38272 (exit status 0)
2026-01-28 15:04:39,652 INFO reaped unknown pid 38279 (exit status 0)
2026-01-28 15:04:44,652 INFO reaped unknown pid 38286 (exit status 0)
2026-01-28 15:04:49,700 INFO reaped unknown pid 38293 (exit status 0)
2026-01-28 15:04:54,782 INFO reaped unknown pid 38300 (exit status 0)
2026-01-28 15:04:59,827 INFO reaped unknown pid 38307 (exit status 0)
2026-01-28 15:05:04,283 INFO reaped unknown pid 38318 (exit status 0)
2026-01-28 15:05:09,361 INFO reaped unknown pid 38325 (exit status 0)
2026-01-28 15:05:14,389 INFO reaped unknown pid 38332 (exit status 0)
2026-01-28 15:05:19,485 INFO reaped unknown pid 38339 (exit status 0)
2026-01-28 15:05:25,553 INFO reaped unknown pid 38346 (exit status 0)
2026-01-28 15:05:29,655 INFO reaped unknown pid 38353 (exit status 0)
2026-01-28 15:05:34,672 INFO reaped unknown pid 38360 (exit status 0)
2026-01-28 15:05:39,694 INFO reaped unknown pid 38367 (exit status 0)
2026-01-28 15:05:44,722 INFO reaped unknown pid 38374 (exit status 0)
2026-01-28 15:05:49,724 INFO reaped unknown pid 38381 (exit status 0)
2026-01-28 15:05:54,809 INFO reaped unknown pid 38388 (exit status 0)
2026-01-28 15:05:59,818 INFO reaped unknown pid 38395 (exit status 0)
2026-01-28 15:06:04,300 INFO reaped unknown pid 38406 (exit status 0)
2026-01-28 15:06:09,299 INFO reaped unknown pid 38413 (exit status 0)
2026-01-28 15:06:14,305 INFO reaped unknown pid 38420 (exit status 0)
2026-01-28 15:06:19,324 INFO reaped unknown pid 38427 (exit status 0)
2026-01-28 15:06:24,384 INFO reaped unknown pid 38434 (exit status 0)
2026-01-28 15:06:29,473 INFO reaped unknown pid 38441 (exit status 0)
2026-01-28 15:06:34,502 INFO reaped unknown pid 38448 (exit status 0)
2026-01-28 15:06:39,528 INFO reaped unknown pid 38455 (exit status 0)
2026-01-28 15:06:44,620 INFO reaped unknown pid 38462 (exit status 0)
2026-01-28 15:06:49,649 INFO reaped unknown pid 38469 (exit status 0)
2026-01-28 15:06:54,695 INFO reaped unknown pid 38476 (exit status 0)
2026-01-28 15:06:59,766 INFO reaped unknown pid 38483 (exit status 0)
2026-01-28 15:07:04,617 INFO reaped unknown pid 38494 (exit status 0)
2026-01-28 15:07:09,630 INFO reaped unknown pid 38501 (exit status 0)
2026-01-28 15:07:14,652 INFO reaped unknown pid 38508 (exit status 0)
2026-01-28 15:07:19,662 INFO reaped unknown pid 38515 (exit status 0)
2026-01-28 15:07:24,671 INFO reaped unknown pid 38522 (exit status 0)
2026-01-28 15:07:29,759 INFO reaped unknown pid 38529 (exit status 0)
2026-01-28 15:07:34,813 INFO reaped unknown pid 38536 (exit status 0)
2026-01-28 15:07:39,817 INFO reaped unknown pid 38543 (exit status 0)
2026-01-28 15:07:44,852 INFO reaped unknown pid 38550 (exit status 0)
2026-01-28 15:07:49,876 INFO reaped unknown pid 38557 (exit status 0)
2026-01-28 15:07:54,972 INFO reaped unknown pid 38564 (exit status 0)
2026-01-28 15:08:00,034 INFO reaped unknown pid 38571 (exit status 0)
2026-01-28 15:08:04,359 INFO reaped unknown pid 38582 (exit status 0)
2026-01-28 15:08:09,458 INFO reaped unknown pid 38589 (exit status 0)
2026-01-28 15:08:14,526 INFO reaped unknown pid 38596 (exit status 0)
2026-01-28 15:08:19,630 INFO reaped unknown pid 38603 (exit status 0)
2026-01-28 15:08:24,714 INFO reaped unknown pid 38610 (exit status 0)
2026-01-28 15:08:29,820 INFO reaped unknown pid 38617 (exit status 0)
2026-01-28 15:08:34,847 INFO reaped unknown pid 38624 (exit status 0)
2026-01-28 15:08:39,881 INFO reaped unknown pid 38631 (exit status 0)
2026-01-28 15:08:44,946 INFO reaped unknown pid 38638 (exit status 0)
2026-01-28 15:08:50,055 INFO reaped unknown pid 38645 (exit status 0)
2026-01-28 15:08:55,077 INFO reaped unknown pid 38652 (exit status 0)
2026-01-28 15:09:00,037 INFO reaped unknown pid 38659 (exit status 0)
2026-01-28 15:09:04,462 INFO reaped unknown pid 38670 (exit status 0)
2026-01-28 15:09:09,508 INFO reaped unknown pid 38677 (exit status 0)
2026-01-28 15:09:14,615 INFO reaped unknown pid 38684 (exit status 0)
2026-01-28 15:09:19,655 INFO reaped unknown pid 38691 (exit status 0)
2026-01-28 15:09:24,704 INFO reaped unknown pid 38698 (exit status 0)
2026-01-28 15:09:29,785 INFO reaped unknown pid 38705 (exit status 0)
2026-01-28 15:09:34,794 INFO reaped unknown pid 38712 (exit status 0)
2026-01-28 15:09:39,896 INFO reaped unknown pid 38719 (exit status 0)
2026-01-28 15:09:44,970 INFO reaped unknown pid 38726 (exit status 0)
2026-01-28 15:09:50,008 INFO reaped unknown pid 38733 (exit status 0)
2026-01-28 15:09:55,032 INFO reaped unknown pid 38740 (exit status 0)
2026-01-28 15:10:00,022 INFO reaped unknown pid 38747 (exit status 0)
2026-01-28 15:10:04,473 INFO reaped unknown pid 38758 (exit status 0)
2026-01-28 15:10:09,476 INFO reaped unknown pid 38765 (exit status 0)
2026-01-28 15:10:14,513 INFO reaped unknown pid 38772 (exit status 0)
2026-01-28 15:10:19,527 INFO reaped unknown pid 38779 (exit status 0)
2026-01-28 15:10:25,591 INFO reaped unknown pid 38786 (exit status 0)
2026-01-28 15:10:29,644 INFO reaped unknown pid 38793 (exit status 0)
2026-01-28 15:10:34,746 INFO reaped unknown pid 38800 (exit status 0)
2026-01-28 15:10:39,757 INFO reaped unknown pid 38807 (exit status 0)
2026-01-28 15:10:44,767 INFO reaped unknown pid 38814 (exit status 0)
2026-01-28 15:10:49,777 INFO reaped unknown pid 38821 (exit status 0)
2026-01-28 15:10:54,800 INFO reaped unknown pid 38828 (exit status 0)
2026-01-28 15:10:59,901 INFO reaped unknown pid 38835 (exit status 0)
2026-01-28 15:11:04,429 INFO reaped unknown pid 38846 (exit status 0)
2026-01-28 15:11:09,465 INFO reaped unknown pid 38853 (exit status 0)
2026-01-28 15:11:14,491 INFO reaped unknown pid 38860 (exit status 0)
2026-01-28 15:11:19,515 INFO reaped unknown pid 38867 (exit status 0)
2026-01-28 15:11:24,602 INFO reaped unknown pid 38874 (exit status 0)
2026-01-28 15:11:29,610 INFO reaped unknown pid 38881 (exit status 0)
2026-01-28 15:11:34,629 INFO reaped unknown pid 38888 (exit status 0)
2026-01-28 15:11:39,725 INFO reaped unknown pid 38895 (exit status 0)
2026-01-28 15:11:44,807 INFO reaped unknown pid 38902 (exit status 0)
2026-01-28 15:11:49,827 INFO reaped unknown pid 38909 (exit status 0)
2026-01-28 15:11:54,923 INFO reaped unknown pid 38916 (exit status 0)
2026-01-28 15:11:59,947 INFO reaped unknown pid 38923 (exit status 0)
2026-01-28 15:12:04,404 INFO reaped unknown pid 38934 (exit status 0)
2026-01-28 15:12:09,403 INFO reaped unknown pid 38941 (exit status 0)
2026-01-28 15:12:14,477 INFO reaped unknown pid 38948 (exit status 0)
2026-01-28 15:12:19,527 INFO reaped unknown pid 38955 (exit status 0)
2026-01-28 15:12:24,562 INFO reaped unknown pid 38962 (exit status 0)
2026-01-28 15:12:29,577 INFO reaped unknown pid 38969 (exit status 0)
2026-01-28 15:12:34,659 INFO reaped unknown pid 38976 (exit status 0)
2026-01-28 15:12:39,680 INFO reaped unknown pid 38983 (exit status 0)
2026-01-28 15:12:44,689 INFO reaped unknown pid 38990 (exit status 0)
2026-01-28 15:12:49,750 INFO reaped unknown pid 38997 (exit status 0)
2026-01-28 15:12:54,846 INFO reaped unknown pid 39004 (exit status 0)
2026-01-28 15:12:59,892 INFO reaped unknown pid 39011 (exit status 0)
2026-01-28 15:13:04,439 INFO reaped unknown pid 39022 (exit status 0)
2026-01-28 15:13:09,440 INFO reaped unknown pid 39029 (exit status 0)
2026-01-28 15:13:14,551 INFO reaped unknown pid 39036 (exit status 0)
2026-01-28 15:13:19,577 INFO reaped unknown pid 39043 (exit status 0)
2026-01-28 15:13:24,656 INFO reaped unknown pid 39050 (exit status 0)
2026-01-28 15:13:29,714 INFO reaped unknown pid 39057 (exit status 0)
2026-01-28 15:13:34,803 INFO reaped unknown pid 39064 (exit status 0)
2026-01-28 15:13:39,853 INFO reaped unknown pid 39071 (exit status 0)
2026-01-28 15:13:44,936 INFO reaped unknown pid 39078 (exit status 0)
2026-01-28 15:13:49,978 INFO reaped unknown pid 39085 (exit status 0)
2026-01-28 15:13:55,084 INFO reaped unknown pid 39092 (exit status 0)
2026-01-28 15:14:00,066 INFO reaped unknown pid 39099 (exit status 0)
2026-01-28 15:14:04,396 INFO reaped unknown pid 39110 (exit status 0)
2026-01-28 15:14:09,424 INFO reaped unknown pid 39117 (exit status 0)
2026-01-28 15:14:14,483 INFO reaped unknown pid 39124 (exit status 0)
2026-01-28 15:14:19,485 INFO reaped unknown pid 39131 (exit status 0)
2026-01-28 15:14:24,533 INFO reaped unknown pid 39138 (exit status 0)
2026-01-28 15:14:29,534 INFO reaped unknown pid 39145 (exit status 0)
2026-01-28 15:14:34,549 INFO reaped unknown pid 39152 (exit status 0)
2026-01-28 15:14:39,593 INFO reaped unknown pid 39159 (exit status 0)
2026-01-28 15:14:44,646 INFO reaped unknown pid 39166 (exit status 0)
2026-01-28 15:14:49,652 INFO reaped unknown pid 39173 (exit status 0)
2026-01-28 15:14:54,755 INFO reaped unknown pid 39180 (exit status 0)
2026-01-28 15:14:59,769 INFO reaped unknown pid 39187 (exit status 0)
2026-01-28 15:15:04,362 INFO reaped unknown pid 39198 (exit status 0)
2026-01-28 15:15:09,360 INFO reaped unknown pid 39205 (exit status 0)
2026-01-28 15:15:14,378 INFO reaped unknown pid 39212 (exit status 0)
2026-01-28 15:15:19,409 INFO reaped unknown pid 39219 (exit status 0)
2026-01-28 15:15:24,449 INFO reaped unknown pid 39226 (exit status 0)
2026-01-28 15:15:30,553 INFO reaped unknown pid 39233 (exit status 0)
2026-01-28 15:15:34,648 INFO reaped unknown pid 39240 (exit status 0)
2026-01-28 15:15:39,696 INFO reaped unknown pid 39247 (exit status 0)
2026-01-28 15:15:44,793 INFO reaped unknown pid 39254 (exit status 0)
2026-01-28 15:15:49,812 INFO reaped unknown pid 39261 (exit status 0)
2026-01-28 15:15:54,923 INFO reaped unknown pid 39268 (exit status 0)
2026-01-28 15:16:00,004 INFO reaped unknown pid 39275 (exit status 0)
2026-01-28 15:16:04,291 INFO reaped unknown pid 39286 (exit status 0)
2026-01-28 15:16:09,298 INFO reaped unknown pid 39293 (exit status 0)
2026-01-28 15:16:14,405 INFO reaped unknown pid 39300 (exit status 0)
2026-01-28 15:16:19,430 INFO reaped unknown pid 39307 (exit status 0)
2026-01-28 15:16:24,468 INFO reaped unknown pid 39314 (exit status 0)
2026-01-28 15:16:29,572 INFO reaped unknown pid 39321 (exit status 0)
2026-01-28 15:16:34,598 INFO reaped unknown pid 39328 (exit status 0)
2026-01-28 15:16:39,628 INFO reaped unknown pid 39335 (exit status 0)
2026-01-28 15:16:44,714 INFO reaped unknown pid 39342 (exit status 0)
2026-01-28 15:16:49,740 INFO reaped unknown pid 39349 (exit status 0)
2026-01-28 15:16:54,764 INFO reaped unknown pid 39356 (exit status 0)
2026-01-28 15:16:59,863 INFO reaped unknown pid 39363 (exit status 0)
2026-01-28 15:17:04,379 INFO reaped unknown pid 39374 (exit status 0)
2026-01-28 15:17:09,425 INFO reaped unknown pid 39381 (exit status 0)
2026-01-28 15:17:14,453 INFO reaped unknown pid 39388 (exit status 0)
2026-01-28 15:17:19,468 INFO reaped unknown pid 39395 (exit status 0)
2026-01-28 15:17:24,502 INFO reaped unknown pid 39402 (exit status 0)
2026-01-28 15:17:29,566 INFO reaped unknown pid 39409 (exit status 0)
2026-01-28 15:17:34,675 INFO reaped unknown pid 39416 (exit status 0)
2026-01-28 15:17:39,772 INFO reaped unknown pid 39423 (exit status 0)
2026-01-28 15:17:44,825 INFO reaped unknown pid 39430 (exit status 0)
2026-01-28 15:17:49,867 INFO reaped unknown pid 39437 (exit status 0)
2026-01-28 15:17:54,899 INFO reaped unknown pid 39444 (exit status 0)
2026-01-28 15:17:59,912 INFO reaped unknown pid 39451 (exit status 0)
2026-01-28 15:18:04,427 INFO reaped unknown pid 39462 (exit status 0)
2026-01-28 15:18:09,516 INFO reaped unknown pid 39469 (exit status 0)
2026-01-28 15:18:14,597 INFO reaped unknown pid 39476 (exit status 0)
2026-01-28 15:18:19,613 INFO reaped unknown pid 39483 (exit status 0)
2026-01-28 15:18:24,695 INFO reaped unknown pid 39490 (exit status 0)
2026-01-28 15:18:29,724 INFO reaped unknown pid 39497 (exit status 0)
2026-01-28 15:18:34,740 INFO reaped unknown pid 39504 (exit status 0)
2026-01-28 15:18:39,760 INFO reaped unknown pid 39511 (exit status 0)
2026-01-28 15:18:44,824 INFO reaped unknown pid 39518 (exit status 0)
2026-01-28 15:18:49,844 INFO reaped unknown pid 39525 (exit status 0)
2026-01-28 15:18:54,865 INFO reaped unknown pid 39532 (exit status 0)
2026-01-28 15:18:59,858 INFO reaped unknown pid 39539 (exit status 0)
2026-01-28 15:19:04,345 INFO reaped unknown pid 39550 (exit status 0)
2026-01-28 15:19:09,336 INFO reaped unknown pid 39557 (exit status 0)
2026-01-28 15:19:14,362 INFO reaped unknown pid 39564 (exit status 0)
2026-01-28 15:19:19,393 INFO reaped unknown pid 39571 (exit status 0)
2026-01-28 15:19:24,478 INFO reaped unknown pid 39578 (exit status 0)
2026-01-28 15:19:29,506 INFO reaped unknown pid 39585 (exit status 0)
2026-01-28 15:19:34,548 INFO reaped unknown pid 39592 (exit status 0)
2026-01-28 15:19:39,656 INFO reaped unknown pid 39599 (exit status 0)
2026-01-28 15:19:44,719 INFO reaped unknown pid 39606 (exit status 0)
2026-01-28 15:19:49,764 INFO reaped unknown pid 39613 (exit status 0)
2026-01-28 15:19:54,811 INFO reaped unknown pid 39620 (exit status 0)
2026-01-28 15:19:59,817 INFO reaped unknown pid 39627 (exit status 0)
2026-01-28 15:20:04,387 INFO reaped unknown pid 39638 (exit status 0)
2026-01-28 15:20:09,423 INFO reaped unknown pid 39645 (exit status 0)
2026-01-28 15:20:14,460 INFO reaped unknown pid 39652 (exit status 0)
2026-01-28 15:20:19,532 INFO reaped unknown pid 39659 (exit status 0)
2026-01-28 15:20:24,587 INFO reaped unknown pid 39666 (exit status 0)
2026-01-28 15:20:30,683 INFO reaped unknown pid 39673 (exit status 0)
2026-01-28 15:20:34,781 INFO reaped unknown pid 39680 (exit status 0)
2026-01-28 15:20:39,804 INFO reaped unknown pid 39687 (exit status 0)
2026-01-28 15:20:44,846 INFO reaped unknown pid 39694 (exit status 0)
2026-01-28 15:20:49,877 INFO reaped unknown pid 39701 (exit status 0)
2026-01-28 15:20:54,914 INFO reaped unknown pid 39708 (exit status 0)
2026-01-28 15:21:00,012 INFO reaped unknown pid 39715 (exit status 0)
2026-01-28 15:21:04,362 INFO reaped unknown pid 39726 (exit status 0)
2026-01-28 15:21:09,360 INFO reaped unknown pid 39733 (exit status 0)
2026-01-28 15:21:14,382 INFO reaped unknown pid 39740 (exit status 0)
2026-01-28 15:21:19,468 INFO reaped unknown pid 39747 (exit status 0)
2026-01-28 15:21:24,544 INFO reaped unknown pid 39754 (exit status 0)
2026-01-28 15:21:29,614 INFO reaped unknown pid 39761 (exit status 0)
2026-01-28 15:21:34,678 INFO reaped unknown pid 39768 (exit status 0)
2026-01-28 15:21:39,781 INFO reaped unknown pid 39775 (exit status 0)
2026-01-28 15:21:44,832 INFO reaped unknown pid 39782 (exit status 0)
2026-01-28 15:21:49,860 INFO reaped unknown pid 39789 (exit status 0)
2026-01-28 15:21:54,917 INFO reaped unknown pid 39796 (exit status 0)
2026-01-28 15:21:59,926 INFO reaped unknown pid 39803 (exit status 0)
2026-01-28 15:22:04,434 INFO reaped unknown pid 39814 (exit status 0)
2026-01-28 15:22:09,437 INFO reaped unknown pid 39821 (exit status 0)
2026-01-28 15:22:14,468 INFO reaped unknown pid 39828 (exit status 0)
2026-01-28 15:22:19,560 INFO reaped unknown pid 39835 (exit status 0)
2026-01-28 15:22:24,574 INFO reaped unknown pid 39842 (exit status 0)
2026-01-28 15:22:29,651 INFO reaped unknown pid 39849 (exit status 0)
2026-01-28 15:22:34,677 INFO reaped unknown pid 39856 (exit status 0)
2026-01-28 15:22:39,726 INFO reaped unknown pid 39863 (exit status 0)
2026-01-28 15:22:44,756 INFO reaped unknown pid 39870 (exit status 0)
2026-01-28 15:22:49,793 INFO reaped unknown pid 39877 (exit status 0)
2026-01-28 15:22:54,841 INFO reaped unknown pid 39884 (exit status 0)
2026-01-28 15:22:59,916 INFO reaped unknown pid 39891 (exit status 0)
2026-01-28 15:23:04,475 INFO reaped unknown pid 39902 (exit status 0)
2026-01-28 15:23:09,548 INFO reaped unknown pid 39909 (exit status 0)
2026-01-28 15:23:14,605 INFO reaped unknown pid 39916 (exit status 0)
2026-01-28 15:23:19,618 INFO reaped unknown pid 39923 (exit status 0)
2026-01-28 15:23:24,658 INFO reaped unknown pid 39930 (exit status 0)
2026-01-28 15:23:29,694 INFO reaped unknown pid 39937 (exit status 0)
2026-01-28 15:23:34,779 INFO reaped unknown pid 39944 (exit status 0)
2026-01-28 15:23:39,772 INFO reaped unknown pid 39951 (exit status 0)
2026-01-28 15:23:44,811 INFO reaped unknown pid 39958 (exit status 0)
2026-01-28 15:23:49,845 INFO reaped unknown pid 39965 (exit status 0)
2026-01-28 15:23:54,922 INFO reaped unknown pid 39972 (exit status 0)
2026-01-28 15:23:59,975 INFO reaped unknown pid 39979 (exit status 0)
2026-01-28 15:24:04,348 INFO reaped unknown pid 39990 (exit status 0)
2026-01-28 15:24:09,361 INFO reaped unknown pid 39997 (exit status 0)
2026-01-28 15:24:14,368 INFO reaped unknown pid 40004 (exit status 0)
2026-01-28 15:24:19,425 INFO reaped unknown pid 40011 (exit status 0)
2026-01-28 15:24:24,496 INFO reaped unknown pid 40018 (exit status 0)
2026-01-28 15:24:29,607 INFO reaped unknown pid 40025 (exit status 0)
2026-01-28 15:24:34,625 INFO reaped unknown pid 40032 (exit status 0)
2026-01-28 15:24:39,712 INFO reaped unknown pid 40039 (exit status 0)
2026-01-28 15:24:44,729 INFO reaped unknown pid 40046 (exit status 0)
2026-01-28 15:24:49,779 INFO reaped unknown pid 40053 (exit status 0)
2026-01-28 15:24:54,788 INFO reaped unknown pid 40060 (exit status 0)
2026-01-28 15:24:59,849 INFO reaped unknown pid 40067 (exit status 0)
2026-01-28 15:25:04,404 INFO reaped unknown pid 40078 (exit status 0)
2026-01-28 15:25:09,444 INFO reaped unknown pid 40085 (exit status 0)
2026-01-28 15:25:14,456 INFO reaped unknown pid 40092 (exit status 0)
2026-01-28 15:25:19,500 INFO reaped unknown pid 40099 (exit status 0)
2026-01-28 15:25:24,547 INFO reaped unknown pid 40106 (exit status 0)
2026-01-28 15:25:30,652 INFO reaped unknown pid 40113 (exit status 0)
2026-01-28 15:25:34,675 INFO reaped unknown pid 40120 (exit status 0)
2026-01-28 15:25:39,728 INFO reaped unknown pid 40127 (exit status 0)
2026-01-28 15:25:44,754 INFO reaped unknown pid 40134 (exit status 0)
2026-01-28 15:25:49,801 INFO reaped unknown pid 40141 (exit status 0)
2026-01-28 15:25:54,819 INFO reaped unknown pid 40148 (exit status 0)
2026-01-28 15:25:59,829 INFO reaped unknown pid 40155 (exit status 0)
2026-01-28 15:26:03,847 INFO reaped unknown pid 40166 (exit status 0)
2026-01-28 15:26:08,837 INFO reaped unknown pid 40173 (exit status 0)
2026-01-28 15:26:13,871 INFO reaped unknown pid 40180 (exit status 0)
2026-01-28 15:26:18,955 INFO reaped unknown pid 40187 (exit status 0)
2026-01-28 15:26:24,011 INFO reaped unknown pid 40194 (exit status 0)
2026-01-28 15:26:29,040 INFO reaped unknown pid 40201 (exit status 0)
2026-01-28 15:26:34,371 INFO reaped unknown pid 40208 (exit status 0)
2026-01-28 15:26:39,194 INFO reaped unknown pid 40215 (exit status 0)
2026-01-28 15:26:44,417 INFO reaped unknown pid 40222 (exit status 0)
2026-01-28 15:26:49,323 INFO reaped unknown pid 40229 (exit status 0)
2026-01-28 15:26:54,442 INFO reaped unknown pid 40236 (exit status 0)
2026-01-28 15:26:59,543 INFO reaped unknown pid 40243 (exit status 0)
2026-01-28 15:27:03,942 INFO reaped unknown pid 40254 (exit status 0)
2026-01-28 15:27:08,970 INFO reaped unknown pid 40261 (exit status 0)
2026-01-28 15:27:14,433 INFO reaped unknown pid 40268 (exit status 0)
2026-01-28 15:27:19,073 INFO reaped unknown pid 40275 (exit status 0)
2026-01-28 15:27:24,477 INFO reaped unknown pid 40282 (exit status 0)
2026-01-28 15:27:29,203 INFO reaped unknown pid 40289 (exit status 0)
2026-01-28 15:27:34,415 INFO reaped unknown pid 40296 (exit status 0)
2026-01-28 15:27:39,369 INFO reaped unknown pid 40303 (exit status 0)
2026-01-28 15:27:44,470 INFO reaped unknown pid 40310 (exit status 0)
2026-01-28 15:27:49,534 INFO reaped unknown pid 40317 (exit status 0)
2026-01-28 15:27:54,554 INFO reaped unknown pid 40324 (exit status 0)
2026-01-28 15:27:59,584 INFO reaped unknown pid 40331 (exit status 0)
2026-01-28 15:28:04,265 INFO reaped unknown pid 40342 (exit status 0)
2026-01-28 15:28:09,110 INFO reaped unknown pid 40349 (exit status 0)
2026-01-28 15:28:14,386 INFO reaped unknown pid 40356 (exit status 0)
2026-01-28 15:28:19,122 INFO reaped unknown pid 40363 (exit status 0)
2026-01-28 15:28:24,386 INFO reaped unknown pid 40370 (exit status 0)
2026-01-28 15:28:29,213 INFO reaped unknown pid 40377 (exit status 0)
2026-01-28 15:28:34,418 INFO reaped unknown pid 40384 (exit status 0)
2026-01-28 15:28:39,252 INFO reaped unknown pid 40391 (exit status 0)
2026-01-28 15:28:44,427 INFO reaped unknown pid 40398 (exit status 0)
2026-01-28 15:28:49,426 INFO reaped unknown pid 40405 (exit status 0)
2026-01-28 15:28:54,521 INFO reaped unknown pid 40412 (exit status 0)
2026-01-28 15:28:59,556 INFO reaped unknown pid 40419 (exit status 0)
2026-01-28 15:29:03,829 INFO reaped unknown pid 40430 (exit status 0)
2026-01-28 15:29:08,891 INFO reaped unknown pid 40437 (exit status 0)
2026-01-28 15:29:13,956 INFO reaped unknown pid 40444 (exit status 0)
2026-01-28 15:29:18,972 INFO reaped unknown pid 40451 (exit status 0)
2026-01-28 15:29:24,013 INFO reaped unknown pid 40458 (exit status 0)
2026-01-28 15:29:29,043 INFO reaped unknown pid 40465 (exit status 0)
2026-01-28 15:29:34,158 INFO reaped unknown pid 40472 (exit status 0)
2026-01-28 15:29:39,159 INFO reaped unknown pid 40479 (exit status 0)
2026-01-28 15:29:44,462 INFO reaped unknown pid 40486 (exit status 0)
2026-01-28 15:29:49,219 INFO reaped unknown pid 40493 (exit status 0)
2026-01-28 15:29:54,519 INFO reaped unknown pid 40500 (exit status 0)
2026-01-28 15:29:59,333 INFO reaped unknown pid 40507 (exit status 0)
2026-01-28 15:30:03,976 INFO reaped unknown pid 40518 (exit status 0)
2026-01-28 15:30:08,984 INFO reaped unknown pid 40525 (exit status 0)
2026-01-28 15:30:14,020 INFO reaped unknown pid 40532 (exit status 0)
2026-01-28 15:30:19,087 INFO reaped unknown pid 40539 (exit status 0)
2026-01-28 15:30:24,101 INFO reaped unknown pid 40546 (exit status 0)
2026-01-28 15:30:29,123 INFO reaped unknown pid 40553 (exit status 0)
2026-01-28 15:30:35,539 INFO reaped unknown pid 40560 (exit status 0)
2026-01-28 15:30:39,311 INFO reaped unknown pid 40567 (exit status 0)
2026-01-28 15:30:44,544 INFO reaped unknown pid 40574 (exit status 0)
2026-01-28 15:30:49,582 INFO reaped unknown pid 40581 (exit status 0)
2026-01-28 15:30:54,634 INFO reaped unknown pid 40588 (exit status 0)
2026-01-28 15:30:59,686 INFO reaped unknown pid 40595 (exit status 0)
2026-01-28 15:31:03,868 INFO reaped unknown pid 40606 (exit status 0)
2026-01-28 15:31:08,898 INFO reaped unknown pid 40613 (exit status 0)
2026-01-28 15:31:13,915 INFO reaped unknown pid 40620 (exit status 0)
2026-01-28 15:31:18,962 INFO reaped unknown pid 40627 (exit status 0)
2026-01-28 15:31:24,062 INFO reaped unknown pid 40634 (exit status 0)
2026-01-28 15:31:29,069 INFO reaped unknown pid 40641 (exit status 0)
2026-01-28 15:31:34,166 INFO reaped unknown pid 40648 (exit status 0)
2026-01-28 15:31:39,191 INFO reaped unknown pid 40655 (exit status 0)
2026-01-28 15:31:44,582 INFO reaped unknown pid 40662 (exit status 0)
2026-01-28 15:31:49,391 INFO reaped unknown pid 40669 (exit status 0)
2026-01-28 15:31:54,587 INFO reaped unknown pid 40676 (exit status 0)
2026-01-28 15:31:59,625 INFO reaped unknown pid 40683 (exit status 0)
2026-01-28 15:32:03,838 INFO reaped unknown pid 40694 (exit status 0)
2026-01-28 15:32:08,861 INFO reaped unknown pid 40701 (exit status 0)
2026-01-28 15:32:13,891 INFO reaped unknown pid 40708 (exit status 0)
2026-01-28 15:32:18,948 INFO reaped unknown pid 40715 (exit status 0)
2026-01-28 15:32:24,072 INFO reaped unknown pid 40722 (exit status 0)
2026-01-28 15:32:29,118 INFO reaped unknown pid 40729 (exit status 0)
2026-01-28 15:32:34,116 INFO reaped unknown pid 40736 (exit status 0)
2026-01-28 15:32:39,194 INFO reaped unknown pid 40743 (exit status 0)
2026-01-28 15:32:44,321 INFO reaped unknown pid 40750 (exit status 0)
2026-01-28 15:32:49,297 INFO reaped unknown pid 40757 (exit status 0)
2026-01-28 15:32:54,652 INFO reaped unknown pid 40764 (exit status 0)
2026-01-28 15:32:59,424 INFO reaped unknown pid 40771 (exit status 0)
2026-01-28 15:33:03,825 INFO reaped unknown pid 40782 (exit status 0)
2026-01-28 15:33:08,889 INFO reaped unknown pid 40789 (exit status 0)
2026-01-28 15:33:13,968 INFO reaped unknown pid 40796 (exit status 0)
2026-01-28 15:33:19,010 INFO reaped unknown pid 40803 (exit status 0)
2026-01-28 15:33:24,105 INFO reaped unknown pid 40810 (exit status 0)
2026-01-28 15:33:29,180 INFO reaped unknown pid 40817 (exit status 0)
2026-01-28 15:33:34,636 INFO reaped unknown pid 40824 (exit status 0)
2026-01-28 15:33:39,367 INFO reaped unknown pid 40831 (exit status 0)
2026-01-28 15:33:44,665 INFO reaped unknown pid 40838 (exit status 0)
2026-01-28 15:33:49,473 INFO reaped unknown pid 40845 (exit status 0)
2026-01-28 15:33:54,710 INFO reaped unknown pid 40852 (exit status 0)
2026-01-28 15:33:59,693 INFO reaped unknown pid 40859 (exit status 0)
2026-01-28 15:34:03,922 INFO reaped unknown pid 40870 (exit status 0)
2026-01-28 15:34:08,943 INFO reaped unknown pid 40877 (exit status 0)
2026-01-28 15:34:13,990 INFO reaped unknown pid 40884 (exit status 0)
2026-01-28 15:34:19,041 INFO reaped unknown pid 40891 (exit status 0)
2026-01-28 15:34:24,071 INFO reaped unknown pid 40898 (exit status 0)
2026-01-28 15:34:29,124 INFO reaped unknown pid 40905 (exit status 0)
2026-01-28 15:34:34,202 INFO reaped unknown pid 40912 (exit status 0)
2026-01-28 15:34:39,245 INFO reaped unknown pid 40919 (exit status 0)
2026-01-28 15:34:44,302 INFO reaped unknown pid 40926 (exit status 0)
2026-01-28 15:34:49,293 INFO reaped unknown pid 40933 (exit status 0)
2026-01-28 15:34:54,697 INFO reaped unknown pid 40940 (exit status 0)
2026-01-28 15:34:59,380 INFO reaped unknown pid 40947 (exit status 0)
2026-01-28 15:35:03,834 INFO reaped unknown pid 40958 (exit status 0)
2026-01-28 15:35:08,896 INFO reaped unknown pid 40965 (exit status 0)
2026-01-28 15:35:13,962 INFO reaped unknown pid 40972 (exit status 0)
2026-01-28 15:35:19,018 INFO reaped unknown pid 40979 (exit status 0)
2026-01-28 15:35:24,030 INFO reaped unknown pid 40986 (exit status 0)
2026-01-28 15:35:29,076 INFO reaped unknown pid 40993 (exit status 0)
2026-01-28 15:35:35,132 INFO reaped unknown pid 41000 (exit status 0)
2026-01-28 15:35:39,162 INFO reaped unknown pid 41007 (exit status 0)
2026-01-28 15:35:44,239 INFO reaped unknown pid 41014 (exit status 0)
2026-01-28 15:35:49,306 INFO reaped unknown pid 41021 (exit status 0)
2026-01-28 15:35:54,808 INFO reaped unknown pid 41028 (exit status 0)
2026-01-28 15:35:59,506 INFO reaped unknown pid 41035 (exit status 0)
2026-01-28 15:36:03,802 INFO reaped unknown pid 41046 (exit status 0)
2026-01-28 15:36:08,824 INFO reaped unknown pid 41053 (exit status 0)
2026-01-28 15:36:13,895 INFO reaped unknown pid 41060 (exit status 0)
2026-01-28 15:36:18,998 INFO reaped unknown pid 41067 (exit status 0)
2026-01-28 15:36:24,032 INFO reaped unknown pid 41074 (exit status 0)
2026-01-28 15:36:29,060 INFO reaped unknown pid 41081 (exit status 0)
2026-01-28 15:36:34,111 INFO reaped unknown pid 41088 (exit status 0)
2026-01-28 15:36:39,172 INFO reaped unknown pid 41095 (exit status 0)
2026-01-28 15:36:44,250 INFO reaped unknown pid 41102 (exit status 0)
2026-01-28 15:36:49,250 INFO reaped unknown pid 41109 (exit status 0)
2026-01-28 15:36:54,282 INFO reaped unknown pid 41116 (exit status 0)
2026-01-28 15:36:59,320 INFO reaped unknown pid 41123 (exit status 0)
2026-01-28 15:37:03,890 INFO reaped unknown pid 41134 (exit status 0)
2026-01-28 15:37:08,906 INFO reaped unknown pid 41141 (exit status 0)
2026-01-28 15:37:13,937 INFO reaped unknown pid 41148 (exit status 0)
2026-01-28 15:37:18,989 INFO reaped unknown pid 41155 (exit status 0)
2026-01-28 15:37:24,036 INFO reaped unknown pid 41162 (exit status 0)
2026-01-28 15:37:29,086 INFO reaped unknown pid 41169 (exit status 0)
2026-01-28 15:37:34,143 INFO reaped unknown pid 41176 (exit status 0)
2026-01-28 15:37:39,242 INFO reaped unknown pid 41183 (exit status 0)
2026-01-28 15:37:44,293 INFO reaped unknown pid 41190 (exit status 0)
2026-01-28 15:37:49,290 INFO reaped unknown pid 41197 (exit status 0)
2026-01-28 15:37:54,381 INFO reaped unknown pid 41204 (exit status 0)
2026-01-28 15:37:59,395 INFO reaped unknown pid 41211 (exit status 0)
2026-01-28 15:38:03,832 INFO reaped unknown pid 41222 (exit status 0)
2026-01-28 15:38:08,831 INFO reaped unknown pid 41229 (exit status 0)
2026-01-28 15:38:13,857 INFO reaped unknown pid 41236 (exit status 0)
2026-01-28 15:38:18,873 INFO reaped unknown pid 41243 (exit status 0)
2026-01-28 15:38:23,974 INFO reaped unknown pid 41250 (exit status 0)
2026-01-28 15:38:28,991 INFO reaped unknown pid 41257 (exit status 0)
2026-01-28 15:38:34,059 INFO reaped unknown pid 41264 (exit status 0)
2026-01-28 15:38:39,147 INFO reaped unknown pid 41271 (exit status 0)
2026-01-28 15:38:44,203 INFO reaped unknown pid 41278 (exit status 0)
2026-01-28 15:38:49,250 INFO reaped unknown pid 41285 (exit status 0)
2026-01-28 15:38:54,291 INFO reaped unknown pid 41292 (exit status 0)
2026-01-28 15:38:59,380 INFO reaped unknown pid 41299 (exit status 0)
2026-01-28 15:39:03,821 INFO reaped unknown pid 41310 (exit status 0)
2026-01-28 15:39:08,879 INFO reaped unknown pid 41317 (exit status 0)
2026-01-28 15:39:13,902 INFO reaped unknown pid 41324 (exit status 0)
2026-01-28 15:39:18,956 INFO reaped unknown pid 41331 (exit status 0)
2026-01-28 15:39:24,028 INFO reaped unknown pid 41338 (exit status 0)
2026-01-28 15:39:29,076 INFO reaped unknown pid 41345 (exit status 0)
2026-01-28 15:39:34,179 INFO reaped unknown pid 41352 (exit status 0)
2026-01-28 15:39:39,184 INFO reaped unknown pid 41359 (exit status 0)
2026-01-28 15:39:44,228 INFO reaped unknown pid 41366 (exit status 0)
2026-01-28 15:39:49,266 INFO reaped unknown pid 41373 (exit status 0)
2026-01-28 15:39:55,292 INFO reaped unknown pid 41380 (exit status 0)
2026-01-28 15:39:59,340 INFO reaped unknown pid 41387 (exit status 0)
2026-01-28 15:40:03,946 INFO reaped unknown pid 41398 (exit status 0)
2026-01-28 15:40:08,938 INFO reaped unknown pid 41405 (exit status 0)
2026-01-28 15:40:14,001 INFO reaped unknown pid 41412 (exit status 0)
2026-01-28 15:40:19,075 INFO reaped unknown pid 41419 (exit status 0)
2026-01-28 15:40:24,085 INFO reaped unknown pid 41426 (exit status 0)
2026-01-28 15:40:29,127 INFO reaped unknown pid 41433 (exit status 0)
2026-01-28 15:40:35,150 INFO reaped unknown pid 41440 (exit status 0)
2026-01-28 15:40:39,154 INFO reaped unknown pid 41447 (exit status 0)
2026-01-28 15:40:44,173 INFO reaped unknown pid 41454 (exit status 0)
2026-01-28 15:40:49,258 INFO reaped unknown pid 41461 (exit status 0)
2026-01-28 15:40:54,360 INFO reaped unknown pid 41468 (exit status 0)
2026-01-28 15:40:59,446 INFO reaped unknown pid 41475 (exit status 0)
2026-01-28 15:41:03,848 INFO reaped unknown pid 41486 (exit status 0)
2026-01-28 15:41:08,838 INFO reaped unknown pid 41493 (exit status 0)
2026-01-28 15:41:13,927 INFO reaped unknown pid 41500 (exit status 0)
2026-01-28 15:41:18,950 INFO reaped unknown pid 41507 (exit status 0)
2026-01-28 15:41:24,983 INFO reaped unknown pid 41514 (exit status 0)
2026-01-28 15:41:29,026 INFO reaped unknown pid 41521 (exit status 0)
2026-01-28 15:41:34,081 INFO reaped unknown pid 41528 (exit status 0)
2026-01-28 15:41:39,081 INFO reaped unknown pid 41535 (exit status 0)
2026-01-28 15:41:44,119 INFO reaped unknown pid 41542 (exit status 0)
2026-01-28 15:41:49,127 INFO reaped unknown pid 41549 (exit status 0)
2026-01-28 15:41:54,172 INFO reaped unknown pid 41556 (exit status 0)
2026-01-28 15:41:59,283 INFO reaped unknown pid 41563 (exit status 0)
2026-01-28 15:42:03,816 INFO reaped unknown pid 41574 (exit status 0)
2026-01-28 15:42:08,902 INFO reaped unknown pid 41581 (exit status 0)
2026-01-28 15:42:13,986 INFO reaped unknown pid 41588 (exit status 0)
2026-01-28 15:42:19,015 INFO reaped unknown pid 41595 (exit status 0)
2026-01-28 15:42:24,080 INFO reaped unknown pid 41602 (exit status 0)
2026-01-28 15:42:29,147 INFO reaped unknown pid 41609 (exit status 0)
2026-01-28 15:42:34,145 INFO reaped unknown pid 41616 (exit status 0)
2026-01-28 15:42:39,249 INFO reaped unknown pid 41623 (exit status 0)
2026-01-28 15:42:44,340 INFO reaped unknown pid 41630 (exit status 0)
2026-01-28 15:42:49,448 INFO reaped unknown pid 41637 (exit status 0)
2026-01-28 15:42:54,491 INFO reaped unknown pid 41644 (exit status 0)
2026-01-28 15:42:59,587 INFO reaped unknown pid 41651 (exit status 0)
2026-01-28 15:43:03,888 INFO reaped unknown pid 41662 (exit status 0)
2026-01-28 15:43:08,944 INFO reaped unknown pid 41669 (exit status 0)
2026-01-28 15:43:14,008 INFO reaped unknown pid 41676 (exit status 0)
2026-01-28 15:43:19,039 INFO reaped unknown pid 41683 (exit status 0)
2026-01-28 15:43:24,117 INFO reaped unknown pid 41690 (exit status 0)
2026-01-28 15:43:29,177 INFO reaped unknown pid 41697 (exit status 0)
2026-01-28 15:43:34,207 INFO reaped unknown pid 41704 (exit status 0)
2026-01-28 15:43:39,280 INFO reaped unknown pid 41711 (exit status 0)
2026-01-28 15:43:44,369 INFO reaped unknown pid 41718 (exit status 0)
2026-01-28 15:43:49,443 INFO reaped unknown pid 41725 (exit status 0)
2026-01-28 15:43:54,557 INFO reaped unknown pid 41732 (exit status 0)
2026-01-28 15:43:59,609 INFO reaped unknown pid 41739 (exit status 0)
2026-01-28 15:44:03,969 INFO reaped unknown pid 41750 (exit status 0)
2026-01-28 15:44:09,008 INFO reaped unknown pid 41757 (exit status 0)
2026-01-28 15:44:14,027 INFO reaped unknown pid 41764 (exit status 0)
2026-01-28 15:44:19,056 INFO reaped unknown pid 41771 (exit status 0)
2026-01-28 15:44:24,137 INFO reaped unknown pid 41778 (exit status 0)
2026-01-28 15:44:29,228 INFO reaped unknown pid 41785 (exit status 0)
2026-01-28 15:44:34,330 INFO reaped unknown pid 41792 (exit status 0)
2026-01-28 15:44:39,377 INFO reaped unknown pid 41799 (exit status 0)
2026-01-28 15:44:44,475 INFO reaped unknown pid 41806 (exit status 0)
2026-01-28 15:44:49,573 INFO reaped unknown pid 41813 (exit status 0)
2026-01-28 15:44:54,619 INFO reaped unknown pid 41820 (exit status 0)
2026-01-28 15:44:59,680 INFO reaped unknown pid 41827 (exit status 0)
2026-01-28 15:45:03,879 INFO reaped unknown pid 41838 (exit status 0)
2026-01-28 15:45:08,966 INFO reaped unknown pid 41845 (exit status 0)
2026-01-28 15:45:14,012 INFO reaped unknown pid 41852 (exit status 0)
2026-01-28 15:45:19,096 INFO reaped unknown pid 41859 (exit status 0)
2026-01-28 15:45:24,145 INFO reaped unknown pid 41866 (exit status 0)
2026-01-28 15:45:29,202 INFO reaped unknown pid 41873 (exit status 0)
2026-01-28 15:45:35,233 INFO reaped unknown pid 41880 (exit status 0)
2026-01-28 15:45:39,243 INFO reaped unknown pid 41887 (exit status 0)
2026-01-28 15:45:44,297 INFO reaped unknown pid 41894 (exit status 0)
2026-01-28 15:45:49,382 INFO reaped unknown pid 41901 (exit status 0)
2026-01-28 15:45:54,416 INFO reaped unknown pid 41908 (exit status 0)
2026-01-28 15:45:59,434 INFO reaped unknown pid 41915 (exit status 0)
2026-01-28 15:46:03,923 INFO reaped unknown pid 41926 (exit status 0)
2026-01-28 15:46:08,961 INFO reaped unknown pid 41933 (exit status 0)
2026-01-28 15:46:14,051 INFO reaped unknown pid 41940 (exit status 0)
2026-01-28 15:46:19,099 INFO reaped unknown pid 41947 (exit status 0)
2026-01-28 15:46:24,182 INFO reaped unknown pid 41954 (exit status 0)
2026-01-28 15:46:29,232 INFO reaped unknown pid 41961 (exit status 0)
2026-01-28 15:46:34,251 INFO reaped unknown pid 41968 (exit status 0)
2026-01-28 15:46:39,340 INFO reaped unknown pid 41975 (exit status 0)
2026-01-28 15:46:44,370 INFO reaped unknown pid 41982 (exit status 0)
2026-01-28 15:46:49,382 INFO reaped unknown pid 41989 (exit status 0)
2026-01-28 15:46:54,453 INFO reaped unknown pid 41996 (exit status 0)
2026-01-28 15:46:59,515 INFO reaped unknown pid 42003 (exit status 0)
2026-01-28 15:47:04,079 INFO reaped unknown pid 42014 (exit status 0)
2026-01-28 15:47:09,130 INFO reaped unknown pid 42021 (exit status 0)
2026-01-28 15:47:14,219 INFO reaped unknown pid 42028 (exit status 0)
2026-01-28 15:47:19,315 INFO reaped unknown pid 42035 (exit status 0)
2026-01-28 15:47:25,415 INFO reaped unknown pid 42042 (exit status 0)
2026-01-28 15:47:29,470 INFO reaped unknown pid 42049 (exit status 0)
2026-01-28 15:47:34,537 INFO reaped unknown pid 42056 (exit status 0)
2026-01-28 15:47:39,555 INFO reaped unknown pid 42063 (exit status 0)
2026-01-28 15:47:44,633 INFO reaped unknown pid 42070 (exit status 0)
2026-01-28 15:47:49,702 INFO reaped unknown pid 42077 (exit status 0)
2026-01-28 15:47:54,717 INFO reaped unknown pid 42084 (exit status 0)
2026-01-28 15:47:59,748 INFO reaped unknown pid 42091 (exit status 0)
2026-01-28 15:48:03,899 INFO reaped unknown pid 42102 (exit status 0)
2026-01-28 15:48:08,992 INFO reaped unknown pid 42109 (exit status 0)
2026-01-28 15:48:14,022 INFO reaped unknown pid 42116 (exit status 0)
2026-01-28 15:48:19,041 INFO reaped unknown pid 42123 (exit status 0)
2026-01-28 15:48:24,056 INFO reaped unknown pid 42130 (exit status 0)
2026-01-28 15:48:29,142 INFO reaped unknown pid 42137 (exit status 0)
2026-01-28 15:48:34,192 INFO reaped unknown pid 42144 (exit status 0)
2026-01-28 15:48:39,279 INFO reaped unknown pid 42151 (exit status 0)
2026-01-28 15:48:44,323 INFO reaped unknown pid 42158 (exit status 0)
2026-01-28 15:48:49,368 INFO reaped unknown pid 42165 (exit status 0)
2026-01-28 15:48:54,447 INFO reaped unknown pid 42172 (exit status 0)
2026-01-28 15:48:59,521 INFO reaped unknown pid 42179 (exit status 0)
2026-01-28 15:49:03,827 INFO reaped unknown pid 42190 (exit status 0)
2026-01-28 15:49:08,894 INFO reaped unknown pid 42197 (exit status 0)
2026-01-28 15:49:13,976 INFO reaped unknown pid 42204 (exit status 0)
2026-01-28 15:49:18,970 INFO reaped unknown pid 42211 (exit status 0)
2026-01-28 15:49:25,079 INFO reaped unknown pid 42218 (exit status 0)
2026-01-28 15:49:29,163 INFO reaped unknown pid 42225 (exit status 0)
2026-01-28 15:49:34,268 INFO reaped unknown pid 42232 (exit status 0)
2026-01-28 15:49:39,349 INFO reaped unknown pid 42239 (exit status 0)
2026-01-28 15:49:44,459 INFO reaped unknown pid 42246 (exit status 0)
2026-01-28 15:49:49,477 INFO reaped unknown pid 42253 (exit status 0)
2026-01-28 15:49:54,516 INFO reaped unknown pid 42260 (exit status 0)
2026-01-28 15:49:59,595 INFO reaped unknown pid 42267 (exit status 0)
2026-01-28 15:50:03,879 INFO reaped unknown pid 42278 (exit status 0)
2026-01-28 15:50:08,944 INFO reaped unknown pid 42285 (exit status 0)
2026-01-28 15:50:14,028 INFO reaped unknown pid 42292 (exit status 0)
2026-01-28 15:50:19,119 INFO reaped unknown pid 42299 (exit status 0)
2026-01-28 15:50:24,154 INFO reaped unknown pid 42306 (exit status 0)
2026-01-28 15:50:29,161 INFO reaped unknown pid 42313 (exit status 0)
2026-01-28 15:50:35,217 INFO reaped unknown pid 42320 (exit status 0)
2026-01-28 15:50:39,286 INFO reaped unknown pid 42327 (exit status 0)
2026-01-28 15:50:44,358 INFO reaped unknown pid 42334 (exit status 0)
2026-01-28 15:50:49,401 INFO reaped unknown pid 42341 (exit status 0)
2026-01-28 15:50:54,458 INFO reaped unknown pid 42348 (exit status 0)
2026-01-28 15:50:59,555 INFO reaped unknown pid 42355 (exit status 0)
2026-01-28 15:51:03,919 INFO reaped unknown pid 42366 (exit status 0)
2026-01-28 15:51:09,012 INFO reaped unknown pid 42373 (exit status 0)
2026-01-28 15:51:14,079 INFO reaped unknown pid 42380 (exit status 0)
2026-01-28 15:51:19,164 INFO reaped unknown pid 42387 (exit status 0)
2026-01-28 15:51:24,235 INFO reaped unknown pid 42394 (exit status 0)
2026-01-28 15:51:29,317 INFO reaped unknown pid 42401 (exit status 0)
2026-01-28 15:51:34,348 INFO reaped unknown pid 42408 (exit status 0)
2026-01-28 15:51:39,396 INFO reaped unknown pid 42415 (exit status 0)
2026-01-28 15:51:44,437 INFO reaped unknown pid 42422 (exit status 0)
2026-01-28 15:51:49,492 INFO reaped unknown pid 42429 (exit status 0)
2026-01-28 15:51:54,585 INFO reaped unknown pid 42436 (exit status 0)
2026-01-28 15:51:59,601 INFO reaped unknown pid 42443 (exit status 0)
2026-01-28 15:52:03,805 INFO reaped unknown pid 42454 (exit status 0)
2026-01-28 15:52:08,846 INFO reaped unknown pid 42461 (exit status 0)
2026-01-28 15:52:13,889 INFO reaped unknown pid 42468 (exit status 0)
2026-01-28 15:52:18,954 INFO reaped unknown pid 42475 (exit status 0)
2026-01-28 15:52:24,035 INFO reaped unknown pid 42482 (exit status 0)
2026-01-28 15:52:29,113 INFO reaped unknown pid 42489 (exit status 0)
2026-01-28 15:52:34,141 INFO reaped unknown pid 42496 (exit status 0)
2026-01-28 15:52:39,229 INFO reaped unknown pid 42503 (exit status 0)
2026-01-28 15:52:44,249 INFO reaped unknown pid 42510 (exit status 0)
2026-01-28 15:52:49,351 INFO reaped unknown pid 42517 (exit status 0)
2026-01-28 15:52:54,377 INFO reaped unknown pid 42524 (exit status 0)
2026-01-28 15:52:59,478 INFO reaped unknown pid 42531 (exit status 0)
2026-01-28 15:53:03,808 INFO reaped unknown pid 42542 (exit status 0)
2026-01-28 15:53:08,844 INFO reaped unknown pid 42549 (exit status 0)
2026-01-28 15:53:13,916 INFO reaped unknown pid 42556 (exit status 0)
2026-01-28 15:53:18,973 INFO reaped unknown pid 42563 (exit status 0)
2026-01-28 15:53:24,106 INFO reaped unknown pid 42570 (exit status 0)
2026-01-28 15:53:29,196 INFO reaped unknown pid 42577 (exit status 0)
2026-01-28 15:53:34,242 INFO reaped unknown pid 42584 (exit status 0)
2026-01-28 15:53:39,321 INFO reaped unknown pid 42591 (exit status 0)
2026-01-28 15:53:44,400 INFO reaped unknown pid 42598 (exit status 0)
2026-01-28 15:53:49,468 INFO reaped unknown pid 42605 (exit status 0)
2026-01-28 15:53:54,523 INFO reaped unknown pid 42612 (exit status 0)
2026-01-28 15:53:59,604 INFO reaped unknown pid 42619 (exit status 0)
2026-01-28 15:54:03,903 INFO reaped unknown pid 42630 (exit status 0)
2026-01-28 15:54:08,908 INFO reaped unknown pid 42637 (exit status 0)
2026-01-28 15:54:13,942 INFO reaped unknown pid 42644 (exit status 0)
2026-01-28 15:54:18,953 INFO reaped unknown pid 42651 (exit status 0)
2026-01-28 15:54:24,028 INFO reaped unknown pid 42658 (exit status 0)
2026-01-28 15:54:29,051 INFO reaped unknown pid 42665 (exit status 0)
2026-01-28 15:54:34,174 INFO reaped unknown pid 42672 (exit status 0)
2026-01-28 15:54:39,162 INFO reaped unknown pid 42679 (exit status 0)
2026-01-28 15:54:44,166 INFO reaped unknown pid 42686 (exit status 0)
2026-01-28 15:54:49,275 INFO reaped unknown pid 42693 (exit status 0)
2026-01-28 15:54:54,308 INFO reaped unknown pid 42700 (exit status 0)
2026-01-28 15:54:59,327 INFO reaped unknown pid 42707 (exit status 0)
2026-01-28 15:55:03,942 INFO reaped unknown pid 42718 (exit status 0)
2026-01-28 15:55:08,981 INFO reaped unknown pid 42725 (exit status 0)
2026-01-28 15:55:13,998 INFO reaped unknown pid 42732 (exit status 0)
2026-01-28 15:55:19,009 INFO reaped unknown pid 42739 (exit status 0)
2026-01-28 15:55:24,038 INFO reaped unknown pid 42746 (exit status 0)
2026-01-28 15:55:29,135 INFO reaped unknown pid 42753 (exit status 0)
2026-01-28 15:55:34,171 INFO reaped unknown pid 42760 (exit status 0)
2026-01-28 15:55:40,191 INFO reaped unknown pid 42767 (exit status 0)
2026-01-28 15:55:44,225 INFO reaped unknown pid 42774 (exit status 0)
2026-01-28 15:55:49,274 INFO reaped unknown pid 42781 (exit status 0)
2026-01-28 15:55:54,350 INFO reaped unknown pid 42788 (exit status 0)
2026-01-28 15:55:59,346 INFO reaped unknown pid 42795 (exit status 0)
2026-01-28 15:56:03,924 INFO reaped unknown pid 42806 (exit status 0)
2026-01-28 15:56:08,991 INFO reaped unknown pid 42813 (exit status 0)
2026-01-28 15:56:14,010 INFO reaped unknown pid 42820 (exit status 0)
2026-01-28 15:56:19,044 INFO reaped unknown pid 42827 (exit status 0)
2026-01-28 15:56:24,126 INFO reaped unknown pid 42834 (exit status 0)
2026-01-28 15:56:29,252 INFO reaped unknown pid 42841 (exit status 0)
2026-01-28 15:56:34,307 INFO reaped unknown pid 42848 (exit status 0)
2026-01-28 15:56:39,383 INFO reaped unknown pid 42855 (exit status 0)
2026-01-28 15:56:44,447 INFO reaped unknown pid 42862 (exit status 0)
2026-01-28 15:56:49,473 INFO reaped unknown pid 42869 (exit status 0)
2026-01-28 15:56:54,483 INFO reaped unknown pid 42876 (exit status 0)
2026-01-28 15:56:59,520 INFO reaped unknown pid 42883 (exit status 0)
2026-01-28 15:57:03,831 INFO reaped unknown pid 42894 (exit status 0)
2026-01-28 15:57:08,866 INFO reaped unknown pid 42901 (exit status 0)
2026-01-28 15:57:13,906 INFO reaped unknown pid 42908 (exit status 0)
2026-01-28 15:57:18,939 INFO reaped unknown pid 42915 (exit status 0)
2026-01-28 15:57:23,956 INFO reaped unknown pid 42922 (exit status 0)
2026-01-28 15:57:28,962 INFO reaped unknown pid 42929 (exit status 0)
2026-01-28 15:57:34,038 INFO reaped unknown pid 42936 (exit status 0)
2026-01-28 15:57:39,147 INFO reaped unknown pid 42943 (exit status 0)
2026-01-28 15:57:44,216 INFO reaped unknown pid 42950 (exit status 0)
2026-01-28 15:57:49,223 INFO reaped unknown pid 42957 (exit status 0)
2026-01-28 15:57:54,276 INFO reaped unknown pid 42964 (exit status 0)
2026-01-28 15:57:59,336 INFO reaped unknown pid 42971 (exit status 0)
2026-01-28 15:58:03,929 INFO reaped unknown pid 42982 (exit status 0)
2026-01-28 15:58:09,023 INFO reaped unknown pid 42989 (exit status 0)
2026-01-28 15:58:14,068 INFO reaped unknown pid 42996 (exit status 0)
2026-01-28 15:58:19,097 INFO reaped unknown pid 43003 (exit status 0)
2026-01-28 15:58:24,114 INFO reaped unknown pid 43010 (exit status 0)
2026-01-28 15:58:29,167 INFO reaped unknown pid 43017 (exit status 0)
2026-01-28 15:58:34,249 INFO reaped unknown pid 43024 (exit status 0)
2026-01-28 15:58:39,298 INFO reaped unknown pid 43031 (exit status 0)
2026-01-28 15:58:44,355 INFO reaped unknown pid 43038 (exit status 0)
2026-01-28 15:58:49,415 INFO reaped unknown pid 43045 (exit status 0)
2026-01-28 15:58:54,458 INFO reaped unknown pid 43052 (exit status 0)
2026-01-28 15:58:59,512 INFO reaped unknown pid 43059 (exit status 0)
2026-01-28 15:59:03,810 INFO reaped unknown pid 43070 (exit status 0)
2026-01-28 15:59:08,814 INFO reaped unknown pid 43077 (exit status 0)
2026-01-28 15:59:13,896 INFO reaped unknown pid 43084 (exit status 0)
2026-01-28 15:59:19,010 INFO reaped unknown pid 43091 (exit status 0)
2026-01-28 15:59:24,046 INFO reaped unknown pid 43098 (exit status 0)
2026-01-28 15:59:29,074 INFO reaped unknown pid 43105 (exit status 0)
2026-01-28 15:59:35,085 INFO reaped unknown pid 43112 (exit status 0)
2026-01-28 15:59:39,179 INFO reaped unknown pid 43119 (exit status 0)
2026-01-28 15:59:44,265 INFO reaped unknown pid 43126 (exit status 0)
2026-01-28 15:59:49,233 INFO reaped unknown pid 43133 (exit status 0)
2026-01-28 15:59:54,258 INFO reaped unknown pid 43140 (exit status 0)
2026-01-28 15:59:59,375 INFO reaped unknown pid 43147 (exit status 0)
2026-01-28 16:00:03,893 INFO reaped unknown pid 43158 (exit status 0)
2026-01-28 16:00:08,982 INFO reaped unknown pid 43165 (exit status 0)
2026-01-28 16:00:14,017 INFO reaped unknown pid 43172 (exit status 0)
2026-01-28 16:00:19,090 INFO reaped unknown pid 43179 (exit status 0)
2026-01-28 16:00:24,180 INFO reaped unknown pid 43186 (exit status 0)
2026-01-28 16:00:29,266 INFO reaped unknown pid 43193 (exit status 0)
2026-01-28 16:00:34,347 INFO reaped unknown pid 43200 (exit status 0)
2026-01-28 16:00:40,383 INFO reaped unknown pid 43207 (exit status 0)
2026-01-28 16:00:44,486 INFO reaped unknown pid 43214 (exit status 0)
2026-01-28 16:00:49,534 INFO reaped unknown pid 43221 (exit status 0)
2026-01-28 16:00:54,629 INFO reaped unknown pid 43228 (exit status 0)
2026-01-28 16:00:59,713 INFO reaped unknown pid 43235 (exit status 0)
2026-01-28 16:01:03,853 INFO reaped unknown pid 43246 (exit status 0)
2026-01-28 16:01:08,859 INFO reaped unknown pid 43253 (exit status 0)
2026-01-28 16:01:13,915 INFO reaped unknown pid 43260 (exit status 0)
2026-01-28 16:01:18,948 INFO reaped unknown pid 43267 (exit status 0)
2026-01-28 16:01:23,975 INFO reaped unknown pid 43274 (exit status 0)
2026-01-28 16:01:29,068 INFO reaped unknown pid 43281 (exit status 0)
2026-01-28 16:01:34,107 INFO reaped unknown pid 43288 (exit status 0)
2026-01-28 16:01:39,162 INFO reaped unknown pid 43295 (exit status 0)
2026-01-28 16:01:44,268 INFO reaped unknown pid 43302 (exit status 0)
2026-01-28 16:01:49,267 INFO reaped unknown pid 43309 (exit status 0)
2026-01-28 16:01:54,287 INFO reaped unknown pid 43316 (exit status 0)
2026-01-28 16:01:59,396 INFO reaped unknown pid 43323 (exit status 0)
2026-01-28 16:02:03,818 INFO reaped unknown pid 43334 (exit status 0)
2026-01-28 16:02:08,873 INFO reaped unknown pid 43341 (exit status 0)
2026-01-28 16:02:13,923 INFO reaped unknown pid 43348 (exit status 0)
2026-01-28 16:02:18,949 INFO reaped unknown pid 43355 (exit status 0)
2026-01-28 16:02:23,990 INFO reaped unknown pid 43362 (exit status 0)
2026-01-28 16:02:29,054 INFO reaped unknown pid 43369 (exit status 0)
2026-01-28 16:02:34,088 INFO reaped unknown pid 43376 (exit status 0)
2026-01-28 16:02:39,171 INFO reaped unknown pid 43383 (exit status 0)
2026-01-28 16:02:44,216 INFO reaped unknown pid 43390 (exit status 0)
2026-01-28 16:02:49,319 INFO reaped unknown pid 43397 (exit status 0)
2026-01-28 16:02:54,337 INFO reaped unknown pid 43404 (exit status 0)
2026-01-28 16:02:59,363 INFO reaped unknown pid 43411 (exit status 0)
2026-01-28 16:03:03,815 INFO reaped unknown pid 43422 (exit status 0)
2026-01-28 16:03:08,822 INFO reaped unknown pid 43429 (exit status 0)
2026-01-28 16:03:13,902 INFO reaped unknown pid 43436 (exit status 0)
2026-01-28 16:03:19,002 INFO reaped unknown pid 43443 (exit status 0)
2026-01-28 16:03:24,010 INFO reaped unknown pid 43450 (exit status 0)
2026-01-28 16:03:29,113 INFO reaped unknown pid 43457 (exit status 0)
2026-01-28 16:03:34,129 INFO reaped unknown pid 43464 (exit status 0)
2026-01-28 16:03:39,214 INFO reaped unknown pid 43471 (exit status 0)
2026-01-28 16:03:44,293 INFO reaped unknown pid 43478 (exit status 0)
2026-01-28 16:03:49,296 INFO reaped unknown pid 43485 (exit status 0)
2026-01-28 16:03:54,366 INFO reaped unknown pid 43492 (exit status 0)
2026-01-28 16:03:59,369 INFO reaped unknown pid 43499 (exit status 0)
2026-01-28 16:04:03,896 INFO reaped unknown pid 43510 (exit status 0)
2026-01-28 16:04:08,938 INFO reaped unknown pid 43517 (exit status 0)
2026-01-28 16:04:14,004 INFO reaped unknown pid 43524 (exit status 0)
2026-01-28 16:04:19,113 INFO reaped unknown pid 43531 (exit status 0)
2026-01-28 16:04:24,172 INFO reaped unknown pid 43538 (exit status 0)
2026-01-28 16:04:29,259 INFO reaped unknown pid 43545 (exit status 0)
2026-01-28 16:04:34,335 INFO reaped unknown pid 43552 (exit status 0)
2026-01-28 16:04:39,440 INFO reaped unknown pid 43559 (exit status 0)
2026-01-28 16:04:44,555 INFO reaped unknown pid 43566 (exit status 0)
2026-01-28 16:04:49,541 INFO reaped unknown pid 43573 (exit status 0)
2026-01-28 16:04:54,620 INFO reaped unknown pid 43580 (exit status 0)
2026-01-28 16:04:59,664 INFO reaped unknown pid 43587 (exit status 0)
2026-01-28 16:05:03,882 INFO reaped unknown pid 43598 (exit status 0)
2026-01-28 16:05:08,900 INFO reaped unknown pid 43605 (exit status 0)
2026-01-28 16:05:13,910 INFO reaped unknown pid 43612 (exit status 0)
2026-01-28 16:05:18,963 INFO reaped unknown pid 43619 (exit status 0)
2026-01-28 16:05:23,993 INFO reaped unknown pid 43626 (exit status 0)
2026-01-28 16:05:29,047 INFO reaped unknown pid 43633 (exit status 0)
2026-01-28 16:05:34,091 INFO reaped unknown pid 43640 (exit status 0)
2026-01-28 16:05:40,135 INFO reaped unknown pid 43647 (exit status 0)
2026-01-28 16:05:44,211 INFO reaped unknown pid 43654 (exit status 0)
2026-01-28 16:05:49,284 INFO reaped unknown pid 43661 (exit status 0)
2026-01-28 16:05:54,348 INFO reaped unknown pid 43668 (exit status 0)
2026-01-28 16:05:59,447 INFO reaped unknown pid 43675 (exit status 0)
2026-01-28 16:06:03,858 INFO reaped unknown pid 43686 (exit status 0)
2026-01-28 16:06:08,913 INFO reaped unknown pid 43693 (exit status 0)
2026-01-28 16:06:13,974 INFO reaped unknown pid 43700 (exit status 0)
2026-01-28 16:06:19,007 INFO reaped unknown pid 43707 (exit status 0)
2026-01-28 16:06:24,057 INFO reaped unknown pid 43714 (exit status 0)
2026-01-28 16:06:29,104 INFO reaped unknown pid 43721 (exit status 0)
2026-01-28 16:06:34,188 INFO reaped unknown pid 43728 (exit status 0)
2026-01-28 16:06:39,266 INFO reaped unknown pid 43735 (exit status 0)
2026-01-28 16:06:44,357 INFO reaped unknown pid 43742 (exit status 0)
2026-01-28 16:06:49,465 INFO reaped unknown pid 43749 (exit status 0)
2026-01-28 16:06:54,518 INFO reaped unknown pid 43756 (exit status 0)
2026-01-28 16:06:59,578 INFO reaped unknown pid 43763 (exit status 0)
2026-01-28 16:07:03,819 INFO reaped unknown pid 43774 (exit status 0)
2026-01-28 16:07:08,874 INFO reaped unknown pid 43781 (exit status 0)
2026-01-28 16:07:13,957 INFO reaped unknown pid 43788 (exit status 0)
2026-01-28 16:07:18,963 INFO reaped unknown pid 43795 (exit status 0)
2026-01-28 16:07:23,967 INFO reaped unknown pid 43802 (exit status 0)
2026-01-28 16:07:28,986 INFO reaped unknown pid 43809 (exit status 0)
2026-01-28 16:07:34,046 INFO reaped unknown pid 43816 (exit status 0)
2026-01-28 16:07:39,118 INFO reaped unknown pid 43823 (exit status 0)
2026-01-28 16:07:44,172 INFO reaped unknown pid 43830 (exit status 0)
2026-01-28 16:07:49,265 INFO reaped unknown pid 43837 (exit status 0)
2026-01-28 16:07:54,308 INFO reaped unknown pid 43844 (exit status 0)
2026-01-28 16:07:59,391 INFO reaped unknown pid 43851 (exit status 0)
2026-01-28 16:08:03,832 INFO reaped unknown pid 43862 (exit status 0)
2026-01-28 16:08:08,906 INFO reaped unknown pid 43869 (exit status 0)
2026-01-28 16:08:13,922 INFO reaped unknown pid 43876 (exit status 0)
2026-01-28 16:08:18,938 INFO reaped unknown pid 43883 (exit status 0)
2026-01-28 16:08:24,023 INFO reaped unknown pid 43890 (exit status 0)
2026-01-28 16:08:29,100 INFO reaped unknown pid 43897 (exit status 0)
2026-01-28 16:08:34,166 INFO reaped unknown pid 43904 (exit status 0)
2026-01-28 16:08:39,188 INFO reaped unknown pid 43911 (exit status 0)
2026-01-28 16:08:44,263 INFO reaped unknown pid 43918 (exit status 0)
2026-01-28 16:08:49,331 INFO reaped unknown pid 43925 (exit status 0)
2026-01-28 16:08:54,421 INFO reaped unknown pid 43932 (exit status 0)
2026-01-28 16:08:59,438 INFO reaped unknown pid 43939 (exit status 0)
2026-01-28 16:09:03,858 INFO reaped unknown pid 43950 (exit status 0)
2026-01-28 16:09:08,940 INFO reaped unknown pid 43957 (exit status 0)
2026-01-28 16:09:13,975 INFO reaped unknown pid 43964 (exit status 0)
2026-01-28 16:09:19,024 INFO reaped unknown pid 43971 (exit status 0)
2026-01-28 16:09:24,061 INFO reaped unknown pid 43978 (exit status 0)
2026-01-28 16:09:29,114 INFO reaped unknown pid 43985 (exit status 0)
2026-01-28 16:09:34,174 INFO reaped unknown pid 43992 (exit status 0)
2026-01-28 16:09:39,234 INFO reaped unknown pid 43999 (exit status 0)
2026-01-28 16:09:44,284 INFO reaped unknown pid 44006 (exit status 0)
2026-01-28 16:09:49,334 INFO reaped unknown pid 44013 (exit status 0)
2026-01-28 16:09:54,410 INFO reaped unknown pid 44020 (exit status 0)
2026-01-28 16:09:59,459 INFO reaped unknown pid 44027 (exit status 0)
2026-01-28 16:10:03,862 INFO reaped unknown pid 44038 (exit status 0)
2026-01-28 16:10:08,911 INFO reaped unknown pid 44045 (exit status 0)
2026-01-28 16:10:13,938 INFO reaped unknown pid 44052 (exit status 0)
2026-01-28 16:10:18,968 INFO reaped unknown pid 44059 (exit status 0)
2026-01-28 16:10:24,030 INFO reaped unknown pid 44066 (exit status 0)
2026-01-28 16:10:29,101 INFO reaped unknown pid 44073 (exit status 0)
2026-01-28 16:10:34,175 INFO reaped unknown pid 44080 (exit status 0)
2026-01-28 16:10:40,181 INFO reaped unknown pid 44087 (exit status 0)
2026-01-28 16:10:44,232 INFO reaped unknown pid 44094 (exit status 0)
2026-01-28 16:10:49,270 INFO reaped unknown pid 44101 (exit status 0)
2026-01-28 16:10:54,377 INFO reaped unknown pid 44108 (exit status 0)
2026-01-28 16:10:59,446 INFO reaped unknown pid 44115 (exit status 0)
2026-01-28 16:11:03,857 INFO reaped unknown pid 44126 (exit status 0)
2026-01-28 16:11:08,874 INFO reaped unknown pid 44133 (exit status 0)
2026-01-28 16:11:13,955 INFO reaped unknown pid 44140 (exit status 0)
2026-01-28 16:11:19,007 INFO reaped unknown pid 44147 (exit status 0)
2026-01-28 16:11:24,040 INFO reaped unknown pid 44154 (exit status 0)
2026-01-28 16:11:29,087 INFO reaped unknown pid 44161 (exit status 0)
2026-01-28 16:11:34,138 INFO reaped unknown pid 44168 (exit status 0)
2026-01-28 16:11:39,222 INFO reaped unknown pid 44175 (exit status 0)
2026-01-28 16:11:44,325 INFO reaped unknown pid 44182 (exit status 0)
2026-01-28 16:11:49,338 INFO reaped unknown pid 44189 (exit status 0)
2026-01-28 16:11:54,386 INFO reaped unknown pid 44196 (exit status 0)
2026-01-28 16:11:59,459 INFO reaped unknown pid 44203 (exit status 0)
2026-01-28 16:12:03,925 INFO reaped unknown pid 44214 (exit status 0)
2026-01-28 16:12:08,924 INFO reaped unknown pid 44221 (exit status 0)
2026-01-28 16:12:13,974 INFO reaped unknown pid 44228 (exit status 0)
2026-01-28 16:12:19,011 INFO reaped unknown pid 44235 (exit status 0)
2026-01-28 16:12:24,030 INFO reaped unknown pid 44242 (exit status 0)
2026-01-28 16:12:29,116 INFO reaped unknown pid 44249 (exit status 0)
2026-01-28 16:12:34,114 INFO reaped unknown pid 44256 (exit status 0)
2026-01-28 16:12:39,180 INFO reaped unknown pid 44263 (exit status 0)
2026-01-28 16:12:44,280 INFO reaped unknown pid 44270 (exit status 0)
2026-01-28 16:12:49,361 INFO reaped unknown pid 44277 (exit status 0)
2026-01-28 16:12:54,398 INFO reaped unknown pid 44284 (exit status 0)
2026-01-28 16:12:59,510 INFO reaped unknown pid 44291 (exit status 0)
2026-01-28 16:13:03,796 INFO reaped unknown pid 44302 (exit status 0)
2026-01-28 16:13:08,788 INFO reaped unknown pid 44309 (exit status 0)
2026-01-28 16:13:13,847 INFO reaped unknown pid 44316 (exit status 0)
2026-01-28 16:13:18,938 INFO reaped unknown pid 44323 (exit status 0)
2026-01-28 16:13:24,036 INFO reaped unknown pid 44330 (exit status 0)
2026-01-28 16:13:29,106 INFO reaped unknown pid 44337 (exit status 0)
2026-01-28 16:13:34,198 INFO reaped unknown pid 44344 (exit status 0)
2026-01-28 16:13:39,232 INFO reaped unknown pid 44351 (exit status 0)
2026-01-28 16:13:44,306 INFO reaped unknown pid 44358 (exit status 0)
2026-01-28 16:13:49,375 INFO reaped unknown pid 44365 (exit status 0)
2026-01-28 16:13:54,469 INFO reaped unknown pid 44372 (exit status 0)
2026-01-28 16:13:59,544 INFO reaped unknown pid 44379 (exit status 0)
2026-01-28 16:14:03,848 INFO reaped unknown pid 44390 (exit status 0)
2026-01-28 16:14:08,917 INFO reaped unknown pid 44397 (exit status 0)
2026-01-28 16:14:14,015 INFO reaped unknown pid 44404 (exit status 0)
2026-01-28 16:14:19,091 INFO reaped unknown pid 44411 (exit status 0)
2026-01-28 16:14:24,177 INFO reaped unknown pid 44418 (exit status 0)
2026-01-28 16:14:29,267 INFO reaped unknown pid 44425 (exit status 0)
2026-01-28 16:14:34,328 INFO reaped unknown pid 44432 (exit status 0)
2026-01-28 16:14:39,387 INFO reaped unknown pid 44439 (exit status 0)
2026-01-28 16:14:44,406 INFO reaped unknown pid 44446 (exit status 0)
2026-01-28 16:14:49,438 INFO reaped unknown pid 44453 (exit status 0)
2026-01-28 16:14:54,469 INFO reaped unknown pid 44460 (exit status 0)
2026-01-28 16:14:59,575 INFO reaped unknown pid 44467 (exit status 0)
2026-01-28 16:15:03,753 INFO reaped unknown pid 44478 (exit status 0)
2026-01-28 16:15:08,829 INFO reaped unknown pid 44485 (exit status 0)
2026-01-28 16:15:13,863 INFO reaped unknown pid 44492 (exit status 0)
2026-01-28 16:15:18,935 INFO reaped unknown pid 44499 (exit status 0)
2026-01-28 16:15:23,990 INFO reaped unknown pid 44506 (exit status 0)
2026-01-28 16:15:29,010 INFO reaped unknown pid 44513 (exit status 0)
2026-01-28 16:15:34,064 INFO reaped unknown pid 44520 (exit status 0)
2026-01-28 16:15:39,078 INFO reaped unknown pid 44527 (exit status 0)
2026-01-28 16:15:45,100 INFO reaped unknown pid 44534 (exit status 0)
2026-01-28 16:15:49,202 INFO reaped unknown pid 44541 (exit status 0)
2026-01-28 16:15:54,414 INFO reaped unknown pid 44548 (exit status 0)
2026-01-28 16:15:59,292 INFO reaped unknown pid 44555 (exit status 0)
2026-01-28 16:16:03,896 INFO reaped unknown pid 44566 (exit status 0)
2026-01-28 16:16:08,915 INFO reaped unknown pid 44573 (exit status 0)
2026-01-28 16:16:13,974 INFO reaped unknown pid 44580 (exit status 0)
2026-01-28 16:16:18,978 INFO reaped unknown pid 44587 (exit status 0)
2026-01-28 16:16:24,077 INFO reaped unknown pid 44594 (exit status 0)
2026-01-28 16:16:29,091 INFO reaped unknown pid 44601 (exit status 0)
2026-01-28 16:16:34,113 INFO reaped unknown pid 44608 (exit status 0)
2026-01-28 16:16:39,125 INFO reaped unknown pid 44615 (exit status 0)
2026-01-28 16:16:44,141 INFO reaped unknown pid 44622 (exit status 0)
2026-01-28 16:16:49,214 INFO reaped unknown pid 44629 (exit status 0)
2026-01-28 16:16:54,301 INFO reaped unknown pid 44636 (exit status 0)
2026-01-28 16:16:59,370 INFO reaped unknown pid 44643 (exit status 0)
2026-01-28 16:17:03,910 INFO reaped unknown pid 44654 (exit status 0)
2026-01-28 16:17:08,931 INFO reaped unknown pid 44661 (exit status 0)
2026-01-28 16:17:13,984 INFO reaped unknown pid 44668 (exit status 0)
2026-01-28 16:17:19,090 INFO reaped unknown pid 44675 (exit status 0)
2026-01-28 16:17:24,124 INFO reaped unknown pid 44682 (exit status 0)
2026-01-28 16:17:29,223 INFO reaped unknown pid 44689 (exit status 0)
2026-01-28 16:17:34,272 INFO reaped unknown pid 44696 (exit status 0)
2026-01-28 16:17:39,335 INFO reaped unknown pid 44703 (exit status 0)
2026-01-28 16:17:44,430 INFO reaped unknown pid 44710 (exit status 0)
2026-01-28 16:17:49,436 INFO reaped unknown pid 44717 (exit status 0)
2026-01-28 16:17:54,512 INFO reaped unknown pid 44724 (exit status 0)
2026-01-28 16:17:59,545 INFO reaped unknown pid 44731 (exit status 0)
2026-01-28 16:18:03,940 INFO reaped unknown pid 44742 (exit status 0)
2026-01-28 16:18:09,003 INFO reaped unknown pid 44749 (exit status 0)
2026-01-28 16:18:14,021 INFO reaped unknown pid 44756 (exit status 0)
2026-01-28 16:18:19,091 INFO reaped unknown pid 44763 (exit status 0)
2026-01-28 16:18:24,122 INFO reaped unknown pid 44770 (exit status 0)
2026-01-28 16:18:29,139 INFO reaped unknown pid 44777 (exit status 0)
2026-01-28 16:18:34,158 INFO reaped unknown pid 44784 (exit status 0)
2026-01-28 16:18:39,226 INFO reaped unknown pid 44791 (exit status 0)
2026-01-28 16:18:44,218 INFO reaped unknown pid 44798 (exit status 0)
2026-01-28 16:18:49,255 INFO reaped unknown pid 44805 (exit status 0)
2026-01-28 16:18:54,301 INFO reaped unknown pid 44812 (exit status 0)
2026-01-28 16:18:59,363 INFO reaped unknown pid 44819 (exit status 0)
2026-01-28 16:19:03,854 INFO reaped unknown pid 44830 (exit status 0)
2026-01-28 16:19:08,943 INFO reaped unknown pid 44837 (exit status 0)
2026-01-28 16:19:14,015 INFO reaped unknown pid 44844 (exit status 0)
2026-01-28 16:19:19,119 INFO reaped unknown pid 44851 (exit status 0)
2026-01-28 16:19:24,143 INFO reaped unknown pid 44858 (exit status 0)
2026-01-28 16:19:29,170 INFO reaped unknown pid 44865 (exit status 0)
2026-01-28 16:19:34,185 INFO reaped unknown pid 44872 (exit status 0)
2026-01-28 16:19:39,203 INFO reaped unknown pid 44879 (exit status 0)
2026-01-28 16:19:44,216 INFO reaped unknown pid 44886 (exit status 0)
2026-01-28 16:19:49,220 INFO reaped unknown pid 44893 (exit status 0)
2026-01-28 16:19:54,291 INFO reaped unknown pid 44900 (exit status 0)
2026-01-28 16:19:59,335 INFO reaped unknown pid 44907 (exit status 0)
2026-01-28 16:20:03,794 INFO reaped unknown pid 44918 (exit status 0)
2026-01-28 16:20:08,794 INFO reaped unknown pid 44925 (exit status 0)
2026-01-28 16:20:13,893 INFO reaped unknown pid 44932 (exit status 0)
2026-01-28 16:20:18,919 INFO reaped unknown pid 44939 (exit status 0)
2026-01-28 16:20:23,977 INFO reaped unknown pid 44946 (exit status 0)
2026-01-28 16:20:29,086 INFO reaped unknown pid 44953 (exit status 0)
2026-01-28 16:20:34,171 INFO reaped unknown pid 44960 (exit status 0)
2026-01-28 16:20:39,186 INFO reaped unknown pid 44967 (exit status 0)
2026-01-28 16:20:45,264 INFO reaped unknown pid 44974 (exit status 0)
2026-01-28 16:20:49,293 INFO reaped unknown pid 44981 (exit status 0)
2026-01-28 16:20:54,401 INFO reaped unknown pid 44988 (exit status 0)
2026-01-28 16:20:59,444 INFO reaped unknown pid 44995 (exit status 0)
2026-01-28 16:21:03,767 INFO reaped unknown pid 45006 (exit status 0)
2026-01-28 16:21:08,768 INFO reaped unknown pid 45013 (exit status 0)
2026-01-28 16:21:13,866 INFO reaped unknown pid 45020 (exit status 0)
2026-01-28 16:21:18,870 INFO reaped unknown pid 45027 (exit status 0)
2026-01-28 16:21:23,878 INFO reaped unknown pid 45034 (exit status 0)
2026-01-28 16:21:28,876 INFO reaped unknown pid 45041 (exit status 0)
2026-01-28 16:21:33,934 INFO reaped unknown pid 45048 (exit status 0)
2026-01-28 16:21:38,950 INFO reaped unknown pid 45055 (exit status 0)
2026-01-28 16:21:44,053 INFO reaped unknown pid 45062 (exit status 0)
2026-01-28 16:21:49,074 INFO reaped unknown pid 45069 (exit status 0)
2026-01-28 16:21:54,127 INFO reaped unknown pid 45076 (exit status 0)
2026-01-28 16:21:59,134 INFO reaped unknown pid 45083 (exit status 0)
2026-01-28 16:22:03,778 INFO reaped unknown pid 45094 (exit status 0)
2026-01-28 16:22:08,835 INFO reaped unknown pid 45101 (exit status 0)
2026-01-28 16:22:13,932 INFO reaped unknown pid 45108 (exit status 0)
2026-01-28 16:22:18,990 INFO reaped unknown pid 45115 (exit status 0)
2026-01-28 16:22:24,045 INFO reaped unknown pid 45122 (exit status 0)
2026-01-28 16:22:29,114 INFO reaped unknown pid 45129 (exit status 0)
2026-01-28 16:22:34,119 INFO reaped unknown pid 45136 (exit status 0)
2026-01-28 16:22:39,212 INFO reaped unknown pid 45143 (exit status 0)
2026-01-28 16:22:44,252 INFO reaped unknown pid 45150 (exit status 0)
2026-01-28 16:22:49,337 INFO reaped unknown pid 45157 (exit status 0)
2026-01-28 16:22:54,406 INFO reaped unknown pid 45164 (exit status 0)
2026-01-28 16:22:59,431 INFO reaped unknown pid 45171 (exit status 0)
2026-01-28 16:23:03,718 INFO reaped unknown pid 45182 (exit status 0)
2026-01-28 16:23:08,794 INFO reaped unknown pid 45189 (exit status 0)
2026-01-28 16:23:13,839 INFO reaped unknown pid 45196 (exit status 0)
2026-01-28 16:23:18,898 INFO reaped unknown pid 45203 (exit status 0)
2026-01-28 16:23:23,959 INFO reaped unknown pid 45210 (exit status 0)
2026-01-28 16:23:29,037 INFO reaped unknown pid 45217 (exit status 0)
2026-01-28 16:23:34,088 INFO reaped unknown pid 45224 (exit status 0)
2026-01-28 16:23:39,179 INFO reaped unknown pid 45231 (exit status 0)
2026-01-28 16:23:44,255 INFO reaped unknown pid 45238 (exit status 0)
2026-01-28 16:23:49,273 INFO reaped unknown pid 45245 (exit status 0)
2026-01-28 16:23:54,337 INFO reaped unknown pid 45252 (exit status 0)
2026-01-28 16:23:59,362 INFO reaped unknown pid 45259 (exit status 0)
2026-01-28 16:24:03,790 INFO reaped unknown pid 45270 (exit status 0)
2026-01-28 16:24:08,816 INFO reaped unknown pid 45277 (exit status 0)
2026-01-28 16:24:13,892 INFO reaped unknown pid 45284 (exit status 0)
2026-01-28 16:24:18,918 INFO reaped unknown pid 45291 (exit status 0)
2026-01-28 16:24:23,954 INFO reaped unknown pid 45298 (exit status 0)
2026-01-28 16:24:29,041 INFO reaped unknown pid 45305 (exit status 0)
2026-01-28 16:24:34,074 INFO reaped unknown pid 45312 (exit status 0)
2026-01-28 16:24:39,173 INFO reaped unknown pid 45319 (exit status 0)
2026-01-28 16:24:44,230 INFO reaped unknown pid 45326 (exit status 0)
2026-01-28 16:24:49,298 INFO reaped unknown pid 45333 (exit status 0)
2026-01-28 16:24:54,308 INFO reaped unknown pid 45340 (exit status 0)
2026-01-28 16:24:59,398 INFO reaped unknown pid 45347 (exit status 0)
2026-01-28 16:25:03,870 INFO reaped unknown pid 45358 (exit status 0)
2026-01-28 16:25:08,881 INFO reaped unknown pid 45365 (exit status 0)
2026-01-28 16:25:13,977 INFO reaped unknown pid 45372 (exit status 0)
2026-01-28 16:25:18,996 INFO reaped unknown pid 45379 (exit status 0)
2026-01-28 16:25:24,067 INFO reaped unknown pid 45386 (exit status 0)
2026-01-28 16:25:29,111 INFO reaped unknown pid 45393 (exit status 0)
2026-01-28 16:25:34,194 INFO reaped unknown pid 45400 (exit status 0)
2026-01-28 16:25:39,191 INFO reaped unknown pid 45407 (exit status 0)
2026-01-28 16:25:45,234 INFO reaped unknown pid 45414 (exit status 0)
2026-01-28 16:25:49,308 INFO reaped unknown pid 45421 (exit status 0)
2026-01-28 16:25:54,375 INFO reaped unknown pid 45428 (exit status 0)
2026-01-28 16:25:59,410 INFO reaped unknown pid 45435 (exit status 0)
2026-01-28 16:26:03,795 INFO reaped unknown pid 45446 (exit status 0)
2026-01-28 16:26:08,904 INFO reaped unknown pid 45453 (exit status 0)
2026-01-28 16:26:13,981 INFO reaped unknown pid 45460 (exit status 0)
2026-01-28 16:26:19,040 INFO reaped unknown pid 45467 (exit status 0)
2026-01-28 16:26:24,116 INFO reaped unknown pid 45474 (exit status 0)
2026-01-28 16:26:29,207 INFO reaped unknown pid 45481 (exit status 0)
2026-01-28 16:26:34,210 INFO reaped unknown pid 45488 (exit status 0)
2026-01-28 16:26:39,237 INFO reaped unknown pid 45495 (exit status 0)
2026-01-28 16:26:44,316 INFO reaped unknown pid 45502 (exit status 0)
2026-01-28 16:26:49,420 INFO reaped unknown pid 45509 (exit status 0)
2026-01-28 16:26:54,446 INFO reaped unknown pid 45516 (exit status 0)
2026-01-28 16:26:59,517 INFO reaped unknown pid 45523 (exit status 0)
2026-01-28 16:27:03,673 INFO reaped unknown pid 45534 (exit status 0)
2026-01-28 16:27:08,756 INFO reaped unknown pid 45541 (exit status 0)
2026-01-28 16:27:13,828 INFO reaped unknown pid 45548 (exit status 0)
2026-01-28 16:27:18,886 INFO reaped unknown pid 45555 (exit status 0)
2026-01-28 16:27:23,957 INFO reaped unknown pid 45562 (exit status 0)
2026-01-28 16:27:28,954 INFO reaped unknown pid 45569 (exit status 0)
2026-01-28 16:27:34,021 INFO reaped unknown pid 45576 (exit status 0)
2026-01-28 16:27:39,051 INFO reaped unknown pid 45583 (exit status 0)
2026-01-28 16:27:44,125 INFO reaped unknown pid 45590 (exit status 0)
2026-01-28 16:27:49,218 INFO reaped unknown pid 45597 (exit status 0)
2026-01-28 16:27:54,371 INFO reaped unknown pid 45604 (exit status 0)
2026-01-28 16:27:59,336 INFO reaped unknown pid 45611 (exit status 0)
2026-01-28 16:28:03,748 INFO reaped unknown pid 45622 (exit status 0)
2026-01-28 16:28:08,824 INFO reaped unknown pid 45629 (exit status 0)
2026-01-28 16:28:13,858 INFO reaped unknown pid 45636 (exit status 0)
2026-01-28 16:28:18,867 INFO reaped unknown pid 45643 (exit status 0)
2026-01-28 16:28:23,970 INFO reaped unknown pid 45650 (exit status 0)
2026-01-28 16:28:28,981 INFO reaped unknown pid 45657 (exit status 0)
2026-01-28 16:28:34,042 INFO reaped unknown pid 45664 (exit status 0)
2026-01-28 16:28:39,057 INFO reaped unknown pid 45671 (exit status 0)
2026-01-28 16:28:44,156 INFO reaped unknown pid 45678 (exit status 0)
2026-01-28 16:28:49,260 INFO reaped unknown pid 45685 (exit status 0)
2026-01-28 16:28:54,289 INFO reaped unknown pid 45692 (exit status 0)
2026-01-28 16:28:59,288 INFO reaped unknown pid 45699 (exit status 0)
2026-01-28 16:29:03,837 INFO reaped unknown pid 45710 (exit status 0)
2026-01-28 16:29:08,885 INFO reaped unknown pid 45717 (exit status 0)
2026-01-28 16:29:13,953 INFO reaped unknown pid 45724 (exit status 0)
2026-01-28 16:29:19,052 INFO reaped unknown pid 45731 (exit status 0)
2026-01-28 16:29:24,111 INFO reaped unknown pid 45738 (exit status 0)
2026-01-28 16:29:29,196 INFO reaped unknown pid 45745 (exit status 0)
2026-01-28 16:29:34,270 INFO reaped unknown pid 45752 (exit status 0)
2026-01-28 16:29:39,338 INFO reaped unknown pid 45759 (exit status 0)
2026-01-28 16:29:44,410 INFO reaped unknown pid 45766 (exit status 0)
2026-01-28 16:29:49,500 INFO reaped unknown pid 45773 (exit status 0)
2026-01-28 16:29:54,542 INFO reaped unknown pid 45780 (exit status 0)
2026-01-28 16:29:59,534 INFO reaped unknown pid 45787 (exit status 0)
2026-01-28 16:30:03,694 INFO reaped unknown pid 45798 (exit status 0)
2026-01-28 16:30:08,705 INFO reaped unknown pid 45805 (exit status 0)
2026-01-28 16:30:13,790 INFO reaped unknown pid 45812 (exit status 0)
2026-01-28 16:30:18,779 INFO reaped unknown pid 45819 (exit status 0)
2026-01-28 16:30:23,809 INFO reaped unknown pid 45826 (exit status 0)
2026-01-28 16:30:28,815 INFO reaped unknown pid 45833 (exit status 0)
2026-01-28 16:30:33,921 INFO reaped unknown pid 45840 (exit status 0)
2026-01-28 16:30:38,970 INFO reaped unknown pid 45847 (exit status 0)
2026-01-28 16:30:44,078 INFO reaped unknown pid 45854 (exit status 0)
2026-01-28 16:30:50,151 INFO reaped unknown pid 45861 (exit status 0)
2026-01-28 16:30:54,196 INFO reaped unknown pid 45868 (exit status 0)
2026-01-28 16:30:59,218 INFO reaped unknown pid 45875 (exit status 0)
2026-01-28 16:31:03,745 INFO reaped unknown pid 45886 (exit status 0)
2026-01-28 16:31:08,796 INFO reaped unknown pid 45893 (exit status 0)
2026-01-28 16:31:13,843 INFO reaped unknown pid 45900 (exit status 0)
2026-01-28 16:31:18,902 INFO reaped unknown pid 45907 (exit status 0)
2026-01-28 16:31:24,009 INFO reaped unknown pid 45914 (exit status 0)
2026-01-28 16:31:29,060 INFO reaped unknown pid 45921 (exit status 0)
2026-01-28 16:31:34,146 INFO reaped unknown pid 45928 (exit status 0)
2026-01-28 16:31:39,229 INFO reaped unknown pid 45935 (exit status 0)
2026-01-28 16:31:44,243 INFO reaped unknown pid 45942 (exit status 0)
2026-01-28 16:31:49,265 INFO reaped unknown pid 45949 (exit status 0)
2026-01-28 16:31:54,359 INFO reaped unknown pid 45956 (exit status 0)
2026-01-28 16:31:59,380 INFO reaped unknown pid 45963 (exit status 0)
2026-01-28 16:32:03,827 INFO reaped unknown pid 45974 (exit status 0)
2026-01-28 16:32:08,909 INFO reaped unknown pid 45981 (exit status 0)
2026-01-28 16:32:13,968 INFO reaped unknown pid 45988 (exit status 0)
2026-01-28 16:32:19,068 INFO reaped unknown pid 45995 (exit status 0)
2026-01-28 16:32:24,160 INFO reaped unknown pid 46002 (exit status 0)
2026-01-28 16:32:29,173 INFO reaped unknown pid 46009 (exit status 0)
2026-01-28 16:32:34,173 INFO reaped unknown pid 46016 (exit status 0)
2026-01-28 16:32:39,189 INFO reaped unknown pid 46023 (exit status 0)
2026-01-28 16:32:44,192 INFO reaped unknown pid 46030 (exit status 0)
2026-01-28 16:32:49,261 INFO reaped unknown pid 46037 (exit status 0)
2026-01-28 16:32:54,312 INFO reaped unknown pid 46044 (exit status 0)
2026-01-28 16:32:59,408 INFO reaped unknown pid 46051 (exit status 0)
2026-01-28 16:33:03,820 INFO reaped unknown pid 46062 (exit status 0)
2026-01-28 16:33:08,835 INFO reaped unknown pid 46069 (exit status 0)
2026-01-28 16:33:13,871 INFO reaped unknown pid 46076 (exit status 0)
2026-01-28 16:33:18,879 INFO reaped unknown pid 46083 (exit status 0)
2026-01-28 16:33:23,948 INFO reaped unknown pid 46090 (exit status 0)
2026-01-28 16:33:28,972 INFO reaped unknown pid 46097 (exit status 0)
2026-01-28 16:33:34,003 INFO reaped unknown pid 46104 (exit status 0)
2026-01-28 16:33:39,035 INFO reaped unknown pid 46111 (exit status 0)
2026-01-28 16:33:44,155 INFO reaped unknown pid 46118 (exit status 0)
2026-01-28 16:33:49,169 INFO reaped unknown pid 46125 (exit status 0)
2026-01-28 16:33:54,249 INFO reaped unknown pid 46132 (exit status 0)
2026-01-28 16:33:59,242 INFO reaped unknown pid 46139 (exit status 0)
2026-01-28 16:34:03,782 INFO reaped unknown pid 46150 (exit status 0)
2026-01-28 16:34:08,878 INFO reaped unknown pid 46157 (exit status 0)
2026-01-28 16:34:13,885 INFO reaped unknown pid 46164 (exit status 0)
2026-01-28 16:34:18,983 INFO reaped unknown pid 46171 (exit status 0)
2026-01-28 16:34:24,080 INFO reaped unknown pid 46178 (exit status 0)
2026-01-28 16:34:29,149 INFO reaped unknown pid 46185 (exit status 0)
2026-01-28 16:34:34,153 INFO reaped unknown pid 46192 (exit status 0)
2026-01-28 16:34:39,177 INFO reaped unknown pid 46199 (exit status 0)
2026-01-28 16:34:44,269 INFO reaped unknown pid 46206 (exit status 0)
2026-01-28 16:34:49,371 INFO reaped unknown pid 46213 (exit status 0)
2026-01-28 16:34:54,383 INFO reaped unknown pid 46220 (exit status 0)
2026-01-28 16:34:59,490 INFO reaped unknown pid 46227 (exit status 0)
2026-01-28 16:35:03,787 INFO reaped unknown pid 46238 (exit status 0)
2026-01-28 16:35:08,814 INFO reaped unknown pid 46245 (exit status 0)
2026-01-28 16:35:13,851 INFO reaped unknown pid 46252 (exit status 0)
2026-01-28 16:35:18,856 INFO reaped unknown pid 46259 (exit status 0)
2026-01-28 16:35:23,932 INFO reaped unknown pid 46266 (exit status 0)
2026-01-28 16:35:28,997 INFO reaped unknown pid 46273 (exit status 0)
2026-01-28 16:35:34,092 INFO reaped unknown pid 46280 (exit status 0)
2026-01-28 16:35:39,104 INFO reaped unknown pid 46287 (exit status 0)
2026-01-28 16:35:44,147 INFO reaped unknown pid 46294 (exit status 0)
2026-01-28 16:35:50,184 INFO reaped unknown pid 46301 (exit status 0)
2026-01-28 16:35:54,226 INFO reaped unknown pid 46308 (exit status 0)
2026-01-28 16:35:59,259 INFO reaped unknown pid 46315 (exit status 0)
2026-01-28 16:36:03,762 INFO reaped unknown pid 46326 (exit status 0)
2026-01-28 16:36:08,756 INFO reaped unknown pid 46333 (exit status 0)
2026-01-28 16:36:13,867 INFO reaped unknown pid 46340 (exit status 0)
2026-01-28 16:36:18,950 INFO reaped unknown pid 46347 (exit status 0)
2026-01-28 16:36:24,019 INFO reaped unknown pid 46354 (exit status 0)
2026-01-28 16:36:29,035 INFO reaped unknown pid 46361 (exit status 0)
2026-01-28 16:36:34,090 INFO reaped unknown pid 46368 (exit status 0)
2026-01-28 16:36:39,175 INFO reaped unknown pid 46375 (exit status 0)
2026-01-28 16:36:44,321 INFO reaped unknown pid 46382 (exit status 0)
2026-01-28 16:36:49,383 INFO reaped unknown pid 46389 (exit status 0)
2026-01-28 16:36:54,462 INFO reaped unknown pid 46396 (exit status 0)
2026-01-28 16:36:59,513 INFO reaped unknown pid 46403 (exit status 0)
2026-01-28 16:37:03,869 INFO reaped unknown pid 46414 (exit status 0)
2026-01-28 16:37:08,939 INFO reaped unknown pid 46421 (exit status 0)
2026-01-28 16:37:14,046 INFO reaped unknown pid 46428 (exit status 0)
2026-01-28 16:37:19,125 INFO reaped unknown pid 46435 (exit status 0)
2026-01-28 16:37:24,201 INFO reaped unknown pid 46442 (exit status 0)
2026-01-28 16:37:29,272 INFO reaped unknown pid 46449 (exit status 0)
2026-01-28 16:37:34,372 INFO reaped unknown pid 46456 (exit status 0)
2026-01-28 16:37:39,454 INFO reaped unknown pid 46463 (exit status 0)
2026-01-28 16:37:44,518 INFO reaped unknown pid 46470 (exit status 0)
2026-01-28 16:37:49,605 INFO reaped unknown pid 46477 (exit status 0)
2026-01-28 16:37:54,667 INFO reaped unknown pid 46484 (exit status 0)
2026-01-28 16:37:59,771 INFO reaped unknown pid 46491 (exit status 0)
2026-01-28 16:38:03,764 INFO reaped unknown pid 46502 (exit status 0)
2026-01-28 16:38:08,780 INFO reaped unknown pid 46509 (exit status 0)
2026-01-28 16:38:13,815 INFO reaped unknown pid 46516 (exit status 0)
2026-01-28 16:38:18,882 INFO reaped unknown pid 46523 (exit status 0)
2026-01-28 16:38:23,978 INFO reaped unknown pid 46530 (exit status 0)
2026-01-28 16:38:29,026 INFO reaped unknown pid 46537 (exit status 0)
2026-01-28 16:38:34,127 INFO reaped unknown pid 46544 (exit status 0)
2026-01-28 16:38:39,194 INFO reaped unknown pid 46551 (exit status 0)
2026-01-28 16:38:44,267 INFO reaped unknown pid 46558 (exit status 0)
2026-01-28 16:38:49,356 INFO reaped unknown pid 46565 (exit status 0)
2026-01-28 16:38:54,448 INFO reaped unknown pid 46572 (exit status 0)
2026-01-28 16:38:59,499 INFO reaped unknown pid 46579 (exit status 0)
2026-01-28 16:39:03,830 INFO reaped unknown pid 46590 (exit status 0)
2026-01-28 16:39:08,848 INFO reaped unknown pid 46597 (exit status 0)
2026-01-28 16:39:13,898 INFO reaped unknown pid 46604 (exit status 0)
2026-01-28 16:39:18,961 INFO reaped unknown pid 46611 (exit status 0)
2026-01-28 16:39:24,021 INFO reaped unknown pid 46618 (exit status 0)
2026-01-28 16:39:29,067 INFO reaped unknown pid 46625 (exit status 0)
2026-01-28 16:39:34,150 INFO reaped unknown pid 46632 (exit status 0)
2026-01-28 16:39:39,221 INFO reaped unknown pid 46639 (exit status 0)
2026-01-28 16:39:44,274 INFO reaped unknown pid 46646 (exit status 0)
2026-01-28 16:39:49,379 INFO reaped unknown pid 46653 (exit status 0)
2026-01-28 16:39:54,428 INFO reaped unknown pid 46660 (exit status 0)
2026-01-28 16:39:59,443 INFO reaped unknown pid 46667 (exit status 0)
2026-01-28 16:40:03,796 INFO reaped unknown pid 46678 (exit status 0)
2026-01-28 16:40:08,820 INFO reaped unknown pid 46685 (exit status 0)
2026-01-28 16:40:13,915 INFO reaped unknown pid 46692 (exit status 0)
2026-01-28 16:40:18,985 INFO reaped unknown pid 46699 (exit status 0)
2026-01-28 16:40:24,026 INFO reaped unknown pid 46706 (exit status 0)
2026-01-28 16:40:29,071 INFO reaped unknown pid 46713 (exit status 0)
2026-01-28 16:40:34,146 INFO reaped unknown pid 46720 (exit status 0)
2026-01-28 16:40:39,252 INFO reaped unknown pid 46727 (exit status 0)
2026-01-28 16:40:44,320 INFO reaped unknown pid 46734 (exit status 0)
2026-01-28 16:40:50,381 INFO reaped unknown pid 46741 (exit status 0)
2026-01-28 16:40:54,403 INFO reaped unknown pid 46748 (exit status 0)
2026-01-28 16:40:59,412 INFO reaped unknown pid 46755 (exit status 0)
2026-01-28 16:41:03,772 INFO reaped unknown pid 46766 (exit status 0)
2026-01-28 16:41:08,787 INFO reaped unknown pid 46773 (exit status 0)
2026-01-28 16:41:13,853 INFO reaped unknown pid 46780 (exit status 0)
2026-01-28 16:41:18,924 INFO reaped unknown pid 46787 (exit status 0)
2026-01-28 16:41:24,021 INFO reaped unknown pid 46794 (exit status 0)
2026-01-28 16:41:29,023 INFO reaped unknown pid 46801 (exit status 0)
2026-01-28 16:41:34,097 INFO reaped unknown pid 46808 (exit status 0)
2026-01-28 16:41:39,111 INFO reaped unknown pid 46815 (exit status 0)
2026-01-28 16:41:44,195 INFO reaped unknown pid 46822 (exit status 0)
2026-01-28 16:41:49,211 INFO reaped unknown pid 46829 (exit status 0)
2026-01-28 16:41:54,260 INFO reaped unknown pid 46836 (exit status 0)
2026-01-28 16:41:59,334 INFO reaped unknown pid 46843 (exit status 0)
2026-01-28 16:42:03,763 INFO reaped unknown pid 46854 (exit status 0)
2026-01-28 16:42:08,770 INFO reaped unknown pid 46861 (exit status 0)
2026-01-28 16:42:13,835 INFO reaped unknown pid 46868 (exit status 0)
2026-01-28 16:42:18,862 INFO reaped unknown pid 46875 (exit status 0)
2026-01-28 16:42:23,948 INFO reaped unknown pid 46882 (exit status 0)
2026-01-28 16:42:28,975 INFO reaped unknown pid 46889 (exit status 0)
2026-01-28 16:42:34,012 INFO reaped unknown pid 46896 (exit status 0)
2026-01-28 16:42:39,077 INFO reaped unknown pid 46903 (exit status 0)
2026-01-28 16:42:44,119 INFO reaped unknown pid 46910 (exit status 0)
2026-01-28 16:42:49,178 INFO reaped unknown pid 46917 (exit status 0)
2026-01-28 16:42:54,233 INFO reaped unknown pid 46924 (exit status 0)
2026-01-28 16:42:59,260 INFO reaped unknown pid 46931 (exit status 0)
2026-01-28 16:43:03,776 INFO reaped unknown pid 46942 (exit status 0)
2026-01-28 16:43:08,823 INFO reaped unknown pid 46949 (exit status 0)
2026-01-28 16:43:13,844 INFO reaped unknown pid 46956 (exit status 0)
2026-01-28 16:43:18,931 INFO reaped unknown pid 46963 (exit status 0)
2026-01-28 16:43:24,007 INFO reaped unknown pid 46970 (exit status 0)
2026-01-28 16:43:29,080 INFO reaped unknown pid 46977 (exit status 0)
2026-01-28 16:43:34,162 INFO reaped unknown pid 46984 (exit status 0)
2026-01-28 16:43:39,236 INFO reaped unknown pid 46991 (exit status 0)
2026-01-28 16:43:44,305 INFO reaped unknown pid 46998 (exit status 0)
2026-01-28 16:43:49,391 INFO reaped unknown pid 47005 (exit status 0)
2026-01-28 16:43:54,454 INFO reaped unknown pid 47012 (exit status 0)
2026-01-28 16:43:59,472 INFO reaped unknown pid 47019 (exit status 0)
2026-01-28 16:44:03,810 INFO reaped unknown pid 47030 (exit status 0)
2026-01-28 16:44:08,823 INFO reaped unknown pid 47037 (exit status 0)
2026-01-28 16:44:13,863 INFO reaped unknown pid 47044 (exit status 0)
2026-01-28 16:44:18,941 INFO reaped unknown pid 47051 (exit status 0)
2026-01-28 16:44:24,018 INFO reaped unknown pid 47058 (exit status 0)
2026-01-28 16:44:29,080 INFO reaped unknown pid 47065 (exit status 0)
2026-01-28 16:44:34,120 INFO reaped unknown pid 47072 (exit status 0)
2026-01-28 16:44:39,146 INFO reaped unknown pid 47079 (exit status 0)
2026-01-28 16:44:44,244 INFO reaped unknown pid 47086 (exit status 0)
2026-01-28 16:44:49,256 INFO reaped unknown pid 47093 (exit status 0)
2026-01-28 16:44:54,341 INFO reaped unknown pid 47100 (exit status 0)
2026-01-28 16:44:59,389 INFO reaped unknown pid 47107 (exit status 0)
2026-01-28 16:45:03,814 INFO reaped unknown pid 47118 (exit status 0)
2026-01-28 16:45:08,822 INFO reaped unknown pid 47125 (exit status 0)
2026-01-28 16:45:13,851 INFO reaped unknown pid 47132 (exit status 0)
2026-01-28 16:45:18,935 INFO reaped unknown pid 47139 (exit status 0)
2026-01-28 16:45:24,030 INFO reaped unknown pid 47146 (exit status 0)
2026-01-28 16:45:29,118 INFO reaped unknown pid 47153 (exit status 0)
2026-01-28 16:45:34,153 INFO reaped unknown pid 47160 (exit status 0)
2026-01-28 16:45:39,171 INFO reaped unknown pid 47167 (exit status 0)
2026-01-28 16:45:44,246 INFO reaped unknown pid 47174 (exit status 0)
2026-01-28 16:45:50,339 INFO reaped unknown pid 47181 (exit status 0)
2026-01-28 16:45:54,398 INFO reaped unknown pid 47188 (exit status 0)
2026-01-28 16:45:59,461 INFO reaped unknown pid 47195 (exit status 0)
2026-01-28 16:46:03,810 INFO reaped unknown pid 47206 (exit status 0)
2026-01-28 16:46:08,835 INFO reaped unknown pid 47213 (exit status 0)
2026-01-28 16:46:13,888 INFO reaped unknown pid 47220 (exit status 0)
2026-01-28 16:46:18,979 INFO reaped unknown pid 47227 (exit status 0)
2026-01-28 16:46:24,025 INFO reaped unknown pid 47234 (exit status 0)
2026-01-28 16:46:29,038 INFO reaped unknown pid 47241 (exit status 0)
2026-01-28 16:46:34,115 INFO reaped unknown pid 47248 (exit status 0)
2026-01-28 16:46:39,146 INFO reaped unknown pid 47255 (exit status 0)
2026-01-28 16:46:44,225 INFO reaped unknown pid 47262 (exit status 0)
2026-01-28 16:46:49,237 INFO reaped unknown pid 47269 (exit status 0)
2026-01-28 16:46:54,296 INFO reaped unknown pid 47276 (exit status 0)
2026-01-28 16:46:59,377 INFO reaped unknown pid 47283 (exit status 0)
2026-01-28 16:47:03,854 INFO reaped unknown pid 47294 (exit status 0)
2026-01-28 16:47:08,903 INFO reaped unknown pid 47301 (exit status 0)
2026-01-28 16:47:13,972 INFO reaped unknown pid 47308 (exit status 0)
2026-01-28 16:47:19,044 INFO reaped unknown pid 47315 (exit status 0)
2026-01-28 16:47:24,116 INFO reaped unknown pid 47322 (exit status 0)
2026-01-28 16:47:29,185 INFO reaped unknown pid 47329 (exit status 0)
2026-01-28 16:47:34,274 INFO reaped unknown pid 47336 (exit status 0)
2026-01-28 16:47:39,280 INFO reaped unknown pid 47343 (exit status 0)
2026-01-28 16:47:44,342 INFO reaped unknown pid 47350 (exit status 0)
2026-01-28 16:47:49,414 INFO reaped unknown pid 47357 (exit status 0)
2026-01-28 16:47:54,495 INFO reaped unknown pid 47364 (exit status 0)
2026-01-28 16:47:59,499 INFO reaped unknown pid 47371 (exit status 0)
2026-01-28 16:48:03,808 INFO reaped unknown pid 47382 (exit status 0)
2026-01-28 16:48:08,839 INFO reaped unknown pid 47389 (exit status 0)
2026-01-28 16:48:13,837 INFO reaped unknown pid 47396 (exit status 0)
2026-01-28 16:48:18,857 INFO reaped unknown pid 47403 (exit status 0)
2026-01-28 16:48:23,941 INFO reaped unknown pid 47410 (exit status 0)
2026-01-28 16:48:28,959 INFO reaped unknown pid 47417 (exit status 0)
2026-01-28 16:48:33,981 INFO reaped unknown pid 47424 (exit status 0)
2026-01-28 16:48:39,021 INFO reaped unknown pid 47431 (exit status 0)
2026-01-28 16:48:44,083 INFO reaped unknown pid 47438 (exit status 0)
2026-01-28 16:48:49,180 INFO reaped unknown pid 47445 (exit status 0)
2026-01-28 16:48:54,239 INFO reaped unknown pid 47452 (exit status 0)
2026-01-28 16:48:59,330 INFO reaped unknown pid 47459 (exit status 0)
2026-01-28 16:49:03,794 INFO reaped unknown pid 47470 (exit status 0)
2026-01-28 16:49:08,835 INFO reaped unknown pid 47477 (exit status 0)
2026-01-28 16:49:13,900 INFO reaped unknown pid 47484 (exit status 0)
2026-01-28 16:49:18,923 INFO reaped unknown pid 47491 (exit status 0)
2026-01-28 16:49:23,937 INFO reaped unknown pid 47498 (exit status 0)
2026-01-28 16:49:29,024 INFO reaped unknown pid 47505 (exit status 0)
2026-01-28 16:49:34,089 INFO reaped unknown pid 47512 (exit status 0)
2026-01-28 16:49:39,150 INFO reaped unknown pid 47519 (exit status 0)
2026-01-28 16:49:44,255 INFO reaped unknown pid 47526 (exit status 0)
2026-01-28 16:49:49,291 INFO reaped unknown pid 47533 (exit status 0)
2026-01-28 16:49:54,328 INFO reaped unknown pid 47540 (exit status 0)
2026-01-28 16:49:59,403 INFO reaped unknown pid 47547 (exit status 0)
2026-01-28 16:50:03,778 INFO reaped unknown pid 47558 (exit status 0)
2026-01-28 16:50:08,783 INFO reaped unknown pid 47565 (exit status 0)
2026-01-28 16:50:13,872 INFO reaped unknown pid 47572 (exit status 0)
2026-01-28 16:50:18,903 INFO reaped unknown pid 47579 (exit status 0)
2026-01-28 16:50:23,950 INFO reaped unknown pid 47586 (exit status 0)
2026-01-28 16:50:28,976 INFO reaped unknown pid 47593 (exit status 0)
2026-01-28 16:50:33,990 INFO reaped unknown pid 47600 (exit status 0)
2026-01-28 16:50:39,002 INFO reaped unknown pid 47607 (exit status 0)
2026-01-28 16:50:44,058 INFO reaped unknown pid 47614 (exit status 0)
2026-01-28 16:50:49,126 INFO reaped unknown pid 47621 (exit status 0)
2026-01-28 16:50:55,143 INFO reaped unknown pid 47628 (exit status 0)
2026-01-28 16:50:59,232 INFO reaped unknown pid 47635 (exit status 0)
2026-01-28 16:51:03,773 INFO reaped unknown pid 47646 (exit status 0)
2026-01-28 16:51:08,795 INFO reaped unknown pid 47653 (exit status 0)
2026-01-28 16:51:13,844 INFO reaped unknown pid 47660 (exit status 0)
2026-01-28 16:51:18,953 INFO reaped unknown pid 47667 (exit status 0)
2026-01-28 16:51:23,961 INFO reaped unknown pid 47674 (exit status 0)
2026-01-28 16:51:29,039 INFO reaped unknown pid 47681 (exit status 0)
2026-01-28 16:51:34,039 INFO reaped unknown pid 47688 (exit status 0)
2026-01-28 16:51:39,132 INFO reaped unknown pid 47695 (exit status 0)
2026-01-28 16:51:44,229 INFO reaped unknown pid 47702 (exit status 0)
2026-01-28 16:51:49,315 INFO reaped unknown pid 47709 (exit status 0)
2026-01-28 16:51:54,381 INFO reaped unknown pid 47716 (exit status 0)
2026-01-28 16:51:59,465 INFO reaped unknown pid 47723 (exit status 0)
2026-01-28 16:52:03,840 INFO reaped unknown pid 47734 (exit status 0)
2026-01-28 16:52:08,938 INFO reaped unknown pid 47741 (exit status 0)
2026-01-28 16:52:13,953 INFO reaped unknown pid 47748 (exit status 0)
2026-01-28 16:52:18,993 INFO reaped unknown pid 47755 (exit status 0)
2026-01-28 16:52:24,005 INFO reaped unknown pid 47762 (exit status 0)
2026-01-28 16:52:29,015 INFO reaped unknown pid 47769 (exit status 0)
2026-01-28 16:52:34,024 INFO reaped unknown pid 47776 (exit status 0)
2026-01-28 16:52:39,139 INFO reaped unknown pid 47783 (exit status 0)
2026-01-28 16:52:44,225 INFO reaped unknown pid 47790 (exit status 0)
2026-01-28 16:52:49,225 INFO reaped unknown pid 47797 (exit status 0)
2026-01-28 16:52:54,230 INFO reaped unknown pid 47804 (exit status 0)
2026-01-28 16:52:59,230 INFO reaped unknown pid 47811 (exit status 0)
2026-01-28 16:53:03,822 INFO reaped unknown pid 47822 (exit status 0)
2026-01-28 16:53:08,914 INFO reaped unknown pid 47829 (exit status 0)
2026-01-28 16:53:13,970 INFO reaped unknown pid 47836 (exit status 0)
2026-01-28 16:53:19,004 INFO reaped unknown pid 47843 (exit status 0)
2026-01-28 16:53:24,073 INFO reaped unknown pid 47850 (exit status 0)
2026-01-28 16:53:29,152 INFO reaped unknown pid 47857 (exit status 0)
2026-01-28 16:53:34,228 INFO reaped unknown pid 47864 (exit status 0)
2026-01-28 16:53:39,329 INFO reaped unknown pid 47871 (exit status 0)
2026-01-28 16:53:44,398 INFO reaped unknown pid 47878 (exit status 0)
2026-01-28 16:53:49,407 INFO reaped unknown pid 47885 (exit status 0)
2026-01-28 16:53:54,506 INFO reaped unknown pid 47892 (exit status 0)
2026-01-28 16:53:59,503 INFO reaped unknown pid 47899 (exit status 0)
2026-01-28 16:54:03,754 INFO reaped unknown pid 47910 (exit status 0)
2026-01-28 16:54:08,819 INFO reaped unknown pid 47917 (exit status 0)
2026-01-28 16:54:13,828 INFO reaped unknown pid 47924 (exit status 0)
2026-01-28 16:54:18,923 INFO reaped unknown pid 47931 (exit status 0)
2026-01-28 16:54:23,974 INFO reaped unknown pid 47938 (exit status 0)
2026-01-28 16:54:29,060 INFO reaped unknown pid 47945 (exit status 0)
2026-01-28 16:54:34,156 INFO reaped unknown pid 47952 (exit status 0)
2026-01-28 16:54:39,170 INFO reaped unknown pid 47959 (exit status 0)
2026-01-28 16:54:44,189 INFO reaped unknown pid 47966 (exit status 0)
2026-01-28 16:54:49,275 INFO reaped unknown pid 47973 (exit status 0)
2026-01-28 16:54:54,367 INFO reaped unknown pid 47980 (exit status 0)
2026-01-28 16:54:59,442 INFO reaped unknown pid 47987 (exit status 0)
2026-01-28 16:55:03,736 INFO reaped unknown pid 47998 (exit status 0)
2026-01-28 16:55:08,743 INFO reaped unknown pid 48005 (exit status 0)
2026-01-28 16:55:13,843 INFO reaped unknown pid 48012 (exit status 0)
2026-01-28 16:55:18,915 INFO reaped unknown pid 48019 (exit status 0)
2026-01-28 16:55:24,026 INFO reaped unknown pid 48026 (exit status 0)
2026-01-28 16:55:29,093 INFO reaped unknown pid 48033 (exit status 0)
2026-01-28 16:55:34,120 INFO reaped unknown pid 48040 (exit status 0)
2026-01-28 16:55:39,199 INFO reaped unknown pid 48047 (exit status 0)
2026-01-28 16:55:44,280 INFO reaped unknown pid 48054 (exit status 0)
2026-01-28 16:55:49,367 INFO reaped unknown pid 48061 (exit status 0)
2026-01-28 16:55:55,462 INFO reaped unknown pid 48068 (exit status 0)
2026-01-28 16:55:59,534 INFO reaped unknown pid 48075 (exit status 0)
2026-01-28 16:56:03,772 INFO reaped unknown pid 48086 (exit status 0)
2026-01-28 16:56:08,824 INFO reaped unknown pid 48093 (exit status 0)
2026-01-28 16:56:13,879 INFO reaped unknown pid 48100 (exit status 0)
2026-01-28 16:56:18,915 INFO reaped unknown pid 48107 (exit status 0)
2026-01-28 16:56:23,981 INFO reaped unknown pid 48114 (exit status 0)
2026-01-28 16:56:29,043 INFO reaped unknown pid 48121 (exit status 0)
2026-01-28 16:56:34,116 INFO reaped unknown pid 48128 (exit status 0)
2026-01-28 16:56:39,204 INFO reaped unknown pid 48135 (exit status 0)
2026-01-28 16:56:44,283 INFO reaped unknown pid 48142 (exit status 0)
2026-01-28 16:56:49,361 INFO reaped unknown pid 48149 (exit status 0)
2026-01-28 16:56:54,448 INFO reaped unknown pid 48156 (exit status 0)
2026-01-28 16:56:59,515 INFO reaped unknown pid 48163 (exit status 0)
2026-01-28 16:57:03,731 INFO reaped unknown pid 48174 (exit status 0)
2026-01-28 16:57:08,813 INFO reaped unknown pid 48181 (exit status 0)
2026-01-28 16:57:13,885 INFO reaped unknown pid 48188 (exit status 0)
2026-01-28 16:57:18,912 INFO reaped unknown pid 48195 (exit status 0)
2026-01-28 16:57:23,980 INFO reaped unknown pid 48202 (exit status 0)
2026-01-28 16:57:29,045 INFO reaped unknown pid 48209 (exit status 0)
2026-01-28 16:57:34,093 INFO reaped unknown pid 48216 (exit status 0)
2026-01-28 16:57:39,095 INFO reaped unknown pid 48223 (exit status 0)
2026-01-28 16:57:44,195 INFO reaped unknown pid 48230 (exit status 0)
2026-01-28 16:57:49,224 INFO reaped unknown pid 48237 (exit status 0)
2026-01-28 16:57:54,313 INFO reaped unknown pid 48244 (exit status 0)
2026-01-28 16:57:59,315 INFO reaped unknown pid 48251 (exit status 0)
2026-01-28 16:58:03,747 INFO reaped unknown pid 48262 (exit status 0)
2026-01-28 16:58:08,812 INFO reaped unknown pid 48269 (exit status 0)
2026-01-28 16:58:13,900 INFO reaped unknown pid 48276 (exit status 0)
2026-01-28 16:58:18,997 INFO reaped unknown pid 48283 (exit status 0)
2026-01-28 16:58:23,997 INFO reaped unknown pid 48290 (exit status 0)
2026-01-28 16:58:29,070 INFO reaped unknown pid 48297 (exit status 0)
2026-01-28 16:58:34,178 INFO reaped unknown pid 48304 (exit status 0)
2026-01-28 16:58:39,280 INFO reaped unknown pid 48311 (exit status 0)
2026-01-28 16:58:44,341 INFO reaped unknown pid 48318 (exit status 0)
2026-01-28 16:58:49,411 INFO reaped unknown pid 48325 (exit status 0)
2026-01-28 16:58:54,465 INFO reaped unknown pid 48332 (exit status 0)
2026-01-28 16:58:59,563 INFO reaped unknown pid 48339 (exit status 0)
2026-01-28 16:59:03,764 INFO reaped unknown pid 48350 (exit status 0)
2026-01-28 16:59:08,817 INFO reaped unknown pid 48357 (exit status 0)
2026-01-28 16:59:13,863 INFO reaped unknown pid 48364 (exit status 0)
2026-01-28 16:59:18,952 INFO reaped unknown pid 48371 (exit status 0)
2026-01-28 16:59:24,004 INFO reaped unknown pid 48378 (exit status 0)
2026-01-28 16:59:29,049 INFO reaped unknown pid 48385 (exit status 0)
2026-01-28 16:59:34,110 INFO reaped unknown pid 48392 (exit status 0)
2026-01-28 16:59:39,117 INFO reaped unknown pid 48399 (exit status 0)
2026-01-28 16:59:44,183 INFO reaped unknown pid 48406 (exit status 0)
2026-01-28 16:59:49,193 INFO reaped unknown pid 48413 (exit status 0)
2026-01-28 16:59:54,265 INFO reaped unknown pid 48420 (exit status 0)
2026-01-28 16:59:59,344 INFO reaped unknown pid 48427 (exit status 0)
2026-01-28 17:00:03,884 INFO reaped unknown pid 48438 (exit status 0)
2026-01-28 17:00:08,981 INFO reaped unknown pid 48445 (exit status 0)
2026-01-28 17:00:13,984 INFO reaped unknown pid 48452 (exit status 0)
2026-01-28 17:00:19,032 INFO reaped unknown pid 48459 (exit status 0)
2026-01-28 17:00:24,114 INFO reaped unknown pid 48466 (exit status 0)
2026-01-28 17:00:29,141 INFO reaped unknown pid 48473 (exit status 0)
2026-01-28 17:00:34,236 INFO reaped unknown pid 48480 (exit status 0)
2026-01-28 17:00:39,315 INFO reaped unknown pid 48487 (exit status 0)
2026-01-28 17:00:44,418 INFO reaped unknown pid 48494 (exit status 0)
2026-01-28 17:00:49,453 INFO reaped unknown pid 48501 (exit status 0)
2026-01-28 17:00:55,475 INFO reaped unknown pid 48508 (exit status 0)
2026-01-28 17:00:59,520 INFO reaped unknown pid 48515 (exit status 0)
2026-01-28 17:01:03,797 INFO reaped unknown pid 48526 (exit status 0)
2026-01-28 17:01:08,883 INFO reaped unknown pid 48533 (exit status 0)
2026-01-28 17:01:13,919 INFO reaped unknown pid 48540 (exit status 0)
2026-01-28 17:01:19,006 INFO reaped unknown pid 48547 (exit status 0)
2026-01-28 17:01:24,112 INFO reaped unknown pid 48554 (exit status 0)
2026-01-28 17:01:29,156 INFO reaped unknown pid 48561 (exit status 0)
2026-01-28 17:01:34,217 INFO reaped unknown pid 48568 (exit status 0)
2026-01-28 17:01:39,276 INFO reaped unknown pid 48575 (exit status 0)
2026-01-28 17:01:44,344 INFO reaped unknown pid 48582 (exit status 0)
2026-01-28 17:01:49,431 INFO reaped unknown pid 48589 (exit status 0)
2026-01-28 17:01:54,526 INFO reaped unknown pid 48596 (exit status 0)
2026-01-28 17:01:59,600 INFO reaped unknown pid 48603 (exit status 0)
2026-01-28 17:02:03,818 INFO reaped unknown pid 48614 (exit status 0)
2026-01-28 17:02:08,905 INFO reaped unknown pid 48621 (exit status 0)
2026-01-28 17:02:13,993 INFO reaped unknown pid 48628 (exit status 0)
2026-01-28 17:02:19,094 INFO reaped unknown pid 48635 (exit status 0)
2026-01-28 17:02:24,106 INFO reaped unknown pid 48642 (exit status 0)
2026-01-28 17:02:29,186 INFO reaped unknown pid 48649 (exit status 0)
2026-01-28 17:02:34,252 INFO reaped unknown pid 48656 (exit status 0)
2026-01-28 17:02:39,300 INFO reaped unknown pid 48663 (exit status 0)
2026-01-28 17:02:44,362 INFO reaped unknown pid 48670 (exit status 0)
2026-01-28 17:02:49,396 INFO reaped unknown pid 48677 (exit status 0)
2026-01-28 17:02:54,487 INFO reaped unknown pid 48684 (exit status 0)
2026-01-28 17:02:59,504 INFO reaped unknown pid 48691 (exit status 0)
2026-01-28 17:03:03,762 INFO reaped unknown pid 48702 (exit status 0)
2026-01-28 17:03:08,810 INFO reaped unknown pid 48709 (exit status 0)
2026-01-28 17:03:13,910 INFO reaped unknown pid 48716 (exit status 0)
2026-01-28 17:03:19,011 INFO reaped unknown pid 48723 (exit status 0)
2026-01-28 17:03:24,105 INFO reaped unknown pid 48730 (exit status 0)
2026-01-28 17:03:29,143 INFO reaped unknown pid 48737 (exit status 0)
2026-01-28 17:03:34,236 INFO reaped unknown pid 48744 (exit status 0)
2026-01-28 17:03:39,265 INFO reaped unknown pid 48751 (exit status 0)
2026-01-28 17:03:44,275 INFO reaped unknown pid 48758 (exit status 0)
2026-01-28 17:03:49,351 INFO reaped unknown pid 48765 (exit status 0)
2026-01-28 17:03:54,445 INFO reaped unknown pid 48772 (exit status 0)
2026-01-28 17:03:59,500 INFO reaped unknown pid 48779 (exit status 0)
2026-01-28 17:04:03,744 INFO reaped unknown pid 48790 (exit status 0)
2026-01-28 17:04:08,756 INFO reaped unknown pid 48797 (exit status 0)
2026-01-28 17:04:13,850 INFO reaped unknown pid 48804 (exit status 0)
2026-01-28 17:04:18,857 INFO reaped unknown pid 48811 (exit status 0)
2026-01-28 17:04:23,862 INFO reaped unknown pid 48818 (exit status 0)
2026-01-28 17:04:28,922 INFO reaped unknown pid 48825 (exit status 0)
2026-01-28 17:04:33,938 INFO reaped unknown pid 48832 (exit status 0)
2026-01-28 17:04:38,978 INFO reaped unknown pid 48839 (exit status 0)
2026-01-28 17:04:44,057 INFO reaped unknown pid 48846 (exit status 0)
2026-01-28 17:04:49,120 INFO reaped unknown pid 48853 (exit status 0)
2026-01-28 17:04:54,123 INFO reaped unknown pid 48860 (exit status 0)
2026-01-28 17:04:59,204 INFO reaped unknown pid 48867 (exit status 0)
2026-01-28 17:05:03,738 INFO reaped unknown pid 48878 (exit status 0)
2026-01-28 17:05:08,823 INFO reaped unknown pid 48885 (exit status 0)
2026-01-28 17:05:13,923 INFO reaped unknown pid 48892 (exit status 0)
2026-01-28 17:05:18,955 INFO reaped unknown pid 48899 (exit status 0)
2026-01-28 17:05:24,008 INFO reaped unknown pid 48906 (exit status 0)
2026-01-28 17:05:29,053 INFO reaped unknown pid 48913 (exit status 0)
2026-01-28 17:05:34,139 INFO reaped unknown pid 48920 (exit status 0)
2026-01-28 17:05:39,150 INFO reaped unknown pid 48927 (exit status 0)
2026-01-28 17:05:44,247 INFO reaped unknown pid 48934 (exit status 0)
2026-01-28 17:05:49,332 INFO reaped unknown pid 48941 (exit status 0)
2026-01-28 17:05:54,396 INFO reaped unknown pid 48948 (exit status 0)
2026-01-28 17:05:59,496 INFO reaped unknown pid 48955 (exit status 0)
2026-01-28 17:06:03,731 INFO reaped unknown pid 48966 (exit status 0)
2026-01-28 17:06:08,836 INFO reaped unknown pid 48973 (exit status 0)
2026-01-28 17:06:13,935 INFO reaped unknown pid 48980 (exit status 0)
2026-01-28 17:06:19,038 INFO reaped unknown pid 48987 (exit status 0)
2026-01-28 17:06:24,104 INFO reaped unknown pid 48994 (exit status 0)
2026-01-28 17:06:29,152 INFO reaped unknown pid 49001 (exit status 0)
2026-01-28 17:06:34,216 INFO reaped unknown pid 49008 (exit status 0)
2026-01-28 17:06:39,229 INFO reaped unknown pid 49015 (exit status 0)
2026-01-28 17:06:44,325 INFO reaped unknown pid 49022 (exit status 0)
2026-01-28 17:06:49,384 INFO reaped unknown pid 49029 (exit status 0)
2026-01-28 17:06:54,390 INFO reaped unknown pid 49036 (exit status 0)
2026-01-28 17:06:59,402 INFO reaped unknown pid 49043 (exit status 0)
2026-01-28 17:07:03,744 INFO reaped unknown pid 49054 (exit status 0)
2026-01-28 17:07:08,853 INFO reaped unknown pid 49061 (exit status 0)
2026-01-28 17:07:13,917 INFO reaped unknown pid 49068 (exit status 0)
2026-01-28 17:07:19,022 INFO reaped unknown pid 49075 (exit status 0)
2026-01-28 17:07:24,038 INFO reaped unknown pid 49082 (exit status 0)
2026-01-28 17:07:29,053 INFO reaped unknown pid 49089 (exit status 0)
2026-01-28 17:07:34,064 INFO reaped unknown pid 49096 (exit status 0)
2026-01-28 17:07:39,093 INFO reaped unknown pid 49103 (exit status 0)
2026-01-28 17:07:44,178 INFO reaped unknown pid 49110 (exit status 0)
2026-01-28 17:07:49,203 INFO reaped unknown pid 49117 (exit status 0)
2026-01-28 17:07:54,290 INFO reaped unknown pid 49124 (exit status 0)
2026-01-28 17:07:59,347 INFO reaped unknown pid 49131 (exit status 0)
2026-01-28 17:08:03,761 INFO reaped unknown pid 49142 (exit status 0)
2026-01-28 17:08:08,767 INFO reaped unknown pid 49149 (exit status 0)
2026-01-28 17:08:13,828 INFO reaped unknown pid 49156 (exit status 0)
2026-01-28 17:08:18,933 INFO reaped unknown pid 49163 (exit status 0)
2026-01-28 17:08:24,004 INFO reaped unknown pid 49170 (exit status 0)
2026-01-28 17:08:29,060 INFO reaped unknown pid 49177 (exit status 0)
2026-01-28 17:08:34,164 INFO reaped unknown pid 49184 (exit status 0)
2026-01-28 17:08:39,269 INFO reaped unknown pid 49191 (exit status 0)
2026-01-28 17:08:44,319 INFO reaped unknown pid 49198 (exit status 0)
2026-01-28 17:08:49,368 INFO reaped unknown pid 49205 (exit status 0)
2026-01-28 17:08:54,445 INFO reaped unknown pid 49212 (exit status 0)
2026-01-28 17:08:59,524 INFO reaped unknown pid 49219 (exit status 0)
2026-01-28 17:09:03,733 INFO reaped unknown pid 49230 (exit status 0)
2026-01-28 17:09:08,796 INFO reaped unknown pid 49237 (exit status 0)
2026-01-28 17:09:13,900 INFO reaped unknown pid 49244 (exit status 0)
2026-01-28 17:09:18,921 INFO reaped unknown pid 49251 (exit status 0)
2026-01-28 17:09:23,994 INFO reaped unknown pid 49258 (exit status 0)
2026-01-28 17:09:28,991 INFO reaped unknown pid 49265 (exit status 0)
2026-01-28 17:09:34,084 INFO reaped unknown pid 49272 (exit status 0)
2026-01-28 17:09:39,179 INFO reaped unknown pid 49279 (exit status 0)
2026-01-28 17:09:44,205 INFO reaped unknown pid 49286 (exit status 0)
2026-01-28 17:09:49,301 INFO reaped unknown pid 49293 (exit status 0)
2026-01-28 17:09:54,391 INFO reaped unknown pid 49300 (exit status 0)
2026-01-28 17:09:59,407 INFO reaped unknown pid 49307 (exit status 0)
2026-01-28 17:10:03,833 INFO reaped unknown pid 49318 (exit status 0)
2026-01-28 17:10:08,926 INFO reaped unknown pid 49325 (exit status 0)
2026-01-28 17:10:13,952 INFO reaped unknown pid 49332 (exit status 0)
2026-01-28 17:10:19,036 INFO reaped unknown pid 49339 (exit status 0)
2026-01-28 17:10:24,129 INFO reaped unknown pid 49346 (exit status 0)
2026-01-28 17:10:29,188 INFO reaped unknown pid 49353 (exit status 0)
2026-01-28 17:10:34,279 INFO reaped unknown pid 49360 (exit status 0)
2026-01-28 17:10:39,381 INFO reaped unknown pid 49367 (exit status 0)
2026-01-28 17:10:44,480 INFO reaped unknown pid 49374 (exit status 0)
2026-01-28 17:10:49,530 INFO reaped unknown pid 49381 (exit status 0)
2026-01-28 17:10:55,600 INFO reaped unknown pid 49388 (exit status 0)
2026-01-28 17:10:59,615 INFO reaped unknown pid 49395 (exit status 0)
2026-01-28 17:11:03,855 INFO reaped unknown pid 49406 (exit status 0)
2026-01-28 17:11:08,868 INFO reaped unknown pid 49413 (exit status 0)
2026-01-28 17:11:13,971 INFO reaped unknown pid 49420 (exit status 0)
2026-01-28 17:11:18,978 INFO reaped unknown pid 49427 (exit status 0)
2026-01-28 17:11:24,037 INFO reaped unknown pid 49434 (exit status 0)
2026-01-28 17:11:29,089 INFO reaped unknown pid 49441 (exit status 0)
2026-01-28 17:11:34,201 INFO reaped unknown pid 49448 (exit status 0)
2026-01-28 17:11:39,298 INFO reaped unknown pid 49455 (exit status 0)
2026-01-28 17:11:44,357 INFO reaped unknown pid 49462 (exit status 0)
2026-01-28 17:11:49,338 INFO reaped unknown pid 49469 (exit status 0)
2026-01-28 17:11:54,407 INFO reaped unknown pid 49476 (exit status 0)
2026-01-28 17:11:59,511 INFO reaped unknown pid 49483 (exit status 0)
2026-01-28 17:12:03,737 INFO reaped unknown pid 49494 (exit status 0)
2026-01-28 17:12:08,816 INFO reaped unknown pid 49501 (exit status 0)
2026-01-28 17:12:13,909 INFO reaped unknown pid 49508 (exit status 0)
2026-01-28 17:12:18,989 INFO reaped unknown pid 49515 (exit status 0)
2026-01-28 17:12:24,055 INFO reaped unknown pid 49522 (exit status 0)
2026-01-28 17:12:29,083 INFO reaped unknown pid 49529 (exit status 0)
2026-01-28 17:12:34,093 INFO reaped unknown pid 49536 (exit status 0)
2026-01-28 17:12:39,207 INFO reaped unknown pid 49543 (exit status 0)
2026-01-28 17:12:44,217 INFO reaped unknown pid 49550 (exit status 0)
2026-01-28 17:12:49,311 INFO reaped unknown pid 49557 (exit status 0)
2026-01-28 17:12:54,398 INFO reaped unknown pid 49564 (exit status 0)
2026-01-28 17:12:59,405 INFO reaped unknown pid 49571 (exit status 0)
2026-01-28 17:13:03,793 INFO reaped unknown pid 49582 (exit status 0)
2026-01-28 17:13:08,819 INFO reaped unknown pid 49589 (exit status 0)
2026-01-28 17:13:13,914 INFO reaped unknown pid 49596 (exit status 0)
2026-01-28 17:13:18,917 INFO reaped unknown pid 49603 (exit status 0)
2026-01-28 17:13:24,014 INFO reaped unknown pid 49610 (exit status 0)
2026-01-28 17:13:29,040 INFO reaped unknown pid 49617 (exit status 0)
2026-01-28 17:13:34,076 INFO reaped unknown pid 49624 (exit status 0)
2026-01-28 17:13:39,151 INFO reaped unknown pid 49631 (exit status 0)
2026-01-28 17:13:44,242 INFO reaped unknown pid 49638 (exit status 0)
2026-01-28 17:13:49,313 INFO reaped unknown pid 49645 (exit status 0)
2026-01-28 17:13:54,336 INFO reaped unknown pid 49652 (exit status 0)
2026-01-28 17:13:59,410 INFO reaped unknown pid 49659 (exit status 0)
2026-01-28 17:14:03,890 INFO reaped unknown pid 49670 (exit status 0)
2026-01-28 17:14:08,919 INFO reaped unknown pid 49677 (exit status 0)
2026-01-28 17:14:14,018 INFO reaped unknown pid 49684 (exit status 0)
2026-01-28 17:14:19,044 INFO reaped unknown pid 49691 (exit status 0)
2026-01-28 17:14:24,141 INFO reaped unknown pid 49698 (exit status 0)
2026-01-28 17:14:29,229 INFO reaped unknown pid 49705 (exit status 0)
2026-01-28 17:14:34,268 INFO reaped unknown pid 49712 (exit status 0)
2026-01-28 17:14:39,295 INFO reaped unknown pid 49719 (exit status 0)
2026-01-28 17:14:44,322 INFO reaped unknown pid 49726 (exit status 0)
2026-01-28 17:14:49,325 INFO reaped unknown pid 49733 (exit status 0)
2026-01-28 17:14:54,345 INFO reaped unknown pid 49740 (exit status 0)
2026-01-28 17:14:59,370 INFO reaped unknown pid 49747 (exit status 0)
2026-01-28 17:15:04,924 INFO reaped unknown pid 49758 (exit status 0)
2026-01-28 17:15:09,930 INFO reaped unknown pid 49765 (exit status 0)
2026-01-28 17:15:14,972 INFO reaped unknown pid 49772 (exit status 0)
2026-01-28 17:29:01,723 INFO reaped unknown pid 49779 (exit status 0)
2026-01-28 17:29:06,072 INFO reaped unknown pid 49790 (exit status 0)
2026-01-28 17:29:08,759 INFO reaped unknown pid 49797 (exit status 0)
2026-01-28 17:29:14,786 INFO reaped unknown pid 49804 (exit status 0)
2026-01-28 17:29:18,905 INFO reaped unknown pid 49811 (exit status 0)
2026-01-28 17:29:23,908 INFO reaped unknown pid 49818 (exit status 0)
2026-01-28 17:29:28,997 INFO reaped unknown pid 49825 (exit status 0)
2026-01-28 17:32:49,836 INFO reaped unknown pid 49836 (exit status 0)
2026-01-28 17:32:57,136 INFO reaped unknown pid 49843 (exit status 0)
2026-01-28 17:32:59,933 INFO reaped unknown pid 49850 (exit status 0)
2026-01-28 17:33:06,415 INFO reaped unknown pid 49861 (exit status 0)
2026-01-28 17:33:10,943 INFO reaped unknown pid 49868 (exit status 0)
2026-01-28 17:33:14,015 INFO reaped unknown pid 49875 (exit status 0)
2026-01-28 17:46:01,015 INFO reaped unknown pid 49886 (exit status 0)
2026-01-28 17:46:03,790 INFO reaped unknown pid 49897 (exit status 0)
2026-01-28 17:46:09,870 INFO reaped unknown pid 49904 (exit status 0)
2026-01-28 17:46:15,329 INFO reaped unknown pid 49911 (exit status 0)
2026-01-28 17:46:19,084 INFO reaped unknown pid 49918 (exit status 0)
2026-01-28 17:58:53,055 INFO reaped unknown pid 49925 (exit status 0)
2026-01-28 17:58:55,071 INFO reaped unknown pid 49936 (exit status 0)
2026-01-28 17:59:00,080 INFO reaped unknown pid 49943 (exit status 0)
2026-01-28 17:59:03,841 INFO reaped unknown pid 49954 (exit status 0)
2026-01-28 17:59:08,879 INFO reaped unknown pid 49961 (exit status 0)
2026-01-28 17:59:13,918 INFO reaped unknown pid 49968 (exit status 0)
2026-01-28 17:59:18,993 INFO reaped unknown pid 49975 (exit status 0)
2026-01-28 17:59:24,051 INFO reaped unknown pid 49982 (exit status 0)
2026-01-28 17:59:30,127 INFO reaped unknown pid 49989 (exit status 0)
2026-01-28 17:59:34,196 INFO reaped unknown pid 49996 (exit status 0)
2026-01-28 17:59:40,237 INFO reaped unknown pid 50003 (exit status 0)
2026-01-28 17:59:44,266 INFO reaped unknown pid 50010 (exit status 0)
2026-01-28 17:59:49,632 INFO reaped unknown pid 50017 (exit status 0)
2026-01-28 18:00:08,599 INFO reaped unknown pid 50028 (exit status 0)
2026-01-28 18:00:13,678 INFO reaped unknown pid 50035 (exit status 0)
2026-01-28 18:00:18,745 INFO reaped unknown pid 50042 (exit status 0)
2026-01-28 18:00:23,823 INFO reaped unknown pid 50049 (exit status 0)
2026-01-28 18:00:28,870 INFO reaped unknown pid 50056 (exit status 0)
2026-01-28 18:00:33,978 INFO reaped unknown pid 50063 (exit status 0)
2026-01-28 18:00:39,231 INFO reaped unknown pid 50070 (exit status 0)
2026-01-28 18:00:44,148 INFO reaped unknown pid 50077 (exit status 0)
2026-01-28 18:00:49,153 INFO reaped unknown pid 50084 (exit status 0)
2026-01-28 18:00:54,203 INFO reaped unknown pid 50091 (exit status 0)
2026-01-28 18:00:59,249 INFO reaped unknown pid 50098 (exit status 0)
2026-01-28 18:01:03,988 INFO reaped unknown pid 50109 (exit status 0)
2026-01-28 18:16:31,105 INFO reaped unknown pid 50120 (exit status 0)
2026-01-28 18:16:36,172 INFO reaped unknown pid 50127 (exit status 0)
2026-01-28 18:16:41,268 INFO reaped unknown pid 50134 (exit status 0)
2026-01-28 18:16:46,379 INFO reaped unknown pid 50141 (exit status 0)
2026-01-28 18:16:53,071 INFO reaped unknown pid 50148 (exit status 0)
2026-01-28 18:17:02,971 INFO reaped unknown pid 50155 (exit status 0)
2026-01-28 18:17:06,731 INFO reaped unknown pid 50166 (exit status 0)
2026-01-28 18:17:11,785 INFO reaped unknown pid 50173 (exit status 0)
2026-01-28 18:17:16,859 INFO reaped unknown pid 50180 (exit status 0)
2026-01-28 18:17:21,878 INFO reaped unknown pid 50187 (exit status 0)
2026-01-28 18:17:26,916 INFO reaped unknown pid 50194 (exit status 0)
2026-01-28 18:17:31,951 INFO reaped unknown pid 50201 (exit status 0)
2026-01-28 18:17:37,054 INFO reaped unknown pid 50208 (exit status 0)
2026-01-28 18:17:42,084 INFO reaped unknown pid 50215 (exit status 0)
2026-01-28 18:17:47,299 INFO reaped unknown pid 50222 (exit status 0)
2026-01-28 18:17:52,166 INFO reaped unknown pid 50229 (exit status 0)
2026-01-28 18:17:57,277 INFO reaped unknown pid 50236 (exit status 0)
2026-01-28 18:20:13,476 INFO reaped unknown pid 50247 (exit status 0)
2026-01-28 18:20:16,662 INFO reaped unknown pid 50258 (exit status 0)
2026-01-28 18:20:21,701 INFO reaped unknown pid 50265 (exit status 0)
2026-01-28 18:20:26,754 INFO reaped unknown pid 50272 (exit status 0)
2026-01-28 18:20:31,818 INFO reaped unknown pid 50279 (exit status 0)
2026-01-28 18:20:36,831 INFO reaped unknown pid 50286 (exit status 0)
2026-01-28 18:26:00,605 INFO reaped unknown pid 50293 (exit status 0)
2026-01-28 18:26:05,695 INFO reaped unknown pid 50304 (exit status 0)
2026-01-28 18:26:10,724 INFO reaped unknown pid 50311 (exit status 0)
2026-01-28 18:26:13,761 INFO reaped unknown pid 50318 (exit status 0)
2026-01-28 18:26:18,874 INFO reaped unknown pid 50325 (exit status 0)
2026-01-28 18:26:23,942 INFO reaped unknown pid 50332 (exit status 0)
2026-01-28 18:26:28,952 INFO reaped unknown pid 50339 (exit status 0)
2026-01-28 18:26:33,995 INFO reaped unknown pid 50346 (exit status 0)
2026-01-28 18:26:39,086 INFO reaped unknown pid 50353 (exit status 0)
2026-01-28 18:26:44,141 INFO reaped unknown pid 50360 (exit status 0)
2026-01-28 18:26:49,201 INFO reaped unknown pid 50367 (exit status 0)
2026-01-28 18:26:54,233 INFO reaped unknown pid 50374 (exit status 0)
2026-01-28 18:26:59,257 INFO reaped unknown pid 50381 (exit status 0)
2026-01-28 18:27:03,897 INFO reaped unknown pid 50392 (exit status 0)
2026-01-28 18:27:09,015 INFO reaped unknown pid 50399 (exit status 0)
2026-01-28 18:27:14,107 INFO reaped unknown pid 50406 (exit status 0)
2026-01-28 18:27:19,200 INFO reaped unknown pid 50413 (exit status 0)
2026-01-28 18:27:24,226 INFO reaped unknown pid 50420 (exit status 0)
2026-01-28 18:27:29,239 INFO reaped unknown pid 50427 (exit status 0)
2026-01-28 18:27:34,263 INFO reaped unknown pid 50434 (exit status 0)
2026-01-28 18:27:39,370 INFO reaped unknown pid 50441 (exit status 0)
2026-01-28 18:27:44,383 INFO reaped unknown pid 50448 (exit status 0)
2026-01-28 18:27:49,472 INFO reaped unknown pid 50455 (exit status 0)
2026-01-28 18:27:54,514 INFO reaped unknown pid 50462 (exit status 0)
2026-01-28 18:27:59,545 INFO reaped unknown pid 50469 (exit status 0)
2026-01-28 18:28:03,753 INFO reaped unknown pid 50480 (exit status 0)
2026-01-28 18:28:08,816 INFO reaped unknown pid 50487 (exit status 0)
2026-01-28 18:28:13,918 INFO reaped unknown pid 50494 (exit status 0)
2026-01-28 18:28:19,004 INFO reaped unknown pid 50501 (exit status 0)
2026-01-28 18:28:24,088 INFO reaped unknown pid 50508 (exit status 0)
2026-01-28 18:28:29,151 INFO reaped unknown pid 50515 (exit status 0)
2026-01-28 18:28:34,192 INFO reaped unknown pid 50522 (exit status 0)
2026-01-28 18:28:39,218 INFO reaped unknown pid 50529 (exit status 0)
2026-01-28 18:28:44,315 INFO reaped unknown pid 50536 (exit status 0)
2026-01-28 18:28:49,384 INFO reaped unknown pid 50543 (exit status 0)
2026-01-28 18:28:54,424 INFO reaped unknown pid 50550 (exit status 0)
2026-01-28 18:28:59,503 INFO reaped unknown pid 50557 (exit status 0)
2026-01-28 18:29:03,790 INFO reaped unknown pid 50568 (exit status 0)
2026-01-28 18:29:08,834 INFO reaped unknown pid 50575 (exit status 0)
2026-01-28 18:29:13,877 INFO reaped unknown pid 50582 (exit status 0)
2026-01-28 18:29:18,918 INFO reaped unknown pid 50589 (exit status 0)
2026-01-28 18:29:24,007 INFO reaped unknown pid 50596 (exit status 0)
2026-01-28 18:29:29,071 INFO reaped unknown pid 50603 (exit status 0)
2026-01-28 18:29:34,164 INFO reaped unknown pid 50610 (exit status 0)
2026-01-28 18:29:39,262 INFO reaped unknown pid 50617 (exit status 0)
2026-01-28 18:29:44,315 INFO reaped unknown pid 50624 (exit status 0)
2026-01-28 18:29:49,424 INFO reaped unknown pid 50631 (exit status 0)
2026-01-28 18:29:54,470 INFO reaped unknown pid 50638 (exit status 0)
2026-01-28 18:29:59,531 INFO reaped unknown pid 50645 (exit status 0)
2026-01-28 18:30:03,792 INFO reaped unknown pid 50656 (exit status 0)
2026-01-28 18:30:08,857 INFO reaped unknown pid 50663 (exit status 0)
2026-01-28 18:30:13,946 INFO reaped unknown pid 50670 (exit status 0)
2026-01-28 18:30:18,993 INFO reaped unknown pid 50677 (exit status 0)
2026-01-28 18:30:24,088 INFO reaped unknown pid 50684 (exit status 0)
2026-01-28 18:30:29,098 INFO reaped unknown pid 50691 (exit status 0)
2026-01-28 18:30:34,144 INFO reaped unknown pid 50698 (exit status 0)
2026-01-28 18:30:39,207 INFO reaped unknown pid 50705 (exit status 0)
2026-01-28 18:30:44,215 INFO reaped unknown pid 50712 (exit status 0)
2026-01-28 18:30:49,241 INFO reaped unknown pid 50719 (exit status 0)
2026-01-28 18:30:54,318 INFO reaped unknown pid 50726 (exit status 0)
2026-01-28 18:30:59,385 INFO reaped unknown pid 50733 (exit status 0)
2026-01-28 18:31:03,796 INFO reaped unknown pid 50744 (exit status 0)
2026-01-28 18:31:08,878 INFO reaped unknown pid 50751 (exit status 0)
2026-01-28 18:31:14,940 INFO reaped unknown pid 50758 (exit status 0)
2026-01-28 18:31:19,008 INFO reaped unknown pid 50765 (exit status 0)
2026-01-28 18:31:24,033 INFO reaped unknown pid 50772 (exit status 0)
2026-01-28 18:31:29,091 INFO reaped unknown pid 50779 (exit status 0)
2026-01-28 18:31:34,152 INFO reaped unknown pid 50786 (exit status 0)
2026-01-28 18:31:39,246 INFO reaped unknown pid 50793 (exit status 0)
2026-01-28 18:31:44,267 INFO reaped unknown pid 50800 (exit status 0)
2026-01-28 18:31:49,342 INFO reaped unknown pid 50807 (exit status 0)
2026-01-28 18:31:54,350 INFO reaped unknown pid 50814 (exit status 0)
2026-01-28 18:31:59,522 INFO reaped unknown pid 50821 (exit status 0)
2026-01-28 18:32:03,815 INFO reaped unknown pid 50832 (exit status 0)
2026-01-28 18:32:08,835 INFO reaped unknown pid 50839 (exit status 0)
2026-01-28 18:32:13,846 INFO reaped unknown pid 50846 (exit status 0)
2026-01-28 18:32:18,930 INFO reaped unknown pid 50853 (exit status 0)
2026-01-28 18:32:24,029 INFO reaped unknown pid 50860 (exit status 0)
2026-01-28 18:32:29,071 INFO reaped unknown pid 50867 (exit status 0)
2026-01-28 18:32:34,150 INFO reaped unknown pid 50874 (exit status 0)
2026-01-28 18:32:39,213 INFO reaped unknown pid 50881 (exit status 0)
2026-01-28 18:32:44,267 INFO reaped unknown pid 50888 (exit status 0)
2026-01-28 18:32:49,276 INFO reaped unknown pid 50895 (exit status 0)
2026-01-28 18:32:54,287 INFO reaped unknown pid 50902 (exit status 0)
2026-01-28 18:32:59,315 INFO reaped unknown pid 50909 (exit status 0)
2026-01-28 18:33:03,801 INFO reaped unknown pid 50920 (exit status 0)
2026-01-28 18:33:08,900 INFO reaped unknown pid 50927 (exit status 0)
2026-01-28 18:33:13,951 INFO reaped unknown pid 50934 (exit status 0)
2026-01-28 18:33:19,014 INFO reaped unknown pid 50941 (exit status 0)
2026-01-28 18:33:24,093 INFO reaped unknown pid 50948 (exit status 0)
2026-01-28 18:33:29,151 INFO reaped unknown pid 50955 (exit status 0)
2026-01-28 18:33:34,225 INFO reaped unknown pid 50962 (exit status 0)
2026-01-28 18:33:39,319 INFO reaped unknown pid 50969 (exit status 0)
2026-01-28 18:33:44,375 INFO reaped unknown pid 50976 (exit status 0)
2026-01-28 18:33:49,431 INFO reaped unknown pid 50983 (exit status 0)
2026-01-28 18:33:54,505 INFO reaped unknown pid 50990 (exit status 0)
2026-01-28 18:33:59,599 INFO reaped unknown pid 50997 (exit status 0)
2026-01-28 18:34:03,762 INFO reaped unknown pid 51008 (exit status 0)
2026-01-28 18:34:08,823 INFO reaped unknown pid 51015 (exit status 0)
2026-01-28 18:34:13,904 INFO reaped unknown pid 51022 (exit status 0)
2026-01-28 18:34:18,977 INFO reaped unknown pid 51029 (exit status 0)
2026-01-28 18:34:24,006 INFO reaped unknown pid 51036 (exit status 0)
2026-01-28 18:34:29,091 INFO reaped unknown pid 51043 (exit status 0)
2026-01-28 18:34:34,198 INFO reaped unknown pid 51050 (exit status 0)
2026-01-28 18:34:39,292 INFO reaped unknown pid 51057 (exit status 0)
2026-01-28 18:34:44,368 INFO reaped unknown pid 51064 (exit status 0)
2026-01-28 18:34:49,407 INFO reaped unknown pid 51071 (exit status 0)
2026-01-28 18:34:54,467 INFO reaped unknown pid 51078 (exit status 0)
2026-01-28 18:34:59,523 INFO reaped unknown pid 51085 (exit status 0)
2026-01-28 18:35:03,833 INFO reaped unknown pid 51096 (exit status 0)
2026-01-28 18:35:08,885 INFO reaped unknown pid 51103 (exit status 0)
2026-01-28 18:35:13,882 INFO reaped unknown pid 51110 (exit status 0)
2026-01-28 18:35:18,894 INFO reaped unknown pid 51117 (exit status 0)
2026-01-28 18:35:23,908 INFO reaped unknown pid 51124 (exit status 0)
2026-01-28 18:35:28,948 INFO reaped unknown pid 51131 (exit status 0)
2026-01-28 18:35:33,977 INFO reaped unknown pid 51138 (exit status 0)
2026-01-28 18:35:39,022 INFO reaped unknown pid 51145 (exit status 0)
2026-01-28 18:35:44,071 INFO reaped unknown pid 51152 (exit status 0)
2026-01-28 18:35:49,139 INFO reaped unknown pid 51159 (exit status 0)
2026-01-28 18:35:54,172 INFO reaped unknown pid 51166 (exit status 0)
2026-01-28 18:35:59,231 INFO reaped unknown pid 51173 (exit status 0)
2026-01-28 18:36:03,801 INFO reaped unknown pid 51184 (exit status 0)
2026-01-28 18:36:08,892 INFO reaped unknown pid 51191 (exit status 0)
2026-01-28 18:36:14,952 INFO reaped unknown pid 51198 (exit status 0)
2026-01-28 18:36:19,008 INFO reaped unknown pid 51205 (exit status 0)
2026-01-28 18:36:24,036 INFO reaped unknown pid 51212 (exit status 0)
2026-01-28 18:36:29,116 INFO reaped unknown pid 51219 (exit status 0)
2026-01-28 18:36:34,181 INFO reaped unknown pid 51226 (exit status 0)
2026-01-28 18:36:39,244 INFO reaped unknown pid 51233 (exit status 0)
2026-01-28 18:36:44,302 INFO reaped unknown pid 51240 (exit status 0)
2026-01-28 18:36:49,371 INFO reaped unknown pid 51247 (exit status 0)
2026-01-28 18:36:54,399 INFO reaped unknown pid 51254 (exit status 0)
2026-01-28 18:36:59,471 INFO reaped unknown pid 51261 (exit status 0)
2026-01-28 18:37:03,839 INFO reaped unknown pid 51272 (exit status 0)
2026-01-28 18:37:08,840 INFO reaped unknown pid 51279 (exit status 0)
2026-01-28 18:37:13,930 INFO reaped unknown pid 51286 (exit status 0)
2026-01-28 18:37:18,985 INFO reaped unknown pid 51293 (exit status 0)
2026-01-28 18:37:24,056 INFO reaped unknown pid 51300 (exit status 0)
2026-01-28 18:37:29,089 INFO reaped unknown pid 51307 (exit status 0)
2026-01-28 18:37:34,127 INFO reaped unknown pid 51314 (exit status 0)
2026-01-28 18:37:39,156 INFO reaped unknown pid 51321 (exit status 0)
2026-01-28 18:37:44,179 INFO reaped unknown pid 51328 (exit status 0)
2026-01-28 18:37:49,241 INFO reaped unknown pid 51335 (exit status 0)
2026-01-28 18:37:54,277 INFO reaped unknown pid 51342 (exit status 0)
2026-01-28 18:37:59,354 INFO reaped unknown pid 51349 (exit status 0)
2026-01-28 18:38:03,839 INFO reaped unknown pid 51360 (exit status 0)
2026-01-28 18:38:08,942 INFO reaped unknown pid 51367 (exit status 0)
2026-01-28 18:38:13,987 INFO reaped unknown pid 51374 (exit status 0)
2026-01-28 18:38:18,989 INFO reaped unknown pid 51381 (exit status 0)
2026-01-28 18:38:24,005 INFO reaped unknown pid 51388 (exit status 0)
2026-01-28 18:38:29,079 INFO reaped unknown pid 51395 (exit status 0)
2026-01-28 18:38:34,178 INFO reaped unknown pid 51402 (exit status 0)
2026-01-28 18:38:39,213 INFO reaped unknown pid 51409 (exit status 0)
2026-01-28 18:38:44,244 INFO reaped unknown pid 51416 (exit status 0)
2026-01-28 18:38:49,309 INFO reaped unknown pid 51423 (exit status 0)
2026-01-28 18:38:54,367 INFO reaped unknown pid 51430 (exit status 0)
2026-01-28 18:38:59,472 INFO reaped unknown pid 51437 (exit status 0)
2026-01-28 18:39:03,726 INFO reaped unknown pid 51448 (exit status 0)
2026-01-28 18:39:08,731 INFO reaped unknown pid 51455 (exit status 0)
2026-01-28 18:39:13,794 INFO reaped unknown pid 51462 (exit status 0)
2026-01-28 18:39:18,848 INFO reaped unknown pid 51469 (exit status 0)
2026-01-28 18:39:23,870 INFO reaped unknown pid 51476 (exit status 0)
2026-01-28 18:39:28,951 INFO reaped unknown pid 51483 (exit status 0)
2026-01-28 18:39:33,997 INFO reaped unknown pid 51490 (exit status 0)
2026-01-28 18:39:39,086 INFO reaped unknown pid 51497 (exit status 0)
2026-01-28 18:39:44,116 INFO reaped unknown pid 51504 (exit status 0)
2026-01-28 18:39:49,193 INFO reaped unknown pid 51511 (exit status 0)
2026-01-28 18:39:54,274 INFO reaped unknown pid 51518 (exit status 0)
2026-01-28 18:39:59,351 INFO reaped unknown pid 51525 (exit status 0)
2026-01-28 18:40:03,729 INFO reaped unknown pid 51536 (exit status 0)
2026-01-28 18:40:08,751 INFO reaped unknown pid 51543 (exit status 0)
2026-01-28 18:40:13,833 INFO reaped unknown pid 51550 (exit status 0)
2026-01-28 18:40:18,833 INFO reaped unknown pid 51557 (exit status 0)
2026-01-28 18:40:23,903 INFO reaped unknown pid 51564 (exit status 0)
2026-01-28 18:40:28,915 INFO reaped unknown pid 51571 (exit status 0)
2026-01-28 18:40:33,988 INFO reaped unknown pid 51578 (exit status 0)
2026-01-28 18:40:39,090 INFO reaped unknown pid 51585 (exit status 0)
2026-01-28 18:40:44,143 INFO reaped unknown pid 51592 (exit status 0)
2026-01-28 18:40:49,198 INFO reaped unknown pid 51599 (exit status 0)
2026-01-28 18:40:54,266 INFO reaped unknown pid 51606 (exit status 0)
2026-01-28 18:40:59,272 INFO reaped unknown pid 51613 (exit status 0)
2026-01-28 18:41:03,805 INFO reaped unknown pid 51624 (exit status 0)
2026-01-28 18:41:08,905 INFO reaped unknown pid 51631 (exit status 0)
2026-01-28 18:41:13,973 INFO reaped unknown pid 51638 (exit status 0)
2026-01-28 18:41:19,044 INFO reaped unknown pid 51645 (exit status 0)
2026-01-28 18:41:24,068 INFO reaped unknown pid 51652 (exit status 0)
2026-01-28 18:41:29,087 INFO reaped unknown pid 51659 (exit status 0)
2026-01-28 18:41:34,097 INFO reaped unknown pid 51666 (exit status 0)
2026-01-28 18:41:39,196 INFO reaped unknown pid 51673 (exit status 0)
2026-01-28 18:41:44,219 INFO reaped unknown pid 51680 (exit status 0)
2026-01-28 18:41:49,290 INFO reaped unknown pid 51687 (exit status 0)
2026-01-28 18:41:54,309 INFO reaped unknown pid 51694 (exit status 0)
2026-01-28 18:41:59,393 INFO reaped unknown pid 51701 (exit status 0)
2026-01-28 18:42:03,760 INFO reaped unknown pid 51712 (exit status 0)
2026-01-28 18:42:08,850 INFO reaped unknown pid 51719 (exit status 0)
2026-01-28 18:42:13,898 INFO reaped unknown pid 51726 (exit status 0)
2026-01-28 18:42:18,949 INFO reaped unknown pid 51733 (exit status 0)
2026-01-28 18:42:24,031 INFO reaped unknown pid 51740 (exit status 0)
2026-01-28 18:42:29,117 INFO reaped unknown pid 51747 (exit status 0)
2026-01-28 18:42:34,141 INFO reaped unknown pid 51754 (exit status 0)
2026-01-28 18:42:39,246 INFO reaped unknown pid 51761 (exit status 0)
2026-01-28 18:42:44,250 INFO reaped unknown pid 51768 (exit status 0)
2026-01-28 18:42:49,257 INFO reaped unknown pid 51775 (exit status 0)
2026-01-28 18:42:54,319 INFO reaped unknown pid 51782 (exit status 0)
2026-01-28 18:42:59,380 INFO reaped unknown pid 51789 (exit status 0)
2026-01-28 18:43:03,816 INFO reaped unknown pid 51800 (exit status 0)
2026-01-28 18:43:08,913 INFO reaped unknown pid 51807 (exit status 0)
2026-01-28 18:43:13,943 INFO reaped unknown pid 51814 (exit status 0)
2026-01-28 18:43:18,956 INFO reaped unknown pid 51821 (exit status 0)
2026-01-28 18:43:24,030 INFO reaped unknown pid 51828 (exit status 0)
2026-01-28 18:43:29,114 INFO reaped unknown pid 51835 (exit status 0)
2026-01-28 18:43:34,140 INFO reaped unknown pid 51842 (exit status 0)
2026-01-28 18:43:39,199 INFO reaped unknown pid 51849 (exit status 0)
2026-01-28 18:43:44,293 INFO reaped unknown pid 51856 (exit status 0)
2026-01-28 18:43:49,312 INFO reaped unknown pid 51863 (exit status 0)
2026-01-28 18:43:54,420 INFO reaped unknown pid 51870 (exit status 0)
2026-01-28 18:43:59,502 INFO reaped unknown pid 51877 (exit status 0)
2026-01-28 18:44:03,829 INFO reaped unknown pid 51888 (exit status 0)
2026-01-28 18:44:08,928 INFO reaped unknown pid 51895 (exit status 0)
2026-01-28 18:44:13,917 INFO reaped unknown pid 51902 (exit status 0)
2026-01-28 18:44:18,986 INFO reaped unknown pid 51909 (exit status 0)
2026-01-28 18:44:23,994 INFO reaped unknown pid 51916 (exit status 0)
2026-01-28 18:44:29,047 INFO reaped unknown pid 51923 (exit status 0)
2026-01-28 18:44:34,088 INFO reaped unknown pid 51930 (exit status 0)
2026-01-28 18:44:39,175 INFO reaped unknown pid 51937 (exit status 0)
2026-01-28 18:44:44,223 INFO reaped unknown pid 51944 (exit status 0)
2026-01-28 18:44:49,325 INFO reaped unknown pid 51951 (exit status 0)
2026-01-28 18:44:54,427 INFO reaped unknown pid 51958 (exit status 0)
2026-01-28 18:44:59,519 INFO reaped unknown pid 51965 (exit status 0)
2026-01-28 18:45:03,783 INFO reaped unknown pid 51976 (exit status 0)
2026-01-28 18:45:08,869 INFO reaped unknown pid 51983 (exit status 0)
2026-01-28 18:45:13,916 INFO reaped unknown pid 51990 (exit status 0)
2026-01-28 18:45:18,987 INFO reaped unknown pid 51997 (exit status 0)
2026-01-28 18:45:24,009 INFO reaped unknown pid 52004 (exit status 0)
2026-01-28 18:45:29,012 INFO reaped unknown pid 52011 (exit status 0)
2026-01-28 18:45:34,080 INFO reaped unknown pid 52018 (exit status 0)
2026-01-28 18:45:39,162 INFO reaped unknown pid 52025 (exit status 0)
2026-01-28 18:45:44,249 INFO reaped unknown pid 52032 (exit status 0)
2026-01-28 18:45:49,351 INFO reaped unknown pid 52039 (exit status 0)
2026-01-28 18:45:54,450 INFO reaped unknown pid 52046 (exit status 0)
2026-01-28 18:45:59,471 INFO reaped unknown pid 52053 (exit status 0)
2026-01-28 18:46:03,793 INFO reaped unknown pid 52064 (exit status 0)
2026-01-28 18:46:08,896 INFO reaped unknown pid 52071 (exit status 0)
2026-01-28 18:46:13,914 INFO reaped unknown pid 52078 (exit status 0)
2026-01-28 18:46:20,002 INFO reaped unknown pid 52085 (exit status 0)
2026-01-28 18:46:24,031 INFO reaped unknown pid 52092 (exit status 0)
2026-01-28 18:46:29,225 INFO reaped unknown pid 52099 (exit status 0)
2026-01-28 18:46:34,175 INFO reaped unknown pid 52106 (exit status 0)
2026-01-28 18:46:39,171 INFO reaped unknown pid 52113 (exit status 0)
2026-01-28 18:46:44,227 INFO reaped unknown pid 52120 (exit status 0)
2026-01-28 18:46:49,309 INFO reaped unknown pid 52127 (exit status 0)
2026-01-28 18:46:54,319 INFO reaped unknown pid 52134 (exit status 0)
2026-01-28 18:46:59,331 INFO reaped unknown pid 52141 (exit status 0)
2026-01-28 18:47:03,851 INFO reaped unknown pid 52152 (exit status 0)
2026-01-28 18:47:08,952 INFO reaped unknown pid 52159 (exit status 0)
2026-01-28 18:47:14,037 INFO reaped unknown pid 52166 (exit status 0)
2026-01-28 18:47:19,108 INFO reaped unknown pid 52173 (exit status 0)
2026-01-28 18:47:24,130 INFO reaped unknown pid 52180 (exit status 0)
2026-01-28 18:47:29,192 INFO reaped unknown pid 52187 (exit status 0)
2026-01-28 18:47:34,274 INFO reaped unknown pid 52194 (exit status 0)
2026-01-28 18:47:39,293 INFO reaped unknown pid 52201 (exit status 0)
2026-01-28 18:47:44,373 INFO reaped unknown pid 52208 (exit status 0)
2026-01-28 18:47:49,404 INFO reaped unknown pid 52215 (exit status 0)
2026-01-28 18:47:54,412 INFO reaped unknown pid 52222 (exit status 0)
2026-01-28 18:47:59,465 INFO reaped unknown pid 52229 (exit status 0)
2026-01-28 18:48:03,795 INFO reaped unknown pid 52240 (exit status 0)
2026-01-28 18:48:08,790 INFO reaped unknown pid 52247 (exit status 0)
2026-01-28 18:48:13,861 INFO reaped unknown pid 52254 (exit status 0)
2026-01-28 18:48:18,943 INFO reaped unknown pid 52261 (exit status 0)
2026-01-28 18:48:24,031 INFO reaped unknown pid 52268 (exit status 0)
2026-01-28 18:48:29,088 INFO reaped unknown pid 52275 (exit status 0)
2026-01-28 18:48:34,147 INFO reaped unknown pid 52282 (exit status 0)
2026-01-28 18:48:39,239 INFO reaped unknown pid 52289 (exit status 0)
2026-01-28 18:48:44,263 INFO reaped unknown pid 52296 (exit status 0)
2026-01-28 18:48:49,297 INFO reaped unknown pid 52303 (exit status 0)
2026-01-28 18:48:54,403 INFO reaped unknown pid 52310 (exit status 0)
2026-01-28 18:48:59,482 INFO reaped unknown pid 52317 (exit status 0)
2026-01-28 18:49:03,797 INFO reaped unknown pid 52328 (exit status 0)
2026-01-28 18:49:08,859 INFO reaped unknown pid 52335 (exit status 0)
2026-01-28 18:49:13,871 INFO reaped unknown pid 52342 (exit status 0)
2026-01-28 18:49:18,932 INFO reaped unknown pid 52349 (exit status 0)
2026-01-28 18:49:24,039 INFO reaped unknown pid 52356 (exit status 0)
2026-01-28 18:49:29,124 INFO reaped unknown pid 52363 (exit status 0)
2026-01-28 18:49:34,126 INFO reaped unknown pid 52370 (exit status 0)
2026-01-28 18:49:39,183 INFO reaped unknown pid 52377 (exit status 0)
2026-01-28 18:49:44,257 INFO reaped unknown pid 52384 (exit status 0)
2026-01-28 18:49:49,340 INFO reaped unknown pid 52391 (exit status 0)
2026-01-28 18:49:54,354 INFO reaped unknown pid 52398 (exit status 0)
2026-01-28 18:49:59,429 INFO reaped unknown pid 52405 (exit status 0)
2026-01-28 18:50:03,733 INFO reaped unknown pid 52416 (exit status 0)
2026-01-28 18:50:08,747 INFO reaped unknown pid 52423 (exit status 0)
2026-01-28 18:50:13,743 INFO reaped unknown pid 52430 (exit status 0)
2026-01-28 18:50:18,838 INFO reaped unknown pid 52437 (exit status 0)
2026-01-28 18:50:23,941 INFO reaped unknown pid 52444 (exit status 0)
2026-01-28 18:50:29,035 INFO reaped unknown pid 52451 (exit status 0)
2026-01-28 18:50:34,116 INFO reaped unknown pid 52458 (exit status 0)
2026-01-28 18:50:39,134 INFO reaped unknown pid 52465 (exit status 0)
2026-01-28 18:50:44,214 INFO reaped unknown pid 52472 (exit status 0)
2026-01-28 18:50:49,255 INFO reaped unknown pid 52479 (exit status 0)
2026-01-28 18:50:54,260 INFO reaped unknown pid 52486 (exit status 0)
2026-01-28 18:50:59,302 INFO reaped unknown pid 52493 (exit status 0)
2026-01-28 18:51:03,819 INFO reaped unknown pid 52504 (exit status 0)
2026-01-28 18:51:08,851 INFO reaped unknown pid 52511 (exit status 0)
2026-01-28 18:51:13,849 INFO reaped unknown pid 52518 (exit status 0)
2026-01-28 18:51:19,908 INFO reaped unknown pid 52525 (exit status 0)
2026-01-28 18:51:23,967 INFO reaped unknown pid 52532 (exit status 0)
2026-01-28 18:51:29,075 INFO reaped unknown pid 52539 (exit status 0)
2026-01-28 18:51:34,145 INFO reaped unknown pid 52546 (exit status 0)
2026-01-28 18:51:39,203 INFO reaped unknown pid 52553 (exit status 0)
2026-01-28 18:51:44,222 INFO reaped unknown pid 52560 (exit status 0)
2026-01-28 18:51:49,321 INFO reaped unknown pid 52567 (exit status 0)
2026-01-28 18:51:54,427 INFO reaped unknown pid 52574 (exit status 0)
2026-01-28 18:51:59,481 INFO reaped unknown pid 52581 (exit status 0)
2026-01-28 18:52:03,773 INFO reaped unknown pid 52592 (exit status 0)
2026-01-28 18:52:08,849 INFO reaped unknown pid 52599 (exit status 0)
2026-01-28 18:52:13,860 INFO reaped unknown pid 52606 (exit status 0)
2026-01-28 18:52:18,905 INFO reaped unknown pid 52613 (exit status 0)
2026-01-28 18:52:23,914 INFO reaped unknown pid 52620 (exit status 0)
2026-01-28 18:52:28,953 INFO reaped unknown pid 52627 (exit status 0)
2026-01-28 18:52:33,983 INFO reaped unknown pid 52634 (exit status 0)
2026-01-28 18:52:39,036 INFO reaped unknown pid 52641 (exit status 0)
2026-01-28 18:52:44,147 INFO reaped unknown pid 52648 (exit status 0)
2026-01-28 18:52:49,156 INFO reaped unknown pid 52655 (exit status 0)
2026-01-28 18:52:54,220 INFO reaped unknown pid 52662 (exit status 0)
2026-01-28 18:52:59,310 INFO reaped unknown pid 52669 (exit status 0)
2026-01-28 18:53:03,769 INFO reaped unknown pid 52680 (exit status 0)
2026-01-28 18:53:08,856 INFO reaped unknown pid 52687 (exit status 0)
2026-01-28 18:53:13,934 INFO reaped unknown pid 52694 (exit status 0)
2026-01-28 18:53:19,012 INFO reaped unknown pid 52701 (exit status 0)
2026-01-28 18:53:24,092 INFO reaped unknown pid 52708 (exit status 0)
2026-01-28 18:53:29,103 INFO reaped unknown pid 52715 (exit status 0)
2026-01-28 18:53:34,199 INFO reaped unknown pid 52722 (exit status 0)
2026-01-28 18:53:39,296 INFO reaped unknown pid 52729 (exit status 0)
2026-01-28 18:53:44,317 INFO reaped unknown pid 52736 (exit status 0)
2026-01-28 18:53:49,319 INFO reaped unknown pid 52743 (exit status 0)
2026-01-28 18:53:54,378 INFO reaped unknown pid 52750 (exit status 0)
2026-01-28 18:53:59,489 INFO reaped unknown pid 52757 (exit status 0)
2026-01-28 18:54:03,811 INFO reaped unknown pid 52768 (exit status 0)
2026-01-28 18:54:08,889 INFO reaped unknown pid 52775 (exit status 0)
2026-01-28 18:54:13,978 INFO reaped unknown pid 52782 (exit status 0)
2026-01-28 18:54:19,000 INFO reaped unknown pid 52789 (exit status 0)
2026-01-28 18:54:24,088 INFO reaped unknown pid 52796 (exit status 0)
2026-01-28 18:54:29,172 INFO reaped unknown pid 52803 (exit status 0)
2026-01-28 18:54:34,266 INFO reaped unknown pid 52810 (exit status 0)
2026-01-28 18:54:39,368 INFO reaped unknown pid 52817 (exit status 0)
2026-01-28 18:54:44,368 INFO reaped unknown pid 52824 (exit status 0)
2026-01-28 18:54:49,373 INFO reaped unknown pid 52831 (exit status 0)
2026-01-28 18:54:54,393 INFO reaped unknown pid 52838 (exit status 0)
2026-01-28 18:54:59,442 INFO reaped unknown pid 52845 (exit status 0)
2026-01-28 18:55:03,812 INFO reaped unknown pid 52856 (exit status 0)
2026-01-28 18:55:08,806 INFO reaped unknown pid 52863 (exit status 0)
2026-01-28 18:55:13,913 INFO reaped unknown pid 52870 (exit status 0)
2026-01-28 18:55:18,927 INFO reaped unknown pid 52877 (exit status 0)
2026-01-28 18:55:23,990 INFO reaped unknown pid 52884 (exit status 0)
2026-01-28 18:55:29,071 INFO reaped unknown pid 52891 (exit status 0)
2026-01-28 18:55:34,159 INFO reaped unknown pid 52898 (exit status 0)
2026-01-28 18:55:39,256 INFO reaped unknown pid 52905 (exit status 0)
2026-01-28 18:55:44,320 INFO reaped unknown pid 52912 (exit status 0)
2026-01-28 18:55:49,376 INFO reaped unknown pid 52919 (exit status 0)
2026-01-28 18:55:54,470 INFO reaped unknown pid 52926 (exit status 0)
2026-01-28 18:55:59,499 INFO reaped unknown pid 52933 (exit status 0)
2026-01-28 18:56:03,879 INFO reaped unknown pid 52944 (exit status 0)
2026-01-28 18:56:08,934 INFO reaped unknown pid 52951 (exit status 0)
2026-01-28 18:56:13,963 INFO reaped unknown pid 52958 (exit status 0)
2026-01-28 18:56:20,015 INFO reaped unknown pid 52965 (exit status 0)
2026-01-28 18:56:24,072 INFO reaped unknown pid 52972 (exit status 0)
2026-01-28 18:56:29,085 INFO reaped unknown pid 52979 (exit status 0)
2026-01-28 18:56:35,215 INFO reaped unknown pid 52986 (exit status 0)
2026-01-28 18:56:39,262 INFO reaped unknown pid 52993 (exit status 0)
2026-01-28 18:56:48,417 INFO reaped unknown pid 53000 (exit status 0)
2026-01-28 18:56:51,340 INFO reaped unknown pid 53007 (exit status 0)
2026-01-28 18:57:00,075 INFO reaped unknown pid 53014 (exit status 0)
2026-01-28 18:57:26,234 INFO reaped unknown pid 53025 (exit status 0)
2026-01-28 18:57:31,242 INFO reaped unknown pid 53032 (exit status 0)
2026-01-28 18:57:36,326 INFO reaped unknown pid 53039 (exit status 0)
2026-01-28 18:57:41,435 INFO reaped unknown pid 53046 (exit status 0)
2026-01-28 18:57:46,513 INFO reaped unknown pid 53053 (exit status 0)
2026-01-28 18:57:51,530 INFO reaped unknown pid 53060 (exit status 0)
2026-01-28 18:57:56,694 INFO reaped unknown pid 53067 (exit status 0)
2026-01-28 18:58:01,014 INFO reaped unknown pid 53074 (exit status 0)
2026-01-28 18:58:03,695 INFO reaped unknown pid 53085 (exit status 0)
2026-01-28 18:58:08,925 INFO reaped unknown pid 53092 (exit status 0)
2026-01-28 18:58:13,780 INFO reaped unknown pid 53099 (exit status 0)
2026-01-28 18:58:18,847 INFO reaped unknown pid 53106 (exit status 0)
2026-01-28 18:58:23,918 INFO reaped unknown pid 53113 (exit status 0)
2026-01-28 18:58:29,016 INFO reaped unknown pid 53120 (exit status 0)
2026-01-28 18:58:34,074 INFO reaped unknown pid 53127 (exit status 0)
2026-01-28 18:58:39,127 INFO reaped unknown pid 53134 (exit status 0)
2026-01-28 18:58:44,153 INFO reaped unknown pid 53141 (exit status 0)
2026-01-28 18:58:49,225 INFO reaped unknown pid 53148 (exit status 0)
2026-01-28 18:58:54,283 INFO reaped unknown pid 53155 (exit status 0)
2026-01-28 18:58:59,359 INFO reaped unknown pid 53162 (exit status 0)
2026-01-28 18:59:03,775 INFO reaped unknown pid 53173 (exit status 0)
2026-01-28 18:59:08,947 INFO reaped unknown pid 53180 (exit status 0)
2026-01-28 18:59:13,904 INFO reaped unknown pid 53187 (exit status 0)
2026-01-28 18:59:18,998 INFO reaped unknown pid 53194 (exit status 0)
2026-01-28 18:59:24,063 INFO reaped unknown pid 53201 (exit status 0)
2026-01-28 18:59:29,111 INFO reaped unknown pid 53208 (exit status 0)
2026-01-28 18:59:34,158 INFO reaped unknown pid 53215 (exit status 0)
2026-01-28 18:59:39,224 INFO reaped unknown pid 53222 (exit status 0)
2026-01-28 18:59:44,265 INFO reaped unknown pid 53229 (exit status 0)
2026-01-28 18:59:49,295 INFO reaped unknown pid 53236 (exit status 0)
2026-01-28 18:59:54,361 INFO reaped unknown pid 53243 (exit status 0)
2026-01-28 18:59:59,390 INFO reaped unknown pid 53250 (exit status 0)
2026-01-28 19:00:03,899 INFO reaped unknown pid 53261 (exit status 0)
2026-01-28 19:00:08,925 INFO reaped unknown pid 53268 (exit status 0)
2026-01-28 19:00:15,005 INFO reaped unknown pid 53275 (exit status 0)
2026-01-28 19:00:19,064 INFO reaped unknown pid 53282 (exit status 0)
2026-01-28 19:00:25,082 INFO reaped unknown pid 53289 (exit status 0)
2026-01-28 19:00:29,142 INFO reaped unknown pid 53296 (exit status 0)
2026-01-28 19:00:35,187 INFO reaped unknown pid 53303 (exit status 0)
2026-01-28 19:00:39,235 INFO reaped unknown pid 53310 (exit status 0)
2026-01-28 19:00:44,275 INFO reaped unknown pid 53317 (exit status 0)
2026-01-28 19:00:49,340 INFO reaped unknown pid 53324 (exit status 0)
2026-01-28 19:00:54,398 INFO reaped unknown pid 53331 (exit status 0)
2026-01-28 19:00:59,424 INFO reaped unknown pid 53338 (exit status 0)
2026-01-28 19:01:03,936 INFO reaped unknown pid 53349 (exit status 0)
2026-01-28 19:01:08,965 INFO reaped unknown pid 53356 (exit status 0)
2026-01-28 19:01:14,066 INFO reaped unknown pid 53363 (exit status 0)
2026-01-28 19:01:19,139 INFO reaped unknown pid 53370 (exit status 0)
2026-01-28 19:01:24,211 INFO reaped unknown pid 53377 (exit status 0)
2026-01-28 19:01:29,229 INFO reaped unknown pid 53384 (exit status 0)
2026-01-28 19:01:35,264 INFO reaped unknown pid 53391 (exit status 0)
2026-01-28 19:01:39,298 INFO reaped unknown pid 53398 (exit status 0)
2026-01-28 19:01:46,364 INFO reaped unknown pid 53405 (exit status 0)
2026-01-28 19:01:49,415 INFO reaped unknown pid 53412 (exit status 0)
2026-01-28 19:01:54,491 INFO reaped unknown pid 53419 (exit status 0)
2026-01-28 19:01:59,563 INFO reaped unknown pid 53426 (exit status 0)
2026-01-28 19:02:03,863 INFO reaped unknown pid 53437 (exit status 0)
2026-01-28 19:02:08,858 INFO reaped unknown pid 53444 (exit status 0)
2026-01-28 19:02:13,909 INFO reaped unknown pid 53451 (exit status 0)
2026-01-28 19:02:18,950 INFO reaped unknown pid 53458 (exit status 0)
2026-01-28 19:02:23,980 INFO reaped unknown pid 53465 (exit status 0)
2026-01-28 19:02:29,073 INFO reaped unknown pid 53472 (exit status 0)
2026-01-28 19:02:34,103 INFO reaped unknown pid 53479 (exit status 0)
2026-01-28 19:02:39,146 INFO reaped unknown pid 53486 (exit status 0)
2026-01-28 19:02:44,227 INFO reaped unknown pid 53493 (exit status 0)
2026-01-28 19:02:49,269 INFO reaped unknown pid 53500 (exit status 0)
2026-01-28 19:02:54,313 INFO reaped unknown pid 53507 (exit status 0)
2026-01-28 19:02:59,346 INFO reaped unknown pid 53514 (exit status 0)
2026-01-28 19:03:04,072 INFO reaped unknown pid 53525 (exit status 0)
2026-01-28 19:03:09,009 INFO reaped unknown pid 53532 (exit status 0)
2026-01-28 19:03:14,032 INFO reaped unknown pid 53539 (exit status 0)
2026-01-28 19:03:19,101 INFO reaped unknown pid 53546 (exit status 0)
2026-01-28 19:03:24,175 INFO reaped unknown pid 53553 (exit status 0)
2026-01-28 19:03:29,224 INFO reaped unknown pid 53560 (exit status 0)
2026-01-28 19:03:34,344 INFO reaped unknown pid 53567 (exit status 0)
2026-01-28 19:03:39,325 INFO reaped unknown pid 53574 (exit status 0)
2026-01-28 19:03:44,377 INFO reaped unknown pid 53581 (exit status 0)
2026-01-28 19:03:49,428 INFO reaped unknown pid 53588 (exit status 0)
2026-01-28 19:03:54,461 INFO reaped unknown pid 53595 (exit status 0)
2026-01-28 19:03:59,522 INFO reaped unknown pid 53602 (exit status 0)
2026-01-28 19:04:03,912 INFO reaped unknown pid 53613 (exit status 0)
2026-01-28 19:04:08,988 INFO reaped unknown pid 53620 (exit status 0)
2026-01-28 19:04:14,053 INFO reaped unknown pid 53627 (exit status 0)
2026-01-28 19:04:19,145 INFO reaped unknown pid 53634 (exit status 0)
2026-01-28 19:04:24,212 INFO reaped unknown pid 53641 (exit status 0)
2026-01-28 19:04:29,300 INFO reaped unknown pid 53648 (exit status 0)
2026-01-28 19:04:34,327 INFO reaped unknown pid 53655 (exit status 0)
2026-01-28 19:04:39,400 INFO reaped unknown pid 53662 (exit status 0)
2026-01-28 19:04:44,466 INFO reaped unknown pid 53669 (exit status 0)
2026-01-28 19:04:49,563 INFO reaped unknown pid 53676 (exit status 0)
2026-01-28 19:04:54,620 INFO reaped unknown pid 53683 (exit status 0)
2026-01-28 19:04:59,687 INFO reaped unknown pid 53690 (exit status 0)
2026-01-28 19:05:03,906 INFO reaped unknown pid 53701 (exit status 0)
2026-01-28 19:05:08,972 INFO reaped unknown pid 53708 (exit status 0)
2026-01-28 19:05:14,031 INFO reaped unknown pid 53715 (exit status 0)
2026-01-28 19:05:19,048 INFO reaped unknown pid 53722 (exit status 0)
2026-01-28 19:05:24,048 INFO reaped unknown pid 53729 (exit status 0)
2026-01-28 19:05:29,119 INFO reaped unknown pid 53736 (exit status 0)
2026-01-28 19:05:34,178 INFO reaped unknown pid 53743 (exit status 0)
2026-01-28 19:05:39,269 INFO reaped unknown pid 53750 (exit status 0)
2026-01-28 19:05:44,350 INFO reaped unknown pid 53757 (exit status 0)
2026-01-28 19:05:49,364 INFO reaped unknown pid 53764 (exit status 0)
2026-01-28 19:05:55,392 INFO reaped unknown pid 53771 (exit status 0)
2026-01-28 19:05:59,389 INFO reaped unknown pid 53778 (exit status 0)
2026-01-28 19:06:03,972 INFO reaped unknown pid 53789 (exit status 0)
2026-01-28 19:06:08,974 INFO reaped unknown pid 53796 (exit status 0)
2026-01-28 19:06:14,047 INFO reaped unknown pid 53803 (exit status 0)
2026-01-28 19:06:19,076 INFO reaped unknown pid 53810 (exit status 0)
2026-01-28 19:06:24,147 INFO reaped unknown pid 53817 (exit status 0)
2026-01-28 19:06:29,214 INFO reaped unknown pid 53824 (exit status 0)
2026-01-28 19:06:34,286 INFO reaped unknown pid 53831 (exit status 0)
2026-01-28 19:06:39,367 INFO reaped unknown pid 53838 (exit status 0)
2026-01-28 19:06:45,430 INFO reaped unknown pid 53845 (exit status 0)
2026-01-28 19:06:49,485 INFO reaped unknown pid 53852 (exit status 0)
2026-01-28 19:06:54,525 INFO reaped unknown pid 53859 (exit status 0)
2026-01-28 19:06:59,548 INFO reaped unknown pid 53866 (exit status 0)
2026-01-28 19:07:03,855 INFO reaped unknown pid 53877 (exit status 0)
2026-01-28 19:07:08,930 INFO reaped unknown pid 53884 (exit status 0)
2026-01-28 19:07:13,977 INFO reaped unknown pid 53891 (exit status 0)
2026-01-28 19:07:19,032 INFO reaped unknown pid 53898 (exit status 0)
2026-01-28 19:07:24,104 INFO reaped unknown pid 53905 (exit status 0)
2026-01-28 19:07:29,191 INFO reaped unknown pid 53912 (exit status 0)
2026-01-28 19:07:34,333 INFO reaped unknown pid 53919 (exit status 0)
2026-01-28 19:07:39,276 INFO reaped unknown pid 53926 (exit status 0)
2026-01-28 19:07:45,349 INFO reaped unknown pid 53933 (exit status 0)
2026-01-28 19:07:49,402 INFO reaped unknown pid 53940 (exit status 0)
2026-01-28 19:07:54,434 INFO reaped unknown pid 53947 (exit status 0)
2026-01-28 19:07:59,507 INFO reaped unknown pid 53954 (exit status 0)
2026-01-28 19:08:03,936 INFO reaped unknown pid 53965 (exit status 0)
2026-01-28 19:08:09,031 INFO reaped unknown pid 53972 (exit status 0)
2026-01-28 19:08:14,056 INFO reaped unknown pid 53979 (exit status 0)
2026-01-28 19:08:19,060 INFO reaped unknown pid 53986 (exit status 0)
2026-01-28 19:08:24,100 INFO reaped unknown pid 53993 (exit status 0)
2026-01-28 19:08:29,165 INFO reaped unknown pid 54000 (exit status 0)
2026-01-28 19:08:34,253 INFO reaped unknown pid 54007 (exit status 0)
2026-01-28 19:08:39,328 INFO reaped unknown pid 54014 (exit status 0)
2026-01-28 19:08:44,388 INFO reaped unknown pid 54021 (exit status 0)
2026-01-28 19:08:49,483 INFO reaped unknown pid 54028 (exit status 0)
2026-01-28 19:08:55,540 INFO reaped unknown pid 54035 (exit status 0)
2026-01-28 19:08:59,642 INFO reaped unknown pid 54042 (exit status 0)
2026-01-28 19:09:04,983 INFO reaped unknown pid 54053 (exit status 0)
2026-01-28 19:09:09,049 INFO reaped unknown pid 54060 (exit status 0)
2026-01-28 19:09:15,111 INFO reaped unknown pid 54067 (exit status 0)
2026-01-28 19:09:19,144 INFO reaped unknown pid 54074 (exit status 0)
2026-01-28 19:09:24,190 INFO reaped unknown pid 54081 (exit status 0)
2026-01-28 19:09:29,221 INFO reaped unknown pid 54088 (exit status 0)
2026-01-28 19:09:34,312 INFO reaped unknown pid 54095 (exit status 0)
2026-01-28 19:09:39,362 INFO reaped unknown pid 54102 (exit status 0)
2026-01-28 19:09:44,438 INFO reaped unknown pid 54109 (exit status 0)
2026-01-28 19:09:49,522 INFO reaped unknown pid 54116 (exit status 0)
2026-01-28 19:09:54,576 INFO reaped unknown pid 54123 (exit status 0)
2026-01-28 19:09:59,620 INFO reaped unknown pid 54130 (exit status 0)
2026-01-28 19:10:04,871 INFO reaped unknown pid 54141 (exit status 0)
2026-01-28 19:10:08,945 INFO reaped unknown pid 54148 (exit status 0)
2026-01-28 19:10:15,015 INFO reaped unknown pid 54155 (exit status 0)
2026-01-28 19:10:19,079 INFO reaped unknown pid 54162 (exit status 0)
2026-01-28 19:10:24,117 INFO reaped unknown pid 54169 (exit status 0)
2026-01-28 19:10:29,208 INFO reaped unknown pid 54176 (exit status 0)
2026-01-28 19:10:34,276 INFO reaped unknown pid 54183 (exit status 0)
2026-01-28 19:10:39,333 INFO reaped unknown pid 54190 (exit status 0)
2026-01-28 19:10:44,422 INFO reaped unknown pid 54197 (exit status 0)
2026-01-28 19:10:49,414 INFO reaped unknown pid 54204 (exit status 0)
2026-01-28 19:10:54,495 INFO reaped unknown pid 54211 (exit status 0)
2026-01-28 19:10:59,541 INFO reaped unknown pid 54218 (exit status 0)
2026-01-28 19:11:04,906 INFO reaped unknown pid 54229 (exit status 0)
2026-01-28 19:11:08,975 INFO reaped unknown pid 54236 (exit status 0)
2026-01-28 19:11:14,034 INFO reaped unknown pid 54243 (exit status 0)
2026-01-28 19:11:19,110 INFO reaped unknown pid 54250 (exit status 0)
2026-01-28 19:11:24,154 INFO reaped unknown pid 54257 (exit status 0)
2026-01-28 19:11:29,226 INFO reaped unknown pid 54264 (exit status 0)
2026-01-28 19:11:34,278 INFO reaped unknown pid 54271 (exit status 0)
2026-01-28 19:11:39,276 INFO reaped unknown pid 54278 (exit status 0)
2026-01-28 19:11:45,347 INFO reaped unknown pid 54285 (exit status 0)
2026-01-28 19:11:49,366 INFO reaped unknown pid 54292 (exit status 0)
2026-01-28 19:11:55,502 INFO reaped unknown pid 54299 (exit status 0)
2026-01-28 19:11:59,535 INFO reaped unknown pid 54306 (exit status 0)
2026-01-28 19:12:03,943 INFO reaped unknown pid 54317 (exit status 0)
2026-01-28 19:12:08,959 INFO reaped unknown pid 54324 (exit status 0)
2026-01-28 19:12:14,031 INFO reaped unknown pid 54331 (exit status 0)
2026-01-28 19:12:19,063 INFO reaped unknown pid 54338 (exit status 0)
2026-01-28 19:12:24,102 INFO reaped unknown pid 54345 (exit status 0)
2026-01-28 19:12:29,196 INFO reaped unknown pid 54352 (exit status 0)
2026-01-28 19:12:35,260 INFO reaped unknown pid 54359 (exit status 0)
2026-01-28 19:12:39,342 INFO reaped unknown pid 54366 (exit status 0)
2026-01-28 19:12:44,366 INFO reaped unknown pid 54373 (exit status 0)
2026-01-28 19:12:49,429 INFO reaped unknown pid 54380 (exit status 0)
2026-01-28 19:12:54,476 INFO reaped unknown pid 54387 (exit status 0)
2026-01-28 19:12:59,495 INFO reaped unknown pid 54394 (exit status 0)
2026-01-28 19:13:04,928 INFO reaped unknown pid 54405 (exit status 0)
2026-01-28 19:13:08,956 INFO reaped unknown pid 54412 (exit status 0)
2026-01-28 19:13:14,026 INFO reaped unknown pid 54419 (exit status 0)
2026-01-28 19:13:19,070 INFO reaped unknown pid 54426 (exit status 0)
2026-01-28 19:13:24,138 INFO reaped unknown pid 54433 (exit status 0)
2026-01-28 19:13:29,199 INFO reaped unknown pid 54440 (exit status 0)
2026-01-28 19:13:35,262 INFO reaped unknown pid 54447 (exit status 0)
2026-01-28 19:13:39,303 INFO reaped unknown pid 54454 (exit status 0)
2026-01-28 19:13:45,351 INFO reaped unknown pid 54461 (exit status 0)
2026-01-28 19:13:49,397 INFO reaped unknown pid 54468 (exit status 0)
2026-01-28 19:13:54,435 INFO reaped unknown pid 54475 (exit status 0)
2026-01-28 19:13:59,488 INFO reaped unknown pid 54482 (exit status 0)
2026-01-28 19:14:04,026 INFO reaped unknown pid 54493 (exit status 0)
2026-01-28 19:14:09,093 INFO reaped unknown pid 54500 (exit status 0)
2026-01-28 19:14:14,132 INFO reaped unknown pid 54507 (exit status 0)
2026-01-28 19:14:19,201 INFO reaped unknown pid 54514 (exit status 0)
2026-01-28 19:14:24,288 INFO reaped unknown pid 54521 (exit status 0)
2026-01-28 19:14:29,327 INFO reaped unknown pid 54528 (exit status 0)
2026-01-28 19:14:35,498 INFO reaped unknown pid 54535 (exit status 0)
2026-01-28 19:14:39,501 INFO reaped unknown pid 54542 (exit status 0)
2026-01-28 19:14:45,633 INFO reaped unknown pid 54549 (exit status 0)
2026-01-28 19:14:49,605 INFO reaped unknown pid 54556 (exit status 0)
2026-01-28 19:14:55,665 INFO reaped unknown pid 54563 (exit status 0)
2026-01-28 19:14:59,770 INFO reaped unknown pid 54570 (exit status 0)
2026-01-28 19:15:03,947 INFO reaped unknown pid 54581 (exit status 0)
2026-01-28 19:15:09,014 INFO reaped unknown pid 54588 (exit status 0)
2026-01-28 19:15:15,103 INFO reaped unknown pid 54595 (exit status 0)
2026-01-28 19:15:19,121 INFO reaped unknown pid 54602 (exit status 0)
2026-01-28 19:15:24,176 INFO reaped unknown pid 54609 (exit status 0)
2026-01-28 19:15:29,236 INFO reaped unknown pid 54616 (exit status 0)
2026-01-28 19:15:34,278 INFO reaped unknown pid 54623 (exit status 0)
2026-01-28 19:15:39,298 INFO reaped unknown pid 54630 (exit status 0)
2026-01-28 19:15:44,306 INFO reaped unknown pid 54637 (exit status 0)
2026-01-28 19:15:49,390 INFO reaped unknown pid 54644 (exit status 0)
2026-01-28 19:15:54,453 INFO reaped unknown pid 54651 (exit status 0)
2026-01-28 19:15:59,481 INFO reaped unknown pid 54658 (exit status 0)
2026-01-28 19:16:04,947 INFO reaped unknown pid 54669 (exit status 0)
2026-01-28 19:16:09,010 INFO reaped unknown pid 54676 (exit status 0)
2026-01-28 19:16:14,048 INFO reaped unknown pid 54683 (exit status 0)
2026-01-28 19:16:19,260 INFO reaped unknown pid 54690 (exit status 0)
2026-01-28 19:16:24,098 INFO reaped unknown pid 54697 (exit status 0)
2026-01-28 19:16:29,088 INFO reaped unknown pid 54704 (exit status 0)
2026-01-28 19:16:34,129 INFO reaped unknown pid 54711 (exit status 0)
2026-01-28 19:16:39,187 INFO reaped unknown pid 54718 (exit status 0)
2026-01-28 19:16:45,266 INFO reaped unknown pid 54725 (exit status 0)
2026-01-28 19:16:50,308 INFO reaped unknown pid 54732 (exit status 0)
2026-01-28 19:16:54,428 INFO reaped unknown pid 54739 (exit status 0)
2026-01-28 19:16:59,451 INFO reaped unknown pid 54746 (exit status 0)
2026-01-28 19:17:03,943 INFO reaped unknown pid 54757 (exit status 0)
2026-01-28 19:17:09,013 INFO reaped unknown pid 54764 (exit status 0)
2026-01-28 19:17:15,131 INFO reaped unknown pid 54771 (exit status 0)
2026-01-28 19:17:19,216 INFO reaped unknown pid 54778 (exit status 0)
2026-01-28 19:17:24,318 INFO reaped unknown pid 54785 (exit status 0)
2026-01-28 19:17:29,315 INFO reaped unknown pid 54792 (exit status 0)
2026-01-28 19:17:34,413 INFO reaped unknown pid 54799 (exit status 0)
2026-01-28 19:17:39,494 INFO reaped unknown pid 54806 (exit status 0)
2026-01-28 19:17:44,543 INFO reaped unknown pid 54813 (exit status 0)
2026-01-28 19:17:49,643 INFO reaped unknown pid 54820 (exit status 0)
2026-01-28 19:17:54,689 INFO reaped unknown pid 54827 (exit status 0)
2026-01-28 19:17:59,773 INFO reaped unknown pid 54834 (exit status 0)
2026-01-28 19:18:04,898 INFO reaped unknown pid 54845 (exit status 0)
2026-01-28 19:18:08,995 INFO reaped unknown pid 54852 (exit status 0)
2026-01-28 19:18:14,059 INFO reaped unknown pid 54859 (exit status 0)
2026-01-28 19:18:19,087 INFO reaped unknown pid 54866 (exit status 0)
2026-01-28 19:18:24,138 INFO reaped unknown pid 54873 (exit status 0)
2026-01-28 19:18:29,235 INFO reaped unknown pid 54880 (exit status 0)
2026-01-28 19:18:35,281 INFO reaped unknown pid 54887 (exit status 0)
2026-01-28 19:18:40,341 INFO reaped unknown pid 54894 (exit status 0)
2026-01-28 19:18:44,360 INFO reaped unknown pid 54901 (exit status 0)
2026-01-28 19:18:49,422 INFO reaped unknown pid 54908 (exit status 0)
2026-01-28 19:18:55,493 INFO reaped unknown pid 54915 (exit status 0)
2026-01-28 19:18:59,503 INFO reaped unknown pid 54922 (exit status 0)
2026-01-28 19:19:03,979 INFO reaped unknown pid 54933 (exit status 0)
2026-01-28 19:19:08,991 INFO reaped unknown pid 54940 (exit status 0)
2026-01-28 19:19:14,067 INFO reaped unknown pid 54947 (exit status 0)
2026-01-28 19:19:19,120 INFO reaped unknown pid 54954 (exit status 0)
2026-01-28 19:19:24,176 INFO reaped unknown pid 54961 (exit status 0)
2026-01-28 19:19:29,275 INFO reaped unknown pid 54968 (exit status 0)
2026-01-28 19:19:35,363 INFO reaped unknown pid 54975 (exit status 0)
2026-01-28 19:19:39,426 INFO reaped unknown pid 54982 (exit status 0)
2026-01-28 19:19:45,442 INFO reaped unknown pid 54989 (exit status 0)
2026-01-28 19:19:49,539 INFO reaped unknown pid 54996 (exit status 0)
2026-01-28 19:19:54,604 INFO reaped unknown pid 55003 (exit status 0)
2026-01-28 19:19:59,681 INFO reaped unknown pid 55010 (exit status 0)
2026-01-28 19:20:03,893 INFO reaped unknown pid 55021 (exit status 0)
2026-01-28 19:20:09,031 INFO reaped unknown pid 55028 (exit status 0)
2026-01-28 19:20:13,958 INFO reaped unknown pid 55035 (exit status 0)
2026-01-28 19:20:19,123 INFO reaped unknown pid 55042 (exit status 0)
2026-01-28 19:20:24,070 INFO reaped unknown pid 55049 (exit status 0)
2026-01-28 19:20:29,163 INFO reaped unknown pid 55056 (exit status 0)
2026-01-28 19:20:35,277 INFO reaped unknown pid 55063 (exit status 0)
2026-01-28 19:20:39,313 INFO reaped unknown pid 55070 (exit status 0)
2026-01-28 19:20:44,406 INFO reaped unknown pid 55077 (exit status 0)
2026-01-28 19:20:49,508 INFO reaped unknown pid 55084 (exit status 0)
2026-01-28 19:20:54,577 INFO reaped unknown pid 55091 (exit status 0)
2026-01-28 19:20:59,582 INFO reaped unknown pid 55098 (exit status 0)
2026-01-28 19:21:03,885 INFO reaped unknown pid 55109 (exit status 0)
2026-01-28 19:21:09,049 INFO reaped unknown pid 55116 (exit status 0)
2026-01-28 19:21:13,977 INFO reaped unknown pid 55123 (exit status 0)
2026-01-28 19:21:19,114 INFO reaped unknown pid 55130 (exit status 0)
2026-01-28 19:21:24,089 INFO reaped unknown pid 55137 (exit status 0)
2026-01-28 19:21:29,097 INFO reaped unknown pid 55144 (exit status 0)
2026-01-28 19:21:34,137 INFO reaped unknown pid 55151 (exit status 0)
2026-01-28 19:21:39,233 INFO reaped unknown pid 55158 (exit status 0)
2026-01-28 19:21:44,319 INFO reaped unknown pid 55165 (exit status 0)
2026-01-28 19:21:50,423 INFO reaped unknown pid 55172 (exit status 0)
2026-01-28 19:21:54,466 INFO reaped unknown pid 55179 (exit status 0)
2026-01-28 19:21:59,567 INFO reaped unknown pid 55186 (exit status 0)
2026-01-28 19:22:03,851 INFO reaped unknown pid 55197 (exit status 0)
2026-01-28 19:22:08,899 INFO reaped unknown pid 55204 (exit status 0)
2026-01-28 19:22:13,961 INFO reaped unknown pid 55211 (exit status 0)
2026-01-28 19:22:19,234 INFO reaped unknown pid 55218 (exit status 0)
2026-01-28 19:22:24,131 INFO reaped unknown pid 55225 (exit status 0)
2026-01-28 19:22:29,192 INFO reaped unknown pid 55232 (exit status 0)
2026-01-28 19:22:34,213 INFO reaped unknown pid 55239 (exit status 0)
2026-01-28 19:22:39,236 INFO reaped unknown pid 55246 (exit status 0)
2026-01-28 19:22:44,291 INFO reaped unknown pid 55253 (exit status 0)
2026-01-28 19:22:49,326 INFO reaped unknown pid 55260 (exit status 0)
2026-01-28 19:22:54,410 INFO reaped unknown pid 55267 (exit status 0)
2026-01-28 19:22:59,515 INFO reaped unknown pid 55274 (exit status 0)
2026-01-28 19:23:03,890 INFO reaped unknown pid 55285 (exit status 0)
2026-01-28 19:23:09,124 INFO reaped unknown pid 55292 (exit status 0)
2026-01-28 19:23:14,017 INFO reaped unknown pid 55299 (exit status 0)
2026-01-28 19:23:19,130 INFO reaped unknown pid 55306 (exit status 0)
2026-01-28 19:23:24,191 INFO reaped unknown pid 55313 (exit status 0)
2026-01-28 19:23:29,228 INFO reaped unknown pid 55320 (exit status 0)
2026-01-28 19:23:34,250 INFO reaped unknown pid 55327 (exit status 0)
2026-01-28 19:23:39,320 INFO reaped unknown pid 55334 (exit status 0)
2026-01-28 19:23:44,381 INFO reaped unknown pid 55341 (exit status 0)
2026-01-28 19:23:49,397 INFO reaped unknown pid 55348 (exit status 0)
2026-01-28 19:23:55,460 INFO reaped unknown pid 55355 (exit status 0)
2026-01-28 19:23:59,471 INFO reaped unknown pid 55362 (exit status 0)
2026-01-28 19:24:03,933 INFO reaped unknown pid 55373 (exit status 0)
2026-01-28 19:24:09,038 INFO reaped unknown pid 55380 (exit status 0)
2026-01-28 19:24:13,988 INFO reaped unknown pid 55387 (exit status 0)
2026-01-28 19:24:19,135 INFO reaped unknown pid 55394 (exit status 0)
2026-01-28 19:24:24,125 INFO reaped unknown pid 55401 (exit status 0)
2026-01-28 19:24:29,213 INFO reaped unknown pid 55408 (exit status 0)
2026-01-28 19:24:34,281 INFO reaped unknown pid 55415 (exit status 0)
2026-01-28 19:24:39,368 INFO reaped unknown pid 55422 (exit status 0)
2026-01-28 19:24:44,405 INFO reaped unknown pid 55429 (exit status 0)
2026-01-28 19:24:49,421 INFO reaped unknown pid 55436 (exit status 0)
2026-01-28 19:24:54,512 INFO reaped unknown pid 55443 (exit status 0)
2026-01-28 19:24:59,526 INFO reaped unknown pid 55450 (exit status 0)
2026-01-28 19:25:03,905 INFO reaped unknown pid 55461 (exit status 0)
2026-01-28 19:25:08,950 INFO reaped unknown pid 55468 (exit status 0)
2026-01-28 19:25:14,053 INFO reaped unknown pid 55475 (exit status 0)
2026-01-28 19:25:19,146 INFO reaped unknown pid 55482 (exit status 0)
2026-01-28 19:25:24,119 INFO reaped unknown pid 55489 (exit status 0)
2026-01-28 19:25:29,305 INFO reaped unknown pid 55496 (exit status 0)
2026-01-28 19:25:34,266 INFO reaped unknown pid 55503 (exit status 0)
2026-01-28 19:25:39,349 INFO reaped unknown pid 55510 (exit status 0)
2026-01-28 19:25:44,394 INFO reaped unknown pid 55517 (exit status 0)
2026-01-28 19:25:49,442 INFO reaped unknown pid 55524 (exit status 0)
2026-01-28 19:25:54,525 INFO reaped unknown pid 55531 (exit status 0)
2026-01-28 19:25:59,529 INFO reaped unknown pid 55538 (exit status 0)
2026-01-28 19:26:03,816 INFO reaped unknown pid 55549 (exit status 0)
2026-01-28 19:26:08,839 INFO reaped unknown pid 55556 (exit status 0)
2026-01-28 19:26:13,881 INFO reaped unknown pid 55563 (exit status 0)
2026-01-28 19:26:18,932 INFO reaped unknown pid 55570 (exit status 0)
2026-01-28 19:26:23,979 INFO reaped unknown pid 55577 (exit status 0)
2026-01-28 19:26:28,977 INFO reaped unknown pid 55584 (exit status 0)
2026-01-28 19:26:34,064 INFO reaped unknown pid 55591 (exit status 0)
2026-01-28 19:26:39,188 INFO reaped unknown pid 55598 (exit status 0)
2026-01-28 19:26:44,149 INFO reaped unknown pid 55605 (exit status 0)
2026-01-28 19:26:49,211 INFO reaped unknown pid 55612 (exit status 0)
2026-01-28 19:26:55,258 INFO reaped unknown pid 55619 (exit status 0)
2026-01-28 19:26:59,311 INFO reaped unknown pid 55626 (exit status 0)
2026-01-28 19:27:03,835 INFO reaped unknown pid 55637 (exit status 0)
2026-01-28 19:27:08,889 INFO reaped unknown pid 55644 (exit status 0)
2026-01-28 19:27:13,965 INFO reaped unknown pid 55651 (exit status 0)
2026-01-28 19:27:19,040 INFO reaped unknown pid 55658 (exit status 0)
2026-01-28 19:27:24,087 INFO reaped unknown pid 55665 (exit status 0)
2026-01-28 19:27:29,178 INFO reaped unknown pid 55672 (exit status 0)
2026-01-28 19:27:34,212 INFO reaped unknown pid 55679 (exit status 0)
2026-01-28 19:27:39,262 INFO reaped unknown pid 55686 (exit status 0)
2026-01-28 19:27:44,310 INFO reaped unknown pid 55693 (exit status 0)
2026-01-28 19:27:49,406 INFO reaped unknown pid 55700 (exit status 0)
2026-01-28 19:27:54,482 INFO reaped unknown pid 55707 (exit status 0)
2026-01-28 19:27:59,563 INFO reaped unknown pid 55714 (exit status 0)
2026-01-28 19:28:03,902 INFO reaped unknown pid 55725 (exit status 0)
2026-01-28 19:28:09,027 INFO reaped unknown pid 55732 (exit status 0)
2026-01-28 19:28:14,020 INFO reaped unknown pid 55739 (exit status 0)
2026-01-28 19:28:19,221 INFO reaped unknown pid 55746 (exit status 0)
2026-01-28 19:28:24,167 INFO reaped unknown pid 55753 (exit status 0)
2026-01-28 19:28:29,223 INFO reaped unknown pid 55760 (exit status 0)
2026-01-28 19:28:34,267 INFO reaped unknown pid 55767 (exit status 0)
2026-01-28 19:28:39,288 INFO reaped unknown pid 55774 (exit status 0)
2026-01-28 19:28:44,308 INFO reaped unknown pid 55781 (exit status 0)
2026-01-28 19:28:49,366 INFO reaped unknown pid 55788 (exit status 0)
2026-01-28 19:28:54,422 INFO reaped unknown pid 55795 (exit status 0)
2026-01-28 19:28:59,432 INFO reaped unknown pid 55802 (exit status 0)
2026-01-28 19:29:03,858 INFO reaped unknown pid 55813 (exit status 0)
2026-01-28 19:29:08,936 INFO reaped unknown pid 55820 (exit status 0)
2026-01-28 19:29:13,969 INFO reaped unknown pid 55827 (exit status 0)
2026-01-28 19:29:19,029 INFO reaped unknown pid 55834 (exit status 0)
2026-01-28 19:29:24,074 INFO reaped unknown pid 55841 (exit status 0)
2026-01-28 19:29:29,163 INFO reaped unknown pid 55848 (exit status 0)
2026-01-28 19:29:34,201 INFO reaped unknown pid 55855 (exit status 0)
2026-01-28 19:29:39,326 INFO reaped unknown pid 55862 (exit status 0)
2026-01-28 19:29:44,271 INFO reaped unknown pid 55869 (exit status 0)
2026-01-28 19:29:49,279 INFO reaped unknown pid 55876 (exit status 0)
2026-01-28 19:29:55,331 INFO reaped unknown pid 55883 (exit status 0)
2026-01-28 19:29:59,454 INFO reaped unknown pid 55890 (exit status 0)
2026-01-28 19:30:03,933 INFO reaped unknown pid 55901 (exit status 0)
2026-01-28 19:30:09,001 INFO reaped unknown pid 55908 (exit status 0)
2026-01-28 19:30:14,041 INFO reaped unknown pid 55915 (exit status 0)
2026-01-28 19:30:19,063 INFO reaped unknown pid 55922 (exit status 0)
2026-01-28 19:30:24,139 INFO reaped unknown pid 55929 (exit status 0)
2026-01-28 19:30:29,284 INFO reaped unknown pid 55936 (exit status 0)
2026-01-28 19:30:34,242 INFO reaped unknown pid 55943 (exit status 0)
2026-01-28 19:30:39,317 INFO reaped unknown pid 55950 (exit status 0)
2026-01-28 19:30:44,402 INFO reaped unknown pid 55957 (exit status 0)
2026-01-28 19:30:49,412 INFO reaped unknown pid 55964 (exit status 0)
2026-01-28 19:30:54,471 INFO reaped unknown pid 55971 (exit status 0)
2026-01-28 19:30:59,563 INFO reaped unknown pid 55978 (exit status 0)
2026-01-28 19:31:05,030 INFO reaped unknown pid 55989 (exit status 0)
2026-01-28 19:31:09,029 INFO reaped unknown pid 55996 (exit status 0)
2026-01-28 19:31:14,104 INFO reaped unknown pid 56003 (exit status 0)
2026-01-28 19:31:19,277 INFO reaped unknown pid 56010 (exit status 0)
2026-01-28 19:31:24,242 INFO reaped unknown pid 56017 (exit status 0)
2026-01-28 19:31:29,325 INFO reaped unknown pid 56024 (exit status 0)
2026-01-28 19:31:34,350 INFO reaped unknown pid 56031 (exit status 0)
2026-01-28 19:31:39,418 INFO reaped unknown pid 56038 (exit status 0)
2026-01-28 19:31:44,474 INFO reaped unknown pid 56045 (exit status 0)
2026-01-28 19:31:49,517 INFO reaped unknown pid 56052 (exit status 0)
2026-01-28 19:31:55,569 INFO reaped unknown pid 56059 (exit status 0)
2026-01-28 19:31:59,658 INFO reaped unknown pid 56066 (exit status 0)
2026-01-28 19:32:03,978 INFO reaped unknown pid 56077 (exit status 0)
2026-01-28 19:32:09,006 INFO reaped unknown pid 56084 (exit status 0)
2026-01-28 19:32:14,066 INFO reaped unknown pid 56091 (exit status 0)
2026-01-28 19:32:19,203 INFO reaped unknown pid 56098 (exit status 0)
2026-01-28 19:32:24,171 INFO reaped unknown pid 56105 (exit status 0)
2026-01-28 19:32:29,312 INFO reaped unknown pid 56112 (exit status 0)
2026-01-28 19:32:35,358 INFO reaped unknown pid 56119 (exit status 0)
2026-01-28 19:32:39,377 INFO reaped unknown pid 56126 (exit status 0)
2026-01-28 19:32:44,441 INFO reaped unknown pid 56133 (exit status 0)
2026-01-28 19:32:49,453 INFO reaped unknown pid 56140 (exit status 0)
2026-01-28 19:32:54,515 INFO reaped unknown pid 56147 (exit status 0)
2026-01-28 19:32:59,567 INFO reaped unknown pid 56154 (exit status 0)
2026-01-28 19:33:03,895 INFO reaped unknown pid 56165 (exit status 0)
2026-01-28 19:33:08,935 INFO reaped unknown pid 56172 (exit status 0)
2026-01-28 19:33:13,981 INFO reaped unknown pid 56179 (exit status 0)
2026-01-28 19:33:19,068 INFO reaped unknown pid 56186 (exit status 0)
2026-01-28 19:33:24,121 INFO reaped unknown pid 56193 (exit status 0)
2026-01-28 19:33:29,372 INFO reaped unknown pid 56200 (exit status 0)
2026-01-28 19:33:34,208 INFO reaped unknown pid 56207 (exit status 0)
2026-01-28 19:33:39,376 INFO reaped unknown pid 56214 (exit status 0)
2026-01-28 19:33:44,335 INFO reaped unknown pid 56221 (exit status 0)
2026-01-28 19:33:49,403 INFO reaped unknown pid 56228 (exit status 0)
2026-01-28 19:33:54,453 INFO reaped unknown pid 56235 (exit status 0)
2026-01-28 19:34:00,006 INFO reaped unknown pid 56242 (exit status 0)
2026-01-28 19:34:03,906 INFO reaped unknown pid 56253 (exit status 0)
2026-01-28 19:34:08,936 INFO reaped unknown pid 56260 (exit status 0)
2026-01-28 19:34:14,000 INFO reaped unknown pid 56267 (exit status 0)
2026-01-28 19:34:19,089 INFO reaped unknown pid 56274 (exit status 0)
2026-01-28 19:34:24,161 INFO reaped unknown pid 56281 (exit status 0)
2026-01-28 19:34:29,344 INFO reaped unknown pid 56288 (exit status 0)
2026-01-28 19:34:34,285 INFO reaped unknown pid 56295 (exit status 0)
2026-01-28 19:34:39,365 INFO reaped unknown pid 56302 (exit status 0)
2026-01-28 19:34:44,428 INFO reaped unknown pid 56309 (exit status 0)
2026-01-28 19:34:49,511 INFO reaped unknown pid 56316 (exit status 0)
2026-01-28 19:34:54,571 INFO reaped unknown pid 56323 (exit status 0)
2026-01-28 19:34:59,640 INFO reaped unknown pid 56330 (exit status 0)
2026-01-28 19:35:03,817 INFO reaped unknown pid 56341 (exit status 0)
2026-01-28 19:35:08,838 INFO reaped unknown pid 56348 (exit status 0)
2026-01-28 19:35:13,943 INFO reaped unknown pid 56355 (exit status 0)
2026-01-28 19:35:19,041 INFO reaped unknown pid 56362 (exit status 0)
2026-01-28 19:35:24,062 INFO reaped unknown pid 56369 (exit status 0)
2026-01-28 19:35:29,123 INFO reaped unknown pid 56376 (exit status 0)
2026-01-28 19:35:34,201 INFO reaped unknown pid 56383 (exit status 0)
2026-01-28 19:35:39,378 INFO reaped unknown pid 56390 (exit status 0)
2026-01-28 19:35:45,386 INFO reaped unknown pid 56397 (exit status 0)
2026-01-28 19:35:49,459 INFO reaped unknown pid 56404 (exit status 0)
2026-01-28 19:35:54,573 INFO reaped unknown pid 56411 (exit status 0)
2026-01-28 19:35:59,629 INFO reaped unknown pid 56418 (exit status 0)
2026-01-28 19:36:03,949 INFO reaped unknown pid 56429 (exit status 0)
2026-01-28 19:36:10,008 INFO reaped unknown pid 56436 (exit status 0)
2026-01-28 19:36:15,048 INFO reaped unknown pid 56443 (exit status 0)
2026-01-28 19:36:19,111 INFO reaped unknown pid 56450 (exit status 0)
2026-01-28 19:36:24,152 INFO reaped unknown pid 56457 (exit status 0)
2026-01-28 19:36:29,208 INFO reaped unknown pid 56464 (exit status 0)
2026-01-28 19:36:34,269 INFO reaped unknown pid 56471 (exit status 0)
2026-01-28 19:36:39,306 INFO reaped unknown pid 56478 (exit status 0)
2026-01-28 19:36:44,316 INFO reaped unknown pid 56485 (exit status 0)
2026-01-28 19:36:49,431 INFO reaped unknown pid 56492 (exit status 0)
2026-01-28 19:36:55,425 INFO reaped unknown pid 56499 (exit status 0)
2026-01-28 19:36:59,479 INFO reaped unknown pid 56506 (exit status 0)
2026-01-28 19:37:03,932 INFO reaped unknown pid 56517 (exit status 0)
2026-01-28 19:37:10,018 INFO reaped unknown pid 56524 (exit status 0)
2026-01-28 19:37:14,111 INFO reaped unknown pid 56531 (exit status 0)
2026-01-28 19:37:19,155 INFO reaped unknown pid 56538 (exit status 0)
2026-01-28 19:37:24,207 INFO reaped unknown pid 56545 (exit status 0)
2026-01-28 19:37:29,308 INFO reaped unknown pid 56552 (exit status 0)
2026-01-28 19:37:34,389 INFO reaped unknown pid 56559 (exit status 0)
2026-01-28 19:37:39,493 INFO reaped unknown pid 56566 (exit status 0)
2026-01-28 19:37:45,554 INFO reaped unknown pid 56573 (exit status 0)
2026-01-28 19:37:49,561 INFO reaped unknown pid 56580 (exit status 0)
2026-01-28 19:37:54,596 INFO reaped unknown pid 56587 (exit status 0)
2026-01-28 19:37:59,603 INFO reaped unknown pid 56594 (exit status 0)
2026-01-28 19:38:03,948 INFO reaped unknown pid 56605 (exit status 0)
2026-01-28 19:38:09,001 INFO reaped unknown pid 56612 (exit status 0)
2026-01-28 19:38:14,009 INFO reaped unknown pid 56619 (exit status 0)
2026-01-28 19:38:19,085 INFO reaped unknown pid 56626 (exit status 0)
2026-01-28 19:38:24,121 INFO reaped unknown pid 56633 (exit status 0)
2026-01-28 19:38:29,133 INFO reaped unknown pid 56640 (exit status 0)
2026-01-28 19:38:34,207 INFO reaped unknown pid 56647 (exit status 0)
2026-01-28 19:38:39,262 INFO reaped unknown pid 56654 (exit status 0)
2026-01-28 19:38:44,290 INFO reaped unknown pid 56661 (exit status 0)
2026-01-28 19:38:49,464 INFO reaped unknown pid 56668 (exit status 0)
2026-01-28 19:38:54,436 INFO reaped unknown pid 56675 (exit status 0)
2026-01-28 19:38:59,665 INFO reaped unknown pid 56682 (exit status 0)
2026-01-28 19:39:04,851 INFO reaped unknown pid 56693 (exit status 0)
2026-01-28 19:39:08,883 INFO reaped unknown pid 56700 (exit status 0)
2026-01-28 19:39:13,948 INFO reaped unknown pid 56707 (exit status 0)
2026-01-28 19:39:19,017 INFO reaped unknown pid 56714 (exit status 0)
2026-01-28 19:39:24,083 INFO reaped unknown pid 56721 (exit status 0)
2026-01-28 19:39:29,094 INFO reaped unknown pid 56728 (exit status 0)
2026-01-28 19:39:34,146 INFO reaped unknown pid 56735 (exit status 0)
2026-01-28 19:39:39,226 INFO reaped unknown pid 56742 (exit status 0)
2026-01-28 19:39:45,274 INFO reaped unknown pid 56749 (exit status 0)
2026-01-28 19:39:49,282 INFO reaped unknown pid 56756 (exit status 0)
2026-01-28 19:39:54,324 INFO reaped unknown pid 56763 (exit status 0)
2026-01-28 19:39:59,557 INFO reaped unknown pid 56770 (exit status 0)
2026-01-28 19:40:03,910 INFO reaped unknown pid 56781 (exit status 0)
2026-01-28 19:40:08,953 INFO reaped unknown pid 56788 (exit status 0)
2026-01-28 19:40:13,998 INFO reaped unknown pid 56795 (exit status 0)
2026-01-28 19:40:19,035 INFO reaped unknown pid 56802 (exit status 0)
2026-01-28 19:40:24,120 INFO reaped unknown pid 56809 (exit status 0)
2026-01-28 19:40:29,163 INFO reaped unknown pid 56816 (exit status 0)
2026-01-28 19:40:34,197 INFO reaped unknown pid 56823 (exit status 0)
2026-01-28 19:40:39,317 INFO reaped unknown pid 56830 (exit status 0)
2026-01-28 19:40:44,346 INFO reaped unknown pid 56837 (exit status 0)
2026-01-28 19:40:49,420 INFO reaped unknown pid 56844 (exit status 0)
2026-01-28 19:40:54,472 INFO reaped unknown pid 56851 (exit status 0)
2026-01-28 19:40:59,548 INFO reaped unknown pid 56858 (exit status 0)
2026-01-28 19:41:03,900 INFO reaped unknown pid 56869 (exit status 0)
2026-01-28 19:41:08,955 INFO reaped unknown pid 56876 (exit status 0)
2026-01-28 19:41:14,032 INFO reaped unknown pid 56883 (exit status 0)
2026-01-28 19:41:19,114 INFO reaped unknown pid 56890 (exit status 0)
2026-01-28 19:41:24,165 INFO reaped unknown pid 56897 (exit status 0)
2026-01-28 19:41:29,210 INFO reaped unknown pid 56904 (exit status 0)
2026-01-28 19:41:34,254 INFO reaped unknown pid 56911 (exit status 0)
2026-01-28 19:41:39,332 INFO reaped unknown pid 56918 (exit status 0)
2026-01-28 19:41:45,380 INFO reaped unknown pid 56925 (exit status 0)
2026-01-28 19:41:49,572 INFO reaped unknown pid 56932 (exit status 0)
2026-01-28 19:41:56,503 INFO reaped unknown pid 56939 (exit status 0)
2026-01-28 19:41:59,598 INFO reaped unknown pid 56946 (exit status 0)
2026-01-28 19:42:03,996 INFO reaped unknown pid 56957 (exit status 0)
2026-01-28 19:42:09,087 INFO reaped unknown pid 56964 (exit status 0)
2026-01-28 19:42:14,157 INFO reaped unknown pid 56971 (exit status 0)
2026-01-28 19:42:19,203 INFO reaped unknown pid 56978 (exit status 0)
2026-01-28 19:42:24,233 INFO reaped unknown pid 56985 (exit status 0)
2026-01-28 19:42:29,251 INFO reaped unknown pid 56992 (exit status 0)
2026-01-28 19:42:34,345 INFO reaped unknown pid 56999 (exit status 0)
2026-01-28 19:42:39,455 INFO reaped unknown pid 57006 (exit status 0)
2026-01-28 19:42:45,454 INFO reaped unknown pid 57013 (exit status 0)
2026-01-28 19:42:49,579 INFO reaped unknown pid 57020 (exit status 0)
2026-01-28 19:42:54,517 INFO reaped unknown pid 57027 (exit status 0)
2026-01-28 19:42:59,571 INFO reaped unknown pid 57034 (exit status 0)
2026-01-28 19:43:03,929 INFO reaped unknown pid 57045 (exit status 0)
2026-01-28 19:43:09,096 INFO reaped unknown pid 57052 (exit status 0)
2026-01-28 19:43:14,099 INFO reaped unknown pid 57059 (exit status 0)
2026-01-28 19:43:19,113 INFO reaped unknown pid 57066 (exit status 0)
2026-01-28 19:43:24,135 INFO reaped unknown pid 57073 (exit status 0)
2026-01-28 19:43:29,173 INFO reaped unknown pid 57080 (exit status 0)
2026-01-28 19:43:34,213 INFO reaped unknown pid 57087 (exit status 0)
2026-01-28 19:43:39,246 INFO reaped unknown pid 57094 (exit status 0)
2026-01-28 19:43:45,314 INFO reaped unknown pid 57101 (exit status 0)
2026-01-28 19:43:49,373 INFO reaped unknown pid 57108 (exit status 0)
2026-01-28 19:43:55,462 INFO reaped unknown pid 57115 (exit status 0)
2026-01-28 19:43:59,622 INFO reaped unknown pid 57122 (exit status 0)
2026-01-28 19:44:03,972 INFO reaped unknown pid 57133 (exit status 0)
2026-01-28 19:44:09,023 INFO reaped unknown pid 57140 (exit status 0)
2026-01-28 19:44:15,080 INFO reaped unknown pid 57147 (exit status 0)
2026-01-28 19:44:20,116 INFO reaped unknown pid 57154 (exit status 0)
2026-01-28 19:44:25,219 INFO reaped unknown pid 57161 (exit status 0)
2026-01-28 19:44:30,234 INFO reaped unknown pid 57168 (exit status 0)
2026-01-28 19:44:35,291 INFO reaped unknown pid 57175 (exit status 0)
2026-01-28 19:44:39,366 INFO reaped unknown pid 57182 (exit status 0)
2026-01-28 19:44:44,382 INFO reaped unknown pid 57189 (exit status 0)
2026-01-28 19:44:49,398 INFO reaped unknown pid 57196 (exit status 0)
2026-01-28 19:44:55,487 INFO reaped unknown pid 57203 (exit status 0)
2026-01-28 19:44:59,614 INFO reaped unknown pid 57210 (exit status 0)
2026-01-28 19:45:03,949 INFO reaped unknown pid 57221 (exit status 0)
2026-01-28 19:45:08,984 INFO reaped unknown pid 57228 (exit status 0)
2026-01-28 19:45:13,994 INFO reaped unknown pid 57235 (exit status 0)
2026-01-28 19:45:20,136 INFO reaped unknown pid 57242 (exit status 0)
2026-01-28 19:45:24,164 INFO reaped unknown pid 57249 (exit status 0)
2026-01-28 19:45:30,173 INFO reaped unknown pid 57256 (exit status 0)
2026-01-28 19:45:35,221 INFO reaped unknown pid 57263 (exit status 0)
2026-01-28 19:45:39,229 INFO reaped unknown pid 57270 (exit status 0)
2026-01-28 19:45:44,257 INFO reaped unknown pid 57277 (exit status 0)
2026-01-28 19:45:50,398 INFO reaped unknown pid 57284 (exit status 0)
2026-01-28 19:45:55,378 INFO reaped unknown pid 57291 (exit status 0)
2026-01-28 19:45:59,405 INFO reaped unknown pid 57298 (exit status 0)
2026-01-28 19:46:03,973 INFO reaped unknown pid 57309 (exit status 0)
2026-01-28 19:46:08,985 INFO reaped unknown pid 57316 (exit status 0)
2026-01-28 19:46:14,007 INFO reaped unknown pid 57323 (exit status 0)
2026-01-28 19:46:19,097 INFO reaped unknown pid 57330 (exit status 0)
2026-01-28 19:46:25,163 INFO reaped unknown pid 57337 (exit status 0)
2026-01-28 19:46:30,172 INFO reaped unknown pid 57344 (exit status 0)
2026-01-28 19:46:35,325 INFO reaped unknown pid 57351 (exit status 0)
2026-01-28 19:46:41,293 INFO reaped unknown pid 57358 (exit status 0)
2026-01-28 19:46:45,328 INFO reaped unknown pid 57365 (exit status 0)
2026-01-28 19:46:49,345 INFO reaped unknown pid 57372 (exit status 0)
2026-01-28 19:46:55,359 INFO reaped unknown pid 57379 (exit status 0)
2026-01-28 19:47:01,086 INFO reaped unknown pid 57386 (exit status 0)
2026-01-28 19:47:04,009 INFO reaped unknown pid 57397 (exit status 0)
2026-01-28 19:47:09,974 INFO reaped unknown pid 57404 (exit status 0)
2026-01-28 19:47:14,135 INFO reaped unknown pid 57411 (exit status 0)
2026-01-28 19:47:19,104 INFO reaped unknown pid 57418 (exit status 0)
2026-01-28 19:47:24,155 INFO reaped unknown pid 57425 (exit status 0)
2026-01-28 19:47:29,207 INFO reaped unknown pid 57432 (exit status 0)
2026-01-28 19:47:35,254 INFO reaped unknown pid 57439 (exit status 0)
2026-01-28 19:47:40,286 INFO reaped unknown pid 57446 (exit status 0)
2026-01-28 19:47:44,363 INFO reaped unknown pid 57453 (exit status 0)
2026-01-28 19:47:49,372 INFO reaped unknown pid 57460 (exit status 0)
2026-01-28 19:47:55,390 INFO reaped unknown pid 57467 (exit status 0)
2026-01-28 19:47:59,423 INFO reaped unknown pid 57474 (exit status 0)
2026-01-28 19:48:03,942 INFO reaped unknown pid 57485 (exit status 0)
2026-01-28 19:48:08,906 INFO reaped unknown pid 57492 (exit status 0)
2026-01-28 19:48:13,942 INFO reaped unknown pid 57499 (exit status 0)
2026-01-28 19:48:19,025 INFO reaped unknown pid 57506 (exit status 0)
2026-01-28 19:48:24,097 INFO reaped unknown pid 57513 (exit status 0)
2026-01-28 19:48:29,186 INFO reaped unknown pid 57520 (exit status 0)
2026-01-28 19:48:35,227 INFO reaped unknown pid 57527 (exit status 0)
2026-01-28 19:48:39,279 INFO reaped unknown pid 57534 (exit status 0)
2026-01-28 19:48:44,314 INFO reaped unknown pid 57541 (exit status 0)
2026-01-28 19:48:49,409 INFO reaped unknown pid 57548 (exit status 0)
2026-01-28 19:48:54,479 INFO reaped unknown pid 57555 (exit status 0)
2026-01-28 19:48:59,502 INFO reaped unknown pid 57562 (exit status 0)
2026-01-28 19:49:04,985 INFO reaped unknown pid 57573 (exit status 0)
2026-01-28 19:49:08,972 INFO reaped unknown pid 57580 (exit status 0)
2026-01-28 19:49:14,042 INFO reaped unknown pid 57587 (exit status 0)
2026-01-28 19:49:19,113 INFO reaped unknown pid 57594 (exit status 0)
2026-01-28 19:49:25,168 INFO reaped unknown pid 57601 (exit status 0)
2026-01-28 19:49:29,188 INFO reaped unknown pid 57608 (exit status 0)
2026-01-28 19:49:35,265 INFO reaped unknown pid 57615 (exit status 0)
2026-01-28 19:49:40,305 INFO reaped unknown pid 57622 (exit status 0)
2026-01-28 19:49:44,382 INFO reaped unknown pid 57629 (exit status 0)
2026-01-28 19:49:49,468 INFO reaped unknown pid 57636 (exit status 0)
2026-01-28 19:49:54,517 INFO reaped unknown pid 57643 (exit status 0)
2026-01-28 19:49:59,705 INFO reaped unknown pid 57650 (exit status 0)
2026-01-28 19:50:03,970 INFO reaped unknown pid 57661 (exit status 0)
2026-01-28 19:50:10,079 INFO reaped unknown pid 57668 (exit status 0)
2026-01-28 19:50:14,098 INFO reaped unknown pid 57675 (exit status 0)
2026-01-28 19:50:19,195 INFO reaped unknown pid 57682 (exit status 0)
2026-01-28 19:50:24,285 INFO reaped unknown pid 57689 (exit status 0)
2026-01-28 19:50:29,357 INFO reaped unknown pid 57696 (exit status 0)
2026-01-28 19:50:35,435 INFO reaped unknown pid 57703 (exit status 0)
2026-01-28 19:50:39,510 INFO reaped unknown pid 57710 (exit status 0)
2026-01-28 19:50:44,580 INFO reaped unknown pid 57717 (exit status 0)
2026-01-28 19:50:49,752 INFO reaped unknown pid 57724 (exit status 0)
2026-01-28 19:50:54,710 INFO reaped unknown pid 57731 (exit status 0)
2026-01-28 19:50:59,812 INFO reaped unknown pid 57738 (exit status 0)
2026-01-28 19:51:03,960 INFO reaped unknown pid 57749 (exit status 0)
2026-01-28 19:51:09,036 INFO reaped unknown pid 57756 (exit status 0)
2026-01-28 19:51:14,144 INFO reaped unknown pid 57763 (exit status 0)
2026-01-28 19:51:19,131 INFO reaped unknown pid 57770 (exit status 0)
2026-01-28 19:51:24,184 INFO reaped unknown pid 57777 (exit status 0)
2026-01-28 19:51:29,183 INFO reaped unknown pid 57784 (exit status 0)
2026-01-28 19:51:35,251 INFO reaped unknown pid 57791 (exit status 0)
2026-01-28 19:51:40,342 INFO reaped unknown pid 57798 (exit status 0)
2026-01-28 19:51:44,413 INFO reaped unknown pid 57805 (exit status 0)
2026-01-28 19:51:49,474 INFO reaped unknown pid 57812 (exit status 0)
2026-01-28 19:51:55,600 INFO reaped unknown pid 57819 (exit status 0)
2026-01-28 19:52:00,016 INFO reaped unknown pid 57826 (exit status 0)
2026-01-28 19:52:03,968 INFO reaped unknown pid 57837 (exit status 0)
2026-01-28 19:52:09,031 INFO reaped unknown pid 57844 (exit status 0)
2026-01-28 19:52:14,115 INFO reaped unknown pid 57851 (exit status 0)
2026-01-28 19:52:19,168 INFO reaped unknown pid 57858 (exit status 0)
2026-01-28 19:52:24,264 INFO reaped unknown pid 57865 (exit status 0)
2026-01-28 19:52:29,322 INFO reaped unknown pid 57872 (exit status 0)
2026-01-28 19:52:35,390 INFO reaped unknown pid 57879 (exit status 0)
2026-01-28 19:52:39,445 INFO reaped unknown pid 57886 (exit status 0)
2026-01-28 19:52:44,481 INFO reaped unknown pid 57893 (exit status 0)
2026-01-28 19:52:49,541 INFO reaped unknown pid 57900 (exit status 0)
2026-01-28 19:52:54,634 INFO reaped unknown pid 57907 (exit status 0)
2026-01-28 19:53:00,019 INFO reaped unknown pid 57914 (exit status 0)
2026-01-28 19:53:03,941 INFO reaped unknown pid 57925 (exit status 0)
2026-01-28 19:53:09,017 INFO reaped unknown pid 57932 (exit status 0)
2026-01-28 19:53:14,029 INFO reaped unknown pid 57939 (exit status 0)
2026-01-28 19:53:20,079 INFO reaped unknown pid 57946 (exit status 0)
2026-01-28 19:53:25,127 INFO reaped unknown pid 57953 (exit status 0)
2026-01-28 19:53:29,172 INFO reaped unknown pid 57960 (exit status 0)
2026-01-28 19:53:35,248 INFO reaped unknown pid 57967 (exit status 0)
2026-01-28 19:53:39,313 INFO reaped unknown pid 57974 (exit status 0)
2026-01-28 19:53:45,379 INFO reaped unknown pid 57981 (exit status 0)
2026-01-28 19:53:49,395 INFO reaped unknown pid 57988 (exit status 0)
2026-01-28 19:53:56,579 INFO reaped unknown pid 57995 (exit status 0)
2026-01-28 19:54:00,086 INFO reaped unknown pid 58002 (exit status 0)
2026-01-28 19:54:04,112 INFO reaped unknown pid 58013 (exit status 0)
2026-01-28 19:54:09,152 INFO reaped unknown pid 58020 (exit status 0)
2026-01-28 19:54:15,223 INFO reaped unknown pid 58027 (exit status 0)
2026-01-28 19:54:20,269 INFO reaped unknown pid 58034 (exit status 0)
2026-01-28 19:54:25,441 INFO reaped unknown pid 58041 (exit status 0)
2026-01-28 19:54:30,455 INFO reaped unknown pid 58048 (exit status 0)
2026-01-28 19:54:36,874 INFO reaped unknown pid 58055 (exit status 0)
2026-01-28 19:54:40,880 INFO reaped unknown pid 58062 (exit status 0)
2026-01-28 19:54:45,708 INFO reaped unknown pid 58069 (exit status 0)
2026-01-28 19:54:50,840 INFO reaped unknown pid 58076 (exit status 0)
2026-01-28 19:54:56,738 INFO reaped unknown pid 58083 (exit status 0)
2026-01-28 19:55:00,036 INFO reaped unknown pid 58090 (exit status 0)
2026-01-28 19:55:06,914 INFO reaped unknown pid 58101 (exit status 0)
2026-01-28 19:55:10,942 INFO reaped unknown pid 58108 (exit status 0)
2026-01-28 19:55:16,009 INFO reaped unknown pid 58115 (exit status 0)
2026-01-28 19:55:20,059 INFO reaped unknown pid 58122 (exit status 0)
2026-01-28 19:55:27,150 INFO reaped unknown pid 58129 (exit status 0)
2026-01-28 19:55:30,424 INFO reaped unknown pid 58136 (exit status 0)
2026-01-28 19:55:36,408 INFO reaped unknown pid 58143 (exit status 0)
2026-01-28 19:55:41,386 INFO reaped unknown pid 58150 (exit status 0)
2026-01-28 19:55:46,424 INFO reaped unknown pid 58157 (exit status 0)
2026-01-28 19:55:50,495 INFO reaped unknown pid 58164 (exit status 0)
2026-01-28 19:55:55,505 INFO reaped unknown pid 58171 (exit status 0)
2026-01-28 19:56:01,018 INFO reaped unknown pid 58178 (exit status 0)
2026-01-28 19:56:03,918 INFO reaped unknown pid 58189 (exit status 0)
2026-01-28 19:56:08,938 INFO reaped unknown pid 58196 (exit status 0)
2026-01-28 19:56:13,994 INFO reaped unknown pid 58203 (exit status 0)
2026-01-28 19:56:20,139 INFO reaped unknown pid 58210 (exit status 0)
2026-01-28 19:56:26,112 INFO reaped unknown pid 58217 (exit status 0)
2026-01-28 19:56:30,159 INFO reaped unknown pid 58224 (exit status 0)
2026-01-28 19:56:36,215 INFO reaped unknown pid 58231 (exit status 0)
2026-01-28 19:56:39,318 INFO reaped unknown pid 58238 (exit status 0)
2026-01-28 19:56:45,342 INFO reaped unknown pid 58245 (exit status 0)
2026-01-28 19:56:49,398 INFO reaped unknown pid 58252 (exit status 0)
2026-01-28 19:56:54,460 INFO reaped unknown pid 58259 (exit status 0)
2026-01-28 19:57:01,055 INFO reaped unknown pid 58266 (exit status 0)
2026-01-28 19:57:03,916 INFO reaped unknown pid 58277 (exit status 0)
2026-01-28 19:57:08,957 INFO reaped unknown pid 58284 (exit status 0)
2026-01-28 19:57:14,084 INFO reaped unknown pid 58291 (exit status 0)
2026-01-28 19:57:19,118 INFO reaped unknown pid 58298 (exit status 0)
2026-01-28 19:57:24,206 INFO reaped unknown pid 58305 (exit status 0)
2026-01-28 19:57:29,225 INFO reaped unknown pid 58312 (exit status 0)
2026-01-28 19:57:35,387 INFO reaped unknown pid 58319 (exit status 0)
2026-01-28 19:57:39,387 INFO reaped unknown pid 58326 (exit status 0)
2026-01-28 19:57:45,459 INFO reaped unknown pid 58333 (exit status 0)
2026-01-28 19:57:49,522 INFO reaped unknown pid 58340 (exit status 0)
2026-01-28 19:57:55,579 INFO reaped unknown pid 58347 (exit status 0)
2026-01-28 19:58:01,074 INFO reaped unknown pid 58354 (exit status 0)
2026-01-28 19:58:04,042 INFO reaped unknown pid 58365 (exit status 0)
2026-01-28 19:58:09,104 INFO reaped unknown pid 58372 (exit status 0)
2026-01-28 19:58:15,192 INFO reaped unknown pid 58379 (exit status 0)
2026-01-28 19:58:19,218 INFO reaped unknown pid 58386 (exit status 0)
2026-01-28 19:58:25,268 INFO reaped unknown pid 58393 (exit status 0)
2026-01-28 19:58:29,350 INFO reaped unknown pid 58400 (exit status 0)
2026-01-28 19:58:35,469 INFO reaped unknown pid 58407 (exit status 0)
2026-01-28 19:58:39,501 INFO reaped unknown pid 58414 (exit status 0)
2026-01-28 19:58:44,558 INFO reaped unknown pid 58421 (exit status 0)
2026-01-28 19:58:49,607 INFO reaped unknown pid 58428 (exit status 0)
2026-01-28 19:58:55,715 INFO reaped unknown pid 58435 (exit status 0)
2026-01-28 19:59:00,020 INFO reaped unknown pid 58442 (exit status 0)
2026-01-28 19:59:04,138 INFO reaped unknown pid 58453 (exit status 0)
2026-01-28 19:59:09,144 INFO reaped unknown pid 58460 (exit status 0)
2026-01-28 19:59:14,186 INFO reaped unknown pid 58467 (exit status 0)
2026-01-28 19:59:20,201 INFO reaped unknown pid 58474 (exit status 0)
2026-01-28 19:59:24,249 INFO reaped unknown pid 58481 (exit status 0)
2026-01-28 19:59:29,290 INFO reaped unknown pid 58488 (exit status 0)
2026-01-28 19:59:35,380 INFO reaped unknown pid 58495 (exit status 0)
2026-01-28 19:59:39,358 INFO reaped unknown pid 58502 (exit status 0)
2026-01-28 19:59:45,486 INFO reaped unknown pid 58509 (exit status 0)
2026-01-28 19:59:49,468 INFO reaped unknown pid 58516 (exit status 0)
2026-01-28 19:59:55,510 INFO reaped unknown pid 58523 (exit status 0)
2026-01-28 20:00:02,063 INFO reaped unknown pid 58530 (exit status 0)
2026-01-28 20:00:05,385 INFO reaped unknown pid 58541 (exit status 0)
2026-01-28 20:00:09,363 INFO reaped unknown pid 58548 (exit status 0)
2026-01-28 20:00:14,397 INFO reaped unknown pid 58555 (exit status 0)
2026-01-28 20:00:20,490 INFO reaped unknown pid 58562 (exit status 0)
2026-01-28 20:00:25,505 INFO reaped unknown pid 58569 (exit status 0)
2026-01-28 20:00:30,573 INFO reaped unknown pid 58576 (exit status 0)
2026-01-28 20:00:35,601 INFO reaped unknown pid 58583 (exit status 0)
2026-01-28 20:00:40,617 INFO reaped unknown pid 58590 (exit status 0)
2026-01-28 20:00:45,657 INFO reaped unknown pid 58597 (exit status 0)
2026-01-28 20:00:49,722 INFO reaped unknown pid 58604 (exit status 0)
2026-01-28 20:00:55,738 INFO reaped unknown pid 58611 (exit status 0)
2026-01-28 20:00:59,742 INFO reaped unknown pid 58618 (exit status 0)
2026-01-28 20:01:03,986 INFO reaped unknown pid 58629 (exit status 0)
2026-01-28 20:01:08,997 INFO reaped unknown pid 58636 (exit status 0)
2026-01-28 20:01:14,008 INFO reaped unknown pid 58643 (exit status 0)
2026-01-28 20:01:20,116 INFO reaped unknown pid 58650 (exit status 0)
2026-01-28 20:01:24,158 INFO reaped unknown pid 58657 (exit status 0)
2026-01-28 20:01:29,171 INFO reaped unknown pid 58664 (exit status 0)
2026-01-28 20:01:35,236 INFO reaped unknown pid 58671 (exit status 0)
2026-01-28 20:01:40,336 INFO reaped unknown pid 58678 (exit status 0)
2026-01-28 20:01:44,352 INFO reaped unknown pid 58685 (exit status 0)
2026-01-28 20:01:49,423 INFO reaped unknown pid 58692 (exit status 0)
2026-01-28 20:01:54,506 INFO reaped unknown pid 58699 (exit status 0)
2026-01-28 20:02:01,096 INFO reaped unknown pid 58706 (exit status 0)
2026-01-28 20:02:03,965 INFO reaped unknown pid 58717 (exit status 0)
2026-01-28 20:02:09,044 INFO reaped unknown pid 58724 (exit status 0)
2026-01-28 20:02:14,099 INFO reaped unknown pid 58731 (exit status 0)
2026-01-28 20:02:19,190 INFO reaped unknown pid 58738 (exit status 0)
2026-01-28 20:02:24,252 INFO reaped unknown pid 58745 (exit status 0)
2026-01-28 20:02:29,319 INFO reaped unknown pid 58752 (exit status 0)
2026-01-28 20:02:35,336 INFO reaped unknown pid 58759 (exit status 0)
2026-01-28 20:02:39,345 INFO reaped unknown pid 58766 (exit status 0)
2026-01-28 20:02:45,448 INFO reaped unknown pid 58773 (exit status 0)
2026-01-28 20:02:49,472 INFO reaped unknown pid 58780 (exit status 0)
2026-01-28 20:02:55,585 INFO reaped unknown pid 58787 (exit status 0)
2026-01-28 20:02:59,630 INFO reaped unknown pid 58794 (exit status 0)
2026-01-28 20:03:03,948 INFO reaped unknown pid 58805 (exit status 0)
2026-01-28 20:03:08,945 INFO reaped unknown pid 58812 (exit status 0)
2026-01-28 20:03:14,040 INFO reaped unknown pid 58819 (exit status 0)
2026-01-28 20:03:19,079 INFO reaped unknown pid 58826 (exit status 0)
2026-01-28 20:03:24,149 INFO reaped unknown pid 58833 (exit status 0)
2026-01-28 20:03:30,165 INFO reaped unknown pid 58840 (exit status 0)
2026-01-28 20:03:35,212 INFO reaped unknown pid 58847 (exit status 0)
2026-01-28 20:03:39,267 INFO reaped unknown pid 58854 (exit status 0)
2026-01-28 20:03:44,348 INFO reaped unknown pid 58861 (exit status 0)
2026-01-28 20:03:49,402 INFO reaped unknown pid 58868 (exit status 0)
2026-01-28 20:03:54,484 INFO reaped unknown pid 58875 (exit status 0)
2026-01-28 20:03:59,559 INFO reaped unknown pid 58882 (exit status 0)
2026-01-28 20:04:03,912 INFO reaped unknown pid 58893 (exit status 0)
2026-01-28 20:04:08,920 INFO reaped unknown pid 58900 (exit status 0)
2026-01-28 20:04:13,989 INFO reaped unknown pid 58907 (exit status 0)
2026-01-28 20:04:19,038 INFO reaped unknown pid 58914 (exit status 0)
2026-01-28 20:04:24,085 INFO reaped unknown pid 58921 (exit status 0)
2026-01-28 20:04:29,164 INFO reaped unknown pid 58928 (exit status 0)
2026-01-28 20:04:34,251 INFO reaped unknown pid 58935 (exit status 0)
2026-01-28 20:04:39,346 INFO reaped unknown pid 58942 (exit status 0)
2026-01-28 20:04:45,460 INFO reaped unknown pid 58949 (exit status 0)
2026-01-28 20:04:49,520 INFO reaped unknown pid 58956 (exit status 0)
2026-01-28 20:04:54,560 INFO reaped unknown pid 58963 (exit status 0)
2026-01-28 20:04:59,577 INFO reaped unknown pid 58970 (exit status 0)
2026-01-28 20:05:03,944 INFO reaped unknown pid 58981 (exit status 0)
2026-01-28 20:05:09,044 INFO reaped unknown pid 58988 (exit status 0)
2026-01-28 20:05:14,114 INFO reaped unknown pid 58995 (exit status 0)
2026-01-28 20:05:19,158 INFO reaped unknown pid 59002 (exit status 0)
2026-01-28 20:05:24,227 INFO reaped unknown pid 59009 (exit status 0)
2026-01-28 20:05:29,257 INFO reaped unknown pid 59016 (exit status 0)
2026-01-28 20:05:34,391 INFO reaped unknown pid 59023 (exit status 0)
2026-01-28 20:05:39,367 INFO reaped unknown pid 59030 (exit status 0)
2026-01-28 20:05:44,491 INFO reaped unknown pid 59037 (exit status 0)
2026-01-28 20:05:49,502 INFO reaped unknown pid 59044 (exit status 0)
2026-01-28 20:05:54,532 INFO reaped unknown pid 59051 (exit status 0)
2026-01-28 20:05:59,644 INFO reaped unknown pid 59058 (exit status 0)
2026-01-28 20:06:03,862 INFO reaped unknown pid 59069 (exit status 0)
2026-01-28 20:06:08,925 INFO reaped unknown pid 59076 (exit status 0)
2026-01-28 20:06:13,997 INFO reaped unknown pid 59083 (exit status 0)
2026-01-28 20:06:19,023 INFO reaped unknown pid 59090 (exit status 0)
2026-01-28 20:06:24,036 INFO reaped unknown pid 59097 (exit status 0)
2026-01-28 20:06:29,088 INFO reaped unknown pid 59104 (exit status 0)
2026-01-28 20:06:34,134 INFO reaped unknown pid 59111 (exit status 0)
2026-01-28 20:06:40,147 INFO reaped unknown pid 59118 (exit status 0)
2026-01-28 20:06:44,219 INFO reaped unknown pid 59125 (exit status 0)
2026-01-28 20:06:50,314 INFO reaped unknown pid 59132 (exit status 0)
2026-01-28 20:06:54,444 INFO reaped unknown pid 59139 (exit status 0)
2026-01-28 20:07:01,061 INFO reaped unknown pid 59146 (exit status 0)
2026-01-28 20:07:03,916 INFO reaped unknown pid 59157 (exit status 0)
2026-01-28 20:07:08,979 INFO reaped unknown pid 59164 (exit status 0)
2026-01-28 20:07:14,064 INFO reaped unknown pid 59171 (exit status 0)
2026-01-28 20:07:19,156 INFO reaped unknown pid 59178 (exit status 0)
2026-01-28 20:07:24,238 INFO reaped unknown pid 59185 (exit status 0)
2026-01-28 20:07:29,265 INFO reaped unknown pid 59192 (exit status 0)
2026-01-28 20:07:34,350 INFO reaped unknown pid 59199 (exit status 0)
2026-01-28 20:07:39,430 INFO reaped unknown pid 59206 (exit status 0)
2026-01-28 20:07:45,532 INFO reaped unknown pid 59213 (exit status 0)
2026-01-28 20:07:49,603 INFO reaped unknown pid 59220 (exit status 0)
2026-01-28 20:07:54,647 INFO reaped unknown pid 59227 (exit status 0)
2026-01-28 20:08:00,021 INFO reaped unknown pid 59234 (exit status 0)
2026-01-28 20:08:03,975 INFO reaped unknown pid 59245 (exit status 0)
2026-01-28 20:08:09,022 INFO reaped unknown pid 59252 (exit status 0)
2026-01-28 20:08:14,107 INFO reaped unknown pid 59259 (exit status 0)
2026-01-28 20:08:19,122 INFO reaped unknown pid 59266 (exit status 0)
2026-01-28 20:08:24,218 INFO reaped unknown pid 59273 (exit status 0)
2026-01-28 20:08:29,283 INFO reaped unknown pid 59280 (exit status 0)
2026-01-28 20:08:35,331 INFO reaped unknown pid 59287 (exit status 0)
2026-01-28 20:08:39,378 INFO reaped unknown pid 59294 (exit status 0)
2026-01-28 20:08:44,397 INFO reaped unknown pid 59301 (exit status 0)
2026-01-28 20:08:49,409 INFO reaped unknown pid 59308 (exit status 0)
2026-01-28 20:08:55,518 INFO reaped unknown pid 59315 (exit status 0)
2026-01-28 20:08:59,531 INFO reaped unknown pid 59322 (exit status 0)
2026-01-28 20:09:04,035 INFO reaped unknown pid 59333 (exit status 0)
2026-01-28 20:09:09,038 INFO reaped unknown pid 59340 (exit status 0)
2026-01-28 20:09:14,131 INFO reaped unknown pid 59347 (exit status 0)
2026-01-28 20:09:19,217 INFO reaped unknown pid 59354 (exit status 0)
2026-01-28 20:09:24,276 INFO reaped unknown pid 59361 (exit status 0)
2026-01-28 20:09:29,299 INFO reaped unknown pid 59368 (exit status 0)
2026-01-28 20:09:35,470 INFO reaped unknown pid 59375 (exit status 0)
2026-01-28 20:09:40,430 INFO reaped unknown pid 59382 (exit status 0)
2026-01-28 20:09:45,464 INFO reaped unknown pid 59389 (exit status 0)
2026-01-28 20:09:49,527 INFO reaped unknown pid 59396 (exit status 0)
2026-01-28 20:09:55,628 INFO reaped unknown pid 59403 (exit status 0)
2026-01-28 20:09:59,708 INFO reaped unknown pid 59410 (exit status 0)
2026-01-28 20:10:04,409 INFO reaped unknown pid 59421 (exit status 0)
2026-01-28 20:10:09,475 INFO reaped unknown pid 59428 (exit status 0)
2026-01-28 20:10:14,469 INFO reaped unknown pid 59435 (exit status 0)
2026-01-28 20:10:20,501 INFO reaped unknown pid 59442 (exit status 0)
2026-01-28 20:10:25,655 INFO reaped unknown pid 59449 (exit status 0)
2026-01-28 20:10:29,653 INFO reaped unknown pid 59456 (exit status 0)
2026-01-28 20:10:36,759 INFO reaped unknown pid 59463 (exit status 0)
2026-01-28 20:10:39,759 INFO reaped unknown pid 59470 (exit status 0)
2026-01-28 20:10:45,762 INFO reaped unknown pid 59477 (exit status 0)
2026-01-28 20:10:49,789 INFO reaped unknown pid 59484 (exit status 0)
2026-01-28 20:10:55,837 INFO reaped unknown pid 59491 (exit status 0)
2026-01-28 20:11:01,067 INFO reaped unknown pid 59498 (exit status 0)
2026-01-28 20:11:05,750 INFO reaped unknown pid 59509 (exit status 0)
2026-01-28 20:11:09,417 INFO reaped unknown pid 59516 (exit status 0)
2026-01-28 20:11:15,580 INFO reaped unknown pid 59523 (exit status 0)
2026-01-28 20:11:19,604 INFO reaped unknown pid 59530 (exit status 0)
2026-01-28 20:11:25,634 INFO reaped unknown pid 59537 (exit status 0)
2026-01-28 20:11:29,634 INFO reaped unknown pid 59544 (exit status 0)
2026-01-28 20:11:36,708 INFO reaped unknown pid 59551 (exit status 0)
2026-01-28 20:11:39,738 INFO reaped unknown pid 59558 (exit status 0)
2026-01-28 20:11:44,799 INFO reaped unknown pid 59565 (exit status 0)
2026-01-28 20:11:49,802 INFO reaped unknown pid 59572 (exit status 0)
2026-01-28 20:11:54,840 INFO reaped unknown pid 59579 (exit status 0)
2026-01-28 20:11:59,968 INFO reaped unknown pid 59586 (exit status 0)
2026-01-28 20:12:05,434 INFO reaped unknown pid 59597 (exit status 0)
2026-01-28 20:12:10,503 INFO reaped unknown pid 59604 (exit status 0)
2026-01-28 20:12:15,574 INFO reaped unknown pid 59611 (exit status 0)
2026-01-28 20:12:20,680 INFO reaped unknown pid 59618 (exit status 0)
2026-01-28 20:12:25,729 INFO reaped unknown pid 59625 (exit status 0)
2026-01-28 20:12:30,735 INFO reaped unknown pid 59632 (exit status 0)
2026-01-28 20:12:36,813 INFO reaped unknown pid 59639 (exit status 0)
2026-01-28 20:12:40,806 INFO reaped unknown pid 59646 (exit status 0)
2026-01-28 20:12:45,832 INFO reaped unknown pid 59653 (exit status 0)
2026-01-28 20:12:51,906 INFO reaped unknown pid 59660 (exit status 0)
2026-01-28 20:12:56,027 INFO reaped unknown pid 59667 (exit status 0)
2026-01-28 20:13:01,012 INFO reaped unknown pid 59674 (exit status 0)
2026-01-28 20:13:04,911 INFO reaped unknown pid 59685 (exit status 0)
2026-01-28 20:13:09,983 INFO reaped unknown pid 59692 (exit status 0)
2026-01-28 20:13:14,045 INFO reaped unknown pid 59699 (exit status 0)
2026-01-28 20:13:19,035 INFO reaped unknown pid 59706 (exit status 0)
2026-01-28 20:13:24,149 INFO reaped unknown pid 59713 (exit status 0)
2026-01-28 20:13:29,140 INFO reaped unknown pid 59720 (exit status 0)
2026-01-28 20:13:35,227 INFO reaped unknown pid 59727 (exit status 0)
2026-01-28 20:13:39,247 INFO reaped unknown pid 59734 (exit status 0)
2026-01-28 20:13:45,315 INFO reaped unknown pid 59741 (exit status 0)
2026-01-28 20:13:49,326 INFO reaped unknown pid 59748 (exit status 0)
2026-01-28 20:13:54,373 INFO reaped unknown pid 59755 (exit status 0)
2026-01-28 20:13:59,458 INFO reaped unknown pid 59762 (exit status 0)
2026-01-28 20:14:03,982 INFO reaped unknown pid 59773 (exit status 0)
2026-01-28 20:14:09,003 INFO reaped unknown pid 59780 (exit status 0)
2026-01-28 20:14:14,096 INFO reaped unknown pid 59787 (exit status 0)
2026-01-28 20:14:20,160 INFO reaped unknown pid 59794 (exit status 0)
2026-01-28 20:14:24,334 INFO reaped unknown pid 59801 (exit status 0)
2026-01-28 20:14:29,298 INFO reaped unknown pid 59808 (exit status 0)
2026-01-28 20:14:36,440 INFO reaped unknown pid 59815 (exit status 0)
2026-01-28 20:14:39,484 INFO reaped unknown pid 59822 (exit status 0)
2026-01-28 20:14:44,551 INFO reaped unknown pid 59829 (exit status 0)
2026-01-28 20:14:49,652 INFO reaped unknown pid 59836 (exit status 0)
2026-01-28 20:14:55,730 INFO reaped unknown pid 59843 (exit status 0)
2026-01-28 20:14:59,717 INFO reaped unknown pid 59850 (exit status 0)
2026-01-28 20:15:04,025 INFO reaped unknown pid 59861 (exit status 0)
2026-01-28 20:15:09,035 INFO reaped unknown pid 59868 (exit status 0)
2026-01-28 20:15:14,134 INFO reaped unknown pid 59875 (exit status 0)
2026-01-28 20:15:19,151 INFO reaped unknown pid 59882 (exit status 0)
2026-01-28 20:15:24,229 INFO reaped unknown pid 59889 (exit status 0)
2026-01-28 20:15:29,268 INFO reaped unknown pid 59896 (exit status 0)
2026-01-28 20:15:34,333 INFO reaped unknown pid 59903 (exit status 0)
2026-01-28 20:15:40,428 INFO reaped unknown pid 59910 (exit status 0)
2026-01-28 20:15:44,436 INFO reaped unknown pid 59917 (exit status 0)
2026-01-28 20:15:49,442 INFO reaped unknown pid 59924 (exit status 0)
2026-01-28 20:15:55,669 INFO reaped unknown pid 59931 (exit status 0)
2026-01-28 20:15:59,613 INFO reaped unknown pid 59938 (exit status 0)
2026-01-28 20:16:03,890 INFO reaped unknown pid 59949 (exit status 0)
2026-01-28 20:16:08,967 INFO reaped unknown pid 59956 (exit status 0)
2026-01-28 20:16:14,068 INFO reaped unknown pid 59963 (exit status 0)
2026-01-28 20:16:20,047 INFO reaped unknown pid 59970 (exit status 0)
2026-01-28 20:16:24,079 INFO reaped unknown pid 59977 (exit status 0)
2026-01-28 20:16:29,215 INFO reaped unknown pid 59984 (exit status 0)
2026-01-28 20:16:34,251 INFO reaped unknown pid 59991 (exit status 0)
2026-01-28 20:16:40,322 INFO reaped unknown pid 59998 (exit status 0)
2026-01-28 20:16:44,373 INFO reaped unknown pid 60005 (exit status 0)
2026-01-28 20:16:50,466 INFO reaped unknown pid 60012 (exit status 0)
2026-01-28 20:16:54,491 INFO reaped unknown pid 60019 (exit status 0)
2026-01-28 20:16:59,582 INFO reaped unknown pid 60026 (exit status 0)
2026-01-28 20:17:05,161 INFO reaped unknown pid 60037 (exit status 0)
2026-01-28 20:17:09,152 INFO reaped unknown pid 60044 (exit status 0)
2026-01-28 20:17:14,209 INFO reaped unknown pid 60051 (exit status 0)
2026-01-28 20:17:19,309 INFO reaped unknown pid 60058 (exit status 0)
2026-01-28 20:17:24,366 INFO reaped unknown pid 60065 (exit status 0)
2026-01-28 20:17:29,429 INFO reaped unknown pid 60072 (exit status 0)
2026-01-28 20:17:35,508 INFO reaped unknown pid 60079 (exit status 0)
2026-01-28 20:17:39,515 INFO reaped unknown pid 60086 (exit status 0)
2026-01-28 20:17:45,619 INFO reaped unknown pid 60093 (exit status 0)
2026-01-28 20:17:49,685 INFO reaped unknown pid 60100 (exit status 0)
2026-01-28 20:17:54,771 INFO reaped unknown pid 60107 (exit status 0)
2026-01-28 20:17:59,804 INFO reaped unknown pid 60114 (exit status 0)
2026-01-28 20:18:04,083 INFO reaped unknown pid 60125 (exit status 0)
2026-01-28 20:18:09,207 INFO reaped unknown pid 60132 (exit status 0)
2026-01-28 20:18:14,296 INFO reaped unknown pid 60139 (exit status 0)
2026-01-28 20:18:19,379 INFO reaped unknown pid 60146 (exit status 0)
2026-01-28 20:18:24,439 INFO reaped unknown pid 60153 (exit status 0)
2026-01-28 20:18:30,545 INFO reaped unknown pid 60160 (exit status 0)
2026-01-28 20:18:35,588 INFO reaped unknown pid 60167 (exit status 0)
2026-01-28 20:18:39,668 INFO reaped unknown pid 60174 (exit status 0)
2026-01-28 20:18:44,732 INFO reaped unknown pid 60181 (exit status 0)
2026-01-28 20:18:49,823 INFO reaped unknown pid 60188 (exit status 0)
2026-01-28 20:18:55,909 INFO reaped unknown pid 60195 (exit status 0)
2026-01-28 20:18:59,977 INFO reaped unknown pid 60202 (exit status 0)
2026-01-28 20:19:03,944 INFO reaped unknown pid 60213 (exit status 0)
2026-01-28 20:19:08,953 INFO reaped unknown pid 60220 (exit status 0)
2026-01-28 20:19:14,048 INFO reaped unknown pid 60227 (exit status 0)
2026-01-28 20:19:20,129 INFO reaped unknown pid 60234 (exit status 0)
2026-01-28 20:19:24,173 INFO reaped unknown pid 60241 (exit status 0)
2026-01-28 20:19:29,243 INFO reaped unknown pid 60248 (exit status 0)
2026-01-28 20:19:34,313 INFO reaped unknown pid 60255 (exit status 0)
2026-01-28 20:19:40,352 INFO reaped unknown pid 60262 (exit status 0)
2026-01-28 20:19:44,366 INFO reaped unknown pid 60269 (exit status 0)
2026-01-28 20:19:49,434 INFO reaped unknown pid 60276 (exit status 0)
2026-01-28 20:19:54,518 INFO reaped unknown pid 60283 (exit status 0)
2026-01-28 20:19:59,577 INFO reaped unknown pid 60290 (exit status 0)
2026-01-28 20:20:04,969 INFO reaped unknown pid 60301 (exit status 0)
2026-01-28 20:20:08,973 INFO reaped unknown pid 60308 (exit status 0)
2026-01-28 20:20:14,051 INFO reaped unknown pid 60315 (exit status 0)
2026-01-28 20:20:19,088 INFO reaped unknown pid 60322 (exit status 0)
2026-01-28 20:20:24,089 INFO reaped unknown pid 60329 (exit status 0)
2026-01-28 20:20:29,156 INFO reaped unknown pid 60336 (exit status 0)
2026-01-28 20:20:34,233 INFO reaped unknown pid 60343 (exit status 0)
2026-01-28 20:20:39,298 INFO reaped unknown pid 60350 (exit status 0)
2026-01-28 20:20:44,274 INFO reaped unknown pid 60357 (exit status 0)
2026-01-28 20:20:49,382 INFO reaped unknown pid 60364 (exit status 0)
2026-01-28 20:20:54,509 INFO reaped unknown pid 60371 (exit status 0)
2026-01-28 20:20:59,503 INFO reaped unknown pid 60378 (exit status 0)
2026-01-28 20:21:03,969 INFO reaped unknown pid 60389 (exit status 0)
2026-01-28 20:21:08,993 INFO reaped unknown pid 60396 (exit status 0)
2026-01-28 20:21:14,102 INFO reaped unknown pid 60403 (exit status 0)
2026-01-28 20:21:19,197 INFO reaped unknown pid 60410 (exit status 0)
2026-01-28 20:21:24,266 INFO reaped unknown pid 60417 (exit status 0)
2026-01-28 20:21:29,352 INFO reaped unknown pid 60424 (exit status 0)
2026-01-28 20:21:34,340 INFO reaped unknown pid 60431 (exit status 0)
2026-01-28 20:21:39,456 INFO reaped unknown pid 60438 (exit status 0)
2026-01-28 20:21:44,442 INFO reaped unknown pid 60445 (exit status 0)
2026-01-28 20:21:49,467 INFO reaped unknown pid 60452 (exit status 0)
2026-01-28 20:21:54,554 INFO reaped unknown pid 60459 (exit status 0)
2026-01-28 20:21:59,652 INFO reaped unknown pid 60466 (exit status 0)
2026-01-28 20:22:05,990 INFO reaped unknown pid 60477 (exit status 0)
2026-01-28 20:22:09,003 INFO reaped unknown pid 60484 (exit status 0)
2026-01-28 20:22:14,097 INFO reaped unknown pid 60491 (exit status 0)
2026-01-28 20:22:19,167 INFO reaped unknown pid 60498 (exit status 0)
2026-01-28 20:22:24,226 INFO reaped unknown pid 60505 (exit status 0)
2026-01-28 20:22:29,336 INFO reaped unknown pid 60512 (exit status 0)
2026-01-28 20:22:34,341 INFO reaped unknown pid 60519 (exit status 0)
2026-01-28 20:22:39,380 INFO reaped unknown pid 60526 (exit status 0)
2026-01-28 20:22:44,458 INFO reaped unknown pid 60533 (exit status 0)
2026-01-28 20:22:49,573 INFO reaped unknown pid 60540 (exit status 0)
2026-01-28 20:22:54,660 INFO reaped unknown pid 60547 (exit status 0)
2026-01-28 20:22:59,718 INFO reaped unknown pid 60554 (exit status 0)
2026-01-28 20:23:03,960 INFO reaped unknown pid 60565 (exit status 0)
2026-01-28 20:23:09,064 INFO reaped unknown pid 60572 (exit status 0)
2026-01-28 20:23:14,124 INFO reaped unknown pid 60579 (exit status 0)
2026-01-28 20:23:19,166 INFO reaped unknown pid 60586 (exit status 0)
2026-01-28 20:23:24,256 INFO reaped unknown pid 60593 (exit status 0)
2026-01-28 20:23:29,356 INFO reaped unknown pid 60600 (exit status 0)
2026-01-28 20:23:34,444 INFO reaped unknown pid 60607 (exit status 0)
2026-01-28 20:23:39,564 INFO reaped unknown pid 60614 (exit status 0)
2026-01-28 20:23:44,652 INFO reaped unknown pid 60621 (exit status 0)
2026-01-28 20:23:49,687 INFO reaped unknown pid 60628 (exit status 0)
2026-01-28 20:23:54,712 INFO reaped unknown pid 60635 (exit status 0)
2026-01-28 20:23:59,752 INFO reaped unknown pid 60642 (exit status 0)
2026-01-28 20:24:06,389 INFO reaped unknown pid 60653 (exit status 0)
2026-01-28 20:24:09,313 INFO reaped unknown pid 60660 (exit status 0)
2026-01-28 20:24:14,313 INFO reaped unknown pid 60667 (exit status 0)
2026-01-28 20:24:19,317 INFO reaped unknown pid 60674 (exit status 0)
2026-01-28 20:24:24,340 INFO reaped unknown pid 60681 (exit status 0)
2026-01-28 20:24:29,436 INFO reaped unknown pid 60688 (exit status 0)
2026-01-28 20:24:34,469 INFO reaped unknown pid 60695 (exit status 0)
2026-01-28 20:24:39,568 INFO reaped unknown pid 60702 (exit status 0)
2026-01-28 20:24:44,581 INFO reaped unknown pid 60709 (exit status 0)
2026-01-28 20:24:49,656 INFO reaped unknown pid 60716 (exit status 0)
2026-01-28 20:24:54,759 INFO reaped unknown pid 60723 (exit status 0)
2026-01-28 20:24:59,828 INFO reaped unknown pid 60730 (exit status 0)
2026-01-28 20:25:03,856 INFO reaped unknown pid 60741 (exit status 0)
2026-01-28 20:25:08,936 INFO reaped unknown pid 60748 (exit status 0)
2026-01-28 20:25:13,941 INFO reaped unknown pid 60755 (exit status 0)
2026-01-28 20:25:18,959 INFO reaped unknown pid 60762 (exit status 0)
2026-01-28 20:25:24,050 INFO reaped unknown pid 60769 (exit status 0)
2026-01-28 20:25:29,149 INFO reaped unknown pid 60776 (exit status 0)
2026-01-28 20:25:34,162 INFO reaped unknown pid 60783 (exit status 0)
2026-01-28 20:25:39,255 INFO reaped unknown pid 60790 (exit status 0)
2026-01-28 20:25:44,355 INFO reaped unknown pid 60797 (exit status 0)
2026-01-28 20:25:49,385 INFO reaped unknown pid 60804 (exit status 0)
2026-01-28 20:25:54,386 INFO reaped unknown pid 60811 (exit status 0)
2026-01-28 20:25:59,440 INFO reaped unknown pid 60818 (exit status 0)
2026-01-28 20:26:03,759 INFO reaped unknown pid 60829 (exit status 0)
2026-01-28 20:26:08,822 INFO reaped unknown pid 60836 (exit status 0)
2026-01-28 20:26:13,917 INFO reaped unknown pid 60843 (exit status 0)
2026-01-28 20:26:19,007 INFO reaped unknown pid 60850 (exit status 0)
2026-01-28 20:26:24,017 INFO reaped unknown pid 60857 (exit status 0)
2026-01-28 20:26:29,079 INFO reaped unknown pid 60864 (exit status 0)
2026-01-28 20:26:34,120 INFO reaped unknown pid 60871 (exit status 0)
2026-01-28 20:26:39,122 INFO reaped unknown pid 60878 (exit status 0)
2026-01-28 20:26:44,126 INFO reaped unknown pid 60885 (exit status 0)
2026-01-28 20:26:49,213 INFO reaped unknown pid 60892 (exit status 0)
2026-01-28 20:26:54,220 INFO reaped unknown pid 60899 (exit status 0)
2026-01-28 20:26:59,239 INFO reaped unknown pid 60906 (exit status 0)
2026-01-28 20:27:03,828 INFO reaped unknown pid 60917 (exit status 0)
2026-01-28 20:27:09,869 INFO reaped unknown pid 60924 (exit status 0)
2026-01-28 20:27:13,926 INFO reaped unknown pid 60931 (exit status 0)
2026-01-28 20:27:19,006 INFO reaped unknown pid 60938 (exit status 0)
2026-01-28 20:27:24,102 INFO reaped unknown pid 60945 (exit status 0)
2026-01-28 20:27:29,112 INFO reaped unknown pid 60952 (exit status 0)
2026-01-28 20:27:34,186 INFO reaped unknown pid 60959 (exit status 0)
2026-01-28 20:27:39,188 INFO reaped unknown pid 60966 (exit status 0)
2026-01-28 20:27:44,199 INFO reaped unknown pid 60973 (exit status 0)
2026-01-28 20:27:49,266 INFO reaped unknown pid 60980 (exit status 0)
2026-01-28 20:27:54,346 INFO reaped unknown pid 60987 (exit status 0)
2026-01-28 20:27:59,420 INFO reaped unknown pid 60994 (exit status 0)
2026-01-28 20:28:03,770 INFO reaped unknown pid 61005 (exit status 0)
2026-01-28 20:28:08,847 INFO reaped unknown pid 61012 (exit status 0)
2026-01-28 20:28:13,947 INFO reaped unknown pid 61019 (exit status 0)
2026-01-28 20:28:18,971 INFO reaped unknown pid 61026 (exit status 0)
2026-01-28 20:28:23,983 INFO reaped unknown pid 61033 (exit status 0)
2026-01-28 20:28:29,076 INFO reaped unknown pid 61040 (exit status 0)
2026-01-28 20:28:34,095 INFO reaped unknown pid 61047 (exit status 0)
2026-01-28 20:28:39,157 INFO reaped unknown pid 61054 (exit status 0)
2026-01-28 20:28:44,225 INFO reaped unknown pid 61061 (exit status 0)
2026-01-28 20:28:49,234 INFO reaped unknown pid 61068 (exit status 0)
2026-01-28 20:28:54,296 INFO reaped unknown pid 61075 (exit status 0)
2026-01-28 20:28:59,347 INFO reaped unknown pid 61082 (exit status 0)
2026-01-28 20:29:03,820 INFO reaped unknown pid 61093 (exit status 0)
2026-01-28 20:29:08,846 INFO reaped unknown pid 61100 (exit status 0)
2026-01-28 20:29:13,943 INFO reaped unknown pid 61107 (exit status 0)
2026-01-28 20:29:19,019 INFO reaped unknown pid 61114 (exit status 0)
2026-01-28 20:29:24,016 INFO reaped unknown pid 61121 (exit status 0)
2026-01-28 20:29:29,053 INFO reaped unknown pid 61128 (exit status 0)
2026-01-28 20:29:34,077 INFO reaped unknown pid 61135 (exit status 0)
2026-01-28 20:29:39,080 INFO reaped unknown pid 61142 (exit status 0)
2026-01-28 20:29:44,170 INFO reaped unknown pid 61149 (exit status 0)
2026-01-28 20:29:49,237 INFO reaped unknown pid 61156 (exit status 0)
2026-01-28 20:29:54,343 INFO reaped unknown pid 61163 (exit status 0)
2026-01-28 20:29:59,414 INFO reaped unknown pid 61170 (exit status 0)
2026-01-28 20:30:03,761 INFO reaped unknown pid 61181 (exit status 0)
2026-01-28 20:30:08,854 INFO reaped unknown pid 61188 (exit status 0)
2026-01-28 20:30:13,922 INFO reaped unknown pid 61195 (exit status 0)
2026-01-28 20:30:18,999 INFO reaped unknown pid 61202 (exit status 0)
2026-01-28 20:30:24,017 INFO reaped unknown pid 61209 (exit status 0)
2026-01-28 20:30:29,115 INFO reaped unknown pid 61216 (exit status 0)
2026-01-28 20:30:34,117 INFO reaped unknown pid 61223 (exit status 0)
2026-01-28 20:30:39,143 INFO reaped unknown pid 61230 (exit status 0)
2026-01-28 20:30:44,156 INFO reaped unknown pid 61237 (exit status 0)
2026-01-28 20:30:49,245 INFO reaped unknown pid 61244 (exit status 0)
2026-01-28 20:30:54,248 INFO reaped unknown pid 61251 (exit status 0)
2026-01-28 20:30:59,303 INFO reaped unknown pid 61258 (exit status 0)
2026-01-28 20:31:03,791 INFO reaped unknown pid 61269 (exit status 0)
2026-01-28 20:31:08,843 INFO reaped unknown pid 61276 (exit status 0)
2026-01-28 20:31:13,927 INFO reaped unknown pid 61283 (exit status 0)
2026-01-28 20:31:18,990 INFO reaped unknown pid 61290 (exit status 0)
2026-01-28 20:31:24,013 INFO reaped unknown pid 61297 (exit status 0)
2026-01-28 20:31:29,099 INFO reaped unknown pid 61304 (exit status 0)
2026-01-28 20:31:34,116 INFO reaped unknown pid 61311 (exit status 0)
2026-01-28 20:31:39,197 INFO reaped unknown pid 61318 (exit status 0)
2026-01-28 20:31:44,300 INFO reaped unknown pid 61325 (exit status 0)
2026-01-28 20:31:49,353 INFO reaped unknown pid 61332 (exit status 0)
2026-01-28 20:31:54,458 INFO reaped unknown pid 61339 (exit status 0)
2026-01-28 20:31:59,492 INFO reaped unknown pid 61346 (exit status 0)
2026-01-28 20:32:03,859 INFO reaped unknown pid 61357 (exit status 0)
2026-01-28 20:32:09,860 INFO reaped unknown pid 61364 (exit status 0)
2026-01-28 20:32:13,953 INFO reaped unknown pid 61371 (exit status 0)
2026-01-28 20:32:19,006 INFO reaped unknown pid 61378 (exit status 0)
2026-01-28 20:32:24,019 INFO reaped unknown pid 61385 (exit status 0)
2026-01-28 20:32:29,085 INFO reaped unknown pid 61392 (exit status 0)
2026-01-28 20:32:34,189 INFO reaped unknown pid 61399 (exit status 0)
2026-01-28 20:32:39,275 INFO reaped unknown pid 61406 (exit status 0)
2026-01-28 20:32:44,286 INFO reaped unknown pid 61413 (exit status 0)
2026-01-28 20:32:49,329 INFO reaped unknown pid 61420 (exit status 0)
2026-01-28 20:32:54,426 INFO reaped unknown pid 61427 (exit status 0)
2026-01-28 20:32:59,432 INFO reaped unknown pid 61434 (exit status 0)
2026-01-28 20:33:03,775 INFO reaped unknown pid 61445 (exit status 0)
2026-01-28 20:33:08,795 INFO reaped unknown pid 61452 (exit status 0)
2026-01-28 20:33:13,864 INFO reaped unknown pid 61459 (exit status 0)
2026-01-28 20:33:18,939 INFO reaped unknown pid 61466 (exit status 0)
2026-01-28 20:33:24,030 INFO reaped unknown pid 61473 (exit status 0)
2026-01-28 20:33:29,020 INFO reaped unknown pid 61480 (exit status 0)
2026-01-28 20:33:34,123 INFO reaped unknown pid 61487 (exit status 0)
2026-01-28 20:33:39,133 INFO reaped unknown pid 61494 (exit status 0)
2026-01-28 20:33:44,212 INFO reaped unknown pid 61501 (exit status 0)
2026-01-28 20:33:49,281 INFO reaped unknown pid 61508 (exit status 0)
2026-01-28 20:33:54,348 INFO reaped unknown pid 61515 (exit status 0)
2026-01-28 20:33:59,355 INFO reaped unknown pid 61522 (exit status 0)
2026-01-28 20:34:03,981 INFO reaped unknown pid 61533 (exit status 0)
2026-01-28 20:34:09,033 INFO reaped unknown pid 61540 (exit status 0)
2026-01-28 20:34:14,111 INFO reaped unknown pid 61547 (exit status 0)
2026-01-28 20:34:19,147 INFO reaped unknown pid 61554 (exit status 0)
2026-01-28 20:34:24,204 INFO reaped unknown pid 61561 (exit status 0)
2026-01-28 20:34:29,246 INFO reaped unknown pid 61568 (exit status 0)
2026-01-28 20:34:34,327 INFO reaped unknown pid 61575 (exit status 0)
2026-01-28 20:34:39,336 INFO reaped unknown pid 61582 (exit status 0)
2026-01-28 20:34:44,439 INFO reaped unknown pid 61589 (exit status 0)
2026-01-28 20:34:49,456 INFO reaped unknown pid 61596 (exit status 0)
2026-01-28 20:34:54,572 INFO reaped unknown pid 61603 (exit status 0)
2026-01-28 20:34:59,626 INFO reaped unknown pid 61610 (exit status 0)
2026-01-28 20:35:03,722 INFO reaped unknown pid 61621 (exit status 0)
2026-01-28 20:35:08,766 INFO reaped unknown pid 61628 (exit status 0)
2026-01-28 20:35:13,856 INFO reaped unknown pid 61635 (exit status 0)
2026-01-28 20:35:18,941 INFO reaped unknown pid 61642 (exit status 0)
2026-01-28 20:35:24,029 INFO reaped unknown pid 61649 (exit status 0)
2026-01-28 20:35:29,075 INFO reaped unknown pid 61656 (exit status 0)
2026-01-28 20:35:34,092 INFO reaped unknown pid 61663 (exit status 0)
2026-01-28 20:35:39,157 INFO reaped unknown pid 61670 (exit status 0)
2026-01-28 20:35:44,177 INFO reaped unknown pid 61677 (exit status 0)
2026-01-28 20:35:49,261 INFO reaped unknown pid 61684 (exit status 0)
2026-01-28 20:35:54,342 INFO reaped unknown pid 61691 (exit status 0)
2026-01-28 20:35:59,432 INFO reaped unknown pid 61698 (exit status 0)
2026-01-28 20:36:03,789 INFO reaped unknown pid 61709 (exit status 0)
2026-01-28 20:36:08,845 INFO reaped unknown pid 61716 (exit status 0)
2026-01-28 20:36:13,879 INFO reaped unknown pid 61723 (exit status 0)
2026-01-28 20:36:18,930 INFO reaped unknown pid 61730 (exit status 0)
2026-01-28 20:36:23,964 INFO reaped unknown pid 61737 (exit status 0)
2026-01-28 20:36:28,992 INFO reaped unknown pid 61744 (exit status 0)
2026-01-28 20:36:34,050 INFO reaped unknown pid 61751 (exit status 0)
2026-01-28 20:36:39,121 INFO reaped unknown pid 61758 (exit status 0)
2026-01-28 20:36:44,209 INFO reaped unknown pid 61765 (exit status 0)
2026-01-28 20:36:49,261 INFO reaped unknown pid 61772 (exit status 0)
2026-01-28 20:36:54,295 INFO reaped unknown pid 61779 (exit status 0)
2026-01-28 20:36:59,381 INFO reaped unknown pid 61786 (exit status 0)
2026-01-28 20:37:03,824 INFO reaped unknown pid 61797 (exit status 0)
2026-01-28 20:37:08,860 INFO reaped unknown pid 61804 (exit status 0)
2026-01-28 20:37:14,912 INFO reaped unknown pid 61811 (exit status 0)
2026-01-28 20:37:18,927 INFO reaped unknown pid 61818 (exit status 0)
2026-01-28 20:37:23,958 INFO reaped unknown pid 61825 (exit status 0)
2026-01-28 20:37:29,016 INFO reaped unknown pid 61832 (exit status 0)
2026-01-28 20:37:34,037 INFO reaped unknown pid 61839 (exit status 0)
2026-01-28 20:37:39,107 INFO reaped unknown pid 61846 (exit status 0)
2026-01-28 20:37:44,157 INFO reaped unknown pid 61853 (exit status 0)
2026-01-28 20:37:49,187 INFO reaped unknown pid 61860 (exit status 0)
2026-01-28 20:37:54,249 INFO reaped unknown pid 61867 (exit status 0)
2026-01-28 20:37:59,250 INFO reaped unknown pid 61874 (exit status 0)
2026-01-28 20:38:03,794 INFO reaped unknown pid 61885 (exit status 0)
2026-01-28 20:38:08,877 INFO reaped unknown pid 61892 (exit status 0)
2026-01-28 20:38:13,900 INFO reaped unknown pid 61899 (exit status 0)
2026-01-28 20:38:18,914 INFO reaped unknown pid 61906 (exit status 0)
2026-01-28 20:38:23,976 INFO reaped unknown pid 61913 (exit status 0)
2026-01-28 20:38:29,058 INFO reaped unknown pid 61920 (exit status 0)
2026-01-28 20:38:34,121 INFO reaped unknown pid 61927 (exit status 0)
2026-01-28 20:38:39,156 INFO reaped unknown pid 61934 (exit status 0)
2026-01-28 20:38:44,185 INFO reaped unknown pid 61941 (exit status 0)
2026-01-28 20:38:49,215 INFO reaped unknown pid 61948 (exit status 0)
2026-01-28 20:38:54,249 INFO reaped unknown pid 61955 (exit status 0)
2026-01-28 20:38:59,309 INFO reaped unknown pid 61962 (exit status 0)
2026-01-28 20:39:03,749 INFO reaped unknown pid 61973 (exit status 0)
2026-01-28 20:39:08,846 INFO reaped unknown pid 61980 (exit status 0)
2026-01-28 20:39:13,877 INFO reaped unknown pid 61987 (exit status 0)
2026-01-28 20:39:18,884 INFO reaped unknown pid 61994 (exit status 0)
2026-01-28 20:39:23,880 INFO reaped unknown pid 62001 (exit status 0)
2026-01-28 20:39:28,977 INFO reaped unknown pid 62008 (exit status 0)
2026-01-28 20:39:34,078 INFO reaped unknown pid 62015 (exit status 0)
2026-01-28 20:39:39,075 INFO reaped unknown pid 62022 (exit status 0)
2026-01-28 20:39:44,133 INFO reaped unknown pid 62029 (exit status 0)
2026-01-28 20:39:49,130 INFO reaped unknown pid 62036 (exit status 0)
2026-01-28 20:39:54,224 INFO reaped unknown pid 62043 (exit status 0)
2026-01-28 20:39:59,276 INFO reaped unknown pid 62050 (exit status 0)
2026-01-28 20:40:03,837 INFO reaped unknown pid 62061 (exit status 0)
2026-01-28 20:40:08,861 INFO reaped unknown pid 62068 (exit status 0)
2026-01-28 20:40:13,926 INFO reaped unknown pid 62075 (exit status 0)
2026-01-28 20:40:18,995 INFO reaped unknown pid 62082 (exit status 0)
2026-01-28 20:40:24,074 INFO reaped unknown pid 62089 (exit status 0)
2026-01-28 20:40:29,071 INFO reaped unknown pid 62096 (exit status 0)
2026-01-28 20:40:34,111 INFO reaped unknown pid 62103 (exit status 0)
2026-01-28 20:40:39,138 INFO reaped unknown pid 62110 (exit status 0)
2026-01-28 20:40:44,223 INFO reaped unknown pid 62117 (exit status 0)
2026-01-28 20:40:49,307 INFO reaped unknown pid 62124 (exit status 0)
2026-01-28 20:40:54,413 INFO reaped unknown pid 62131 (exit status 0)
2026-01-28 20:40:59,414 INFO reaped unknown pid 62138 (exit status 0)
2026-01-28 20:41:03,737 INFO reaped unknown pid 62149 (exit status 0)
2026-01-28 20:41:08,825 INFO reaped unknown pid 62156 (exit status 0)
2026-01-28 20:41:13,918 INFO reaped unknown pid 62163 (exit status 0)
2026-01-28 20:41:19,020 INFO reaped unknown pid 62170 (exit status 0)
2026-01-28 20:41:24,121 INFO reaped unknown pid 62177 (exit status 0)
2026-01-28 20:41:29,134 INFO reaped unknown pid 62184 (exit status 0)
2026-01-28 20:41:34,143 INFO reaped unknown pid 62191 (exit status 0)
2026-01-28 20:41:39,162 INFO reaped unknown pid 62198 (exit status 0)
2026-01-28 20:41:44,165 INFO reaped unknown pid 62205 (exit status 0)
2026-01-28 20:41:49,191 INFO reaped unknown pid 62212 (exit status 0)
2026-01-28 20:41:54,279 INFO reaped unknown pid 62219 (exit status 0)
2026-01-28 20:41:59,371 INFO reaped unknown pid 62226 (exit status 0)
2026-01-28 20:42:03,806 INFO reaped unknown pid 62237 (exit status 0)
2026-01-28 20:42:08,879 INFO reaped unknown pid 62244 (exit status 0)
2026-01-28 20:42:14,958 INFO reaped unknown pid 62251 (exit status 0)
2026-01-28 20:42:19,055 INFO reaped unknown pid 62258 (exit status 0)
2026-01-28 20:42:24,132 INFO reaped unknown pid 62265 (exit status 0)
2026-01-28 20:42:29,176 INFO reaped unknown pid 62272 (exit status 0)
2026-01-28 20:42:34,217 INFO reaped unknown pid 62279 (exit status 0)
2026-01-28 20:42:39,305 INFO reaped unknown pid 62286 (exit status 0)
2026-01-28 20:42:44,422 INFO reaped unknown pid 62293 (exit status 0)
2026-01-28 20:42:49,473 INFO reaped unknown pid 62300 (exit status 0)
2026-01-28 20:42:54,500 INFO reaped unknown pid 62307 (exit status 0)
2026-01-28 20:42:59,579 INFO reaped unknown pid 62314 (exit status 0)
2026-01-28 20:43:03,820 INFO reaped unknown pid 62325 (exit status 0)
2026-01-28 20:43:08,902 INFO reaped unknown pid 62332 (exit status 0)
2026-01-28 20:43:13,915 INFO reaped unknown pid 62339 (exit status 0)
2026-01-28 20:43:18,953 INFO reaped unknown pid 62346 (exit status 0)
2026-01-28 20:43:24,011 INFO reaped unknown pid 62353 (exit status 0)
2026-01-28 20:43:29,098 INFO reaped unknown pid 62360 (exit status 0)
2026-01-28 20:43:34,183 INFO reaped unknown pid 62367 (exit status 0)
2026-01-28 20:43:39,273 INFO reaped unknown pid 62374 (exit status 0)
2026-01-28 20:43:44,355 INFO reaped unknown pid 62381 (exit status 0)
2026-01-28 20:43:49,396 INFO reaped unknown pid 62388 (exit status 0)
2026-01-28 20:43:54,474 INFO reaped unknown pid 62395 (exit status 0)
2026-01-28 20:43:59,485 INFO reaped unknown pid 62402 (exit status 0)
2026-01-28 20:44:03,858 INFO reaped unknown pid 62413 (exit status 0)
2026-01-28 20:44:08,938 INFO reaped unknown pid 62420 (exit status 0)
2026-01-28 20:44:14,037 INFO reaped unknown pid 62427 (exit status 0)
2026-01-28 20:44:19,133 INFO reaped unknown pid 62434 (exit status 0)
2026-01-28 20:44:24,232 INFO reaped unknown pid 62441 (exit status 0)
2026-01-28 20:44:29,309 INFO reaped unknown pid 62448 (exit status 0)
2026-01-28 20:44:34,420 INFO reaped unknown pid 62455 (exit status 0)
2026-01-28 20:44:39,421 INFO reaped unknown pid 62462 (exit status 0)
2026-01-28 20:44:44,499 INFO reaped unknown pid 62469 (exit status 0)
2026-01-28 20:44:49,545 INFO reaped unknown pid 62476 (exit status 0)
2026-01-28 20:44:54,632 INFO reaped unknown pid 62483 (exit status 0)
2026-01-28 20:44:59,687 INFO reaped unknown pid 62490 (exit status 0)
2026-01-28 20:45:03,830 INFO reaped unknown pid 62501 (exit status 0)
2026-01-28 20:45:08,826 INFO reaped unknown pid 62508 (exit status 0)
2026-01-28 20:45:13,883 INFO reaped unknown pid 62515 (exit status 0)
2026-01-28 20:45:18,991 INFO reaped unknown pid 62522 (exit status 0)
2026-01-28 20:45:24,014 INFO reaped unknown pid 62529 (exit status 0)
2026-01-28 20:45:29,081 INFO reaped unknown pid 62536 (exit status 0)
2026-01-28 20:45:34,176 INFO reaped unknown pid 62543 (exit status 0)
2026-01-28 20:45:39,268 INFO reaped unknown pid 62550 (exit status 0)
2026-01-28 20:45:44,296 INFO reaped unknown pid 62557 (exit status 0)
2026-01-28 20:45:49,341 INFO reaped unknown pid 62564 (exit status 0)
2026-01-28 20:45:54,441 INFO reaped unknown pid 62571 (exit status 0)
2026-01-28 20:45:59,527 INFO reaped unknown pid 62578 (exit status 0)
2026-01-28 20:46:03,758 INFO reaped unknown pid 62589 (exit status 0)
2026-01-28 20:46:08,832 INFO reaped unknown pid 62596 (exit status 0)
2026-01-28 20:46:13,854 INFO reaped unknown pid 62603 (exit status 0)
2026-01-28 20:46:18,966 INFO reaped unknown pid 62610 (exit status 0)
2026-01-28 20:46:23,995 INFO reaped unknown pid 62617 (exit status 0)
2026-01-28 20:46:29,021 INFO reaped unknown pid 62624 (exit status 0)
2026-01-28 20:46:34,038 INFO reaped unknown pid 62631 (exit status 0)
2026-01-28 20:46:39,034 INFO reaped unknown pid 62638 (exit status 0)
2026-01-28 20:46:44,056 INFO reaped unknown pid 62645 (exit status 0)
2026-01-28 20:46:49,149 INFO reaped unknown pid 62652 (exit status 0)
2026-01-28 20:46:54,213 INFO reaped unknown pid 62659 (exit status 0)
2026-01-28 20:46:59,310 INFO reaped unknown pid 62666 (exit status 0)
2026-01-28 20:47:03,739 INFO reaped unknown pid 62677 (exit status 0)
2026-01-28 20:47:08,743 INFO reaped unknown pid 62684 (exit status 0)
2026-01-28 20:47:14,926 INFO reaped unknown pid 62691 (exit status 0)
2026-01-28 20:47:18,891 INFO reaped unknown pid 62698 (exit status 0)
2026-01-28 20:47:23,982 INFO reaped unknown pid 62705 (exit status 0)
2026-01-28 20:47:29,034 INFO reaped unknown pid 62712 (exit status 0)
2026-01-28 20:47:34,061 INFO reaped unknown pid 62719 (exit status 0)
2026-01-28 20:47:39,151 INFO reaped unknown pid 62726 (exit status 0)
2026-01-28 20:47:44,205 INFO reaped unknown pid 62733 (exit status 0)
2026-01-28 20:47:49,304 INFO reaped unknown pid 62740 (exit status 0)
2026-01-28 20:47:54,343 INFO reaped unknown pid 62747 (exit status 0)
2026-01-28 20:47:59,388 INFO reaped unknown pid 62754 (exit status 0)
2026-01-28 20:48:03,772 INFO reaped unknown pid 62765 (exit status 0)
2026-01-28 20:48:08,861 INFO reaped unknown pid 62772 (exit status 0)
2026-01-28 20:48:13,972 INFO reaped unknown pid 62779 (exit status 0)
2026-01-28 20:48:19,069 INFO reaped unknown pid 62786 (exit status 0)
2026-01-28 20:48:24,070 INFO reaped unknown pid 62793 (exit status 0)
2026-01-28 20:48:29,182 INFO reaped unknown pid 62800 (exit status 0)
2026-01-28 20:48:34,212 INFO reaped unknown pid 62807 (exit status 0)
2026-01-28 20:48:39,302 INFO reaped unknown pid 62814 (exit status 0)
2026-01-28 20:48:44,410 INFO reaped unknown pid 62821 (exit status 0)
2026-01-28 20:48:49,471 INFO reaped unknown pid 62828 (exit status 0)
2026-01-28 20:48:54,477 INFO reaped unknown pid 62835 (exit status 0)
2026-01-28 20:48:59,572 INFO reaped unknown pid 62842 (exit status 0)
2026-01-28 20:49:03,814 INFO reaped unknown pid 62853 (exit status 0)
2026-01-28 20:49:08,905 INFO reaped unknown pid 62860 (exit status 0)
2026-01-28 20:49:13,919 INFO reaped unknown pid 62867 (exit status 0)
2026-01-28 20:49:19,005 INFO reaped unknown pid 62874 (exit status 0)
2026-01-28 20:49:24,101 INFO reaped unknown pid 62881 (exit status 0)
2026-01-28 20:49:29,104 INFO reaped unknown pid 62888 (exit status 0)
2026-01-28 20:49:34,187 INFO reaped unknown pid 62895 (exit status 0)
2026-01-28 20:49:39,204 INFO reaped unknown pid 62902 (exit status 0)
2026-01-28 20:49:44,206 INFO reaped unknown pid 62909 (exit status 0)
2026-01-28 20:49:49,319 INFO reaped unknown pid 62916 (exit status 0)
2026-01-28 20:49:54,342 INFO reaped unknown pid 62923 (exit status 0)
2026-01-28 20:49:59,356 INFO reaped unknown pid 62930 (exit status 0)
2026-01-28 20:50:03,781 INFO reaped unknown pid 62941 (exit status 0)
2026-01-28 20:50:08,801 INFO reaped unknown pid 62948 (exit status 0)
2026-01-28 20:50:13,902 INFO reaped unknown pid 62955 (exit status 0)
2026-01-28 20:50:18,912 INFO reaped unknown pid 62962 (exit status 0)
2026-01-28 20:50:23,987 INFO reaped unknown pid 62969 (exit status 0)
2026-01-28 20:50:29,092 INFO reaped unknown pid 62976 (exit status 0)
2026-01-28 20:50:34,151 INFO reaped unknown pid 62983 (exit status 0)
2026-01-28 20:50:39,191 INFO reaped unknown pid 62990 (exit status 0)
2026-01-28 20:50:44,278 INFO reaped unknown pid 62997 (exit status 0)
2026-01-28 20:50:49,288 INFO reaped unknown pid 63004 (exit status 0)
2026-01-28 20:50:54,312 INFO reaped unknown pid 63011 (exit status 0)
2026-01-28 20:50:59,396 INFO reaped unknown pid 63018 (exit status 0)
2026-01-28 20:51:03,731 INFO reaped unknown pid 63029 (exit status 0)
2026-01-28 20:51:08,795 INFO reaped unknown pid 63036 (exit status 0)
2026-01-28 20:51:13,835 INFO reaped unknown pid 63043 (exit status 0)
2026-01-28 20:51:18,897 INFO reaped unknown pid 63050 (exit status 0)
2026-01-28 20:51:23,905 INFO reaped unknown pid 63057 (exit status 0)
2026-01-28 20:51:28,943 INFO reaped unknown pid 63064 (exit status 0)
2026-01-28 20:51:33,986 INFO reaped unknown pid 63071 (exit status 0)
2026-01-28 20:51:39,065 INFO reaped unknown pid 63078 (exit status 0)
2026-01-28 20:51:44,162 INFO reaped unknown pid 63085 (exit status 0)
2026-01-28 20:51:49,203 INFO reaped unknown pid 63092 (exit status 0)
2026-01-28 20:51:54,258 INFO reaped unknown pid 63099 (exit status 0)
2026-01-28 20:51:59,339 INFO reaped unknown pid 63106 (exit status 0)
2026-01-28 20:52:03,735 INFO reaped unknown pid 63117 (exit status 0)
2026-01-28 20:52:08,775 INFO reaped unknown pid 63124 (exit status 0)
2026-01-28 20:52:13,789 INFO reaped unknown pid 63131 (exit status 0)
2026-01-28 20:52:19,894 INFO reaped unknown pid 63138 (exit status 0)
2026-01-28 20:52:23,951 INFO reaped unknown pid 63145 (exit status 0)
2026-01-28 20:52:28,980 INFO reaped unknown pid 63152 (exit status 0)
2026-01-28 20:52:34,067 INFO reaped unknown pid 63159 (exit status 0)
2026-01-28 20:52:39,088 INFO reaped unknown pid 63166 (exit status 0)
2026-01-28 20:52:44,174 INFO reaped unknown pid 63173 (exit status 0)
2026-01-28 20:52:49,262 INFO reaped unknown pid 63180 (exit status 0)
2026-01-28 20:52:54,376 INFO reaped unknown pid 63187 (exit status 0)
2026-01-28 20:52:59,475 INFO reaped unknown pid 63194 (exit status 0)
2026-01-28 20:53:03,811 INFO reaped unknown pid 63205 (exit status 0)
2026-01-28 20:53:08,817 INFO reaped unknown pid 63212 (exit status 0)
2026-01-28 20:53:13,826 INFO reaped unknown pid 63219 (exit status 0)
2026-01-28 20:53:18,882 INFO reaped unknown pid 63226 (exit status 0)
2026-01-28 20:53:23,967 INFO reaped unknown pid 63233 (exit status 0)
2026-01-28 20:53:28,965 INFO reaped unknown pid 63240 (exit status 0)
2026-01-28 20:53:34,032 INFO reaped unknown pid 63247 (exit status 0)
2026-01-28 20:53:39,069 INFO reaped unknown pid 63254 (exit status 0)
2026-01-28 20:53:44,151 INFO reaped unknown pid 63261 (exit status 0)
2026-01-28 20:53:49,254 INFO reaped unknown pid 63268 (exit status 0)
2026-01-28 20:53:54,354 INFO reaped unknown pid 63275 (exit status 0)
2026-01-28 20:53:59,415 INFO reaped unknown pid 63282 (exit status 0)
2026-01-28 20:54:03,735 INFO reaped unknown pid 63293 (exit status 0)
2026-01-28 20:54:08,820 INFO reaped unknown pid 63300 (exit status 0)
2026-01-28 20:54:13,912 INFO reaped unknown pid 63307 (exit status 0)
2026-01-28 20:54:18,943 INFO reaped unknown pid 63314 (exit status 0)
2026-01-28 20:54:23,945 INFO reaped unknown pid 63321 (exit status 0)
2026-01-28 20:54:29,045 INFO reaped unknown pid 63328 (exit status 0)
2026-01-28 20:54:34,068 INFO reaped unknown pid 63335 (exit status 0)
2026-01-28 20:54:39,081 INFO reaped unknown pid 63342 (exit status 0)
2026-01-28 20:54:44,151 INFO reaped unknown pid 63349 (exit status 0)
2026-01-28 20:54:49,176 INFO reaped unknown pid 63356 (exit status 0)
2026-01-28 20:54:54,268 INFO reaped unknown pid 63363 (exit status 0)
2026-01-28 20:54:59,341 INFO reaped unknown pid 63370 (exit status 0)
2026-01-28 20:55:03,756 INFO reaped unknown pid 63381 (exit status 0)
2026-01-28 20:55:08,819 INFO reaped unknown pid 63388 (exit status 0)
2026-01-28 20:55:13,831 INFO reaped unknown pid 63395 (exit status 0)
2026-01-28 20:55:18,921 INFO reaped unknown pid 63402 (exit status 0)
2026-01-28 20:55:23,977 INFO reaped unknown pid 63409 (exit status 0)
2026-01-28 20:55:29,035 INFO reaped unknown pid 63416 (exit status 0)
2026-01-28 20:55:34,125 INFO reaped unknown pid 63423 (exit status 0)
2026-01-28 20:55:39,178 INFO reaped unknown pid 63430 (exit status 0)
2026-01-28 20:55:44,208 INFO reaped unknown pid 63437 (exit status 0)
2026-01-28 20:55:49,301 INFO reaped unknown pid 63444 (exit status 0)
2026-01-28 20:55:54,362 INFO reaped unknown pid 63451 (exit status 0)
2026-01-28 20:55:59,456 INFO reaped unknown pid 63458 (exit status 0)
2026-01-28 20:56:03,792 INFO reaped unknown pid 63469 (exit status 0)
2026-01-28 20:56:08,831 INFO reaped unknown pid 63476 (exit status 0)
2026-01-28 20:56:13,831 INFO reaped unknown pid 63483 (exit status 0)
2026-01-28 20:56:18,885 INFO reaped unknown pid 63490 (exit status 0)
2026-01-28 20:56:23,958 INFO reaped unknown pid 63497 (exit status 0)
2026-01-28 20:56:28,995 INFO reaped unknown pid 63504 (exit status 0)
2026-01-28 20:56:34,102 INFO reaped unknown pid 63511 (exit status 0)
2026-01-28 20:56:39,109 INFO reaped unknown pid 63518 (exit status 0)
2026-01-28 20:56:44,181 INFO reaped unknown pid 63525 (exit status 0)
2026-01-28 20:56:49,193 INFO reaped unknown pid 63532 (exit status 0)
2026-01-28 20:56:54,198 INFO reaped unknown pid 63539 (exit status 0)
2026-01-28 20:56:59,225 INFO reaped unknown pid 63546 (exit status 0)
2026-01-28 20:57:03,806 INFO reaped unknown pid 63557 (exit status 0)
2026-01-28 20:57:08,804 INFO reaped unknown pid 63564 (exit status 0)
2026-01-28 20:57:13,912 INFO reaped unknown pid 63571 (exit status 0)
2026-01-28 20:57:19,982 INFO reaped unknown pid 63578 (exit status 0)
2026-01-28 20:57:24,047 INFO reaped unknown pid 63585 (exit status 0)
2026-01-28 20:57:29,055 INFO reaped unknown pid 63592 (exit status 0)
2026-01-28 20:57:34,152 INFO reaped unknown pid 63599 (exit status 0)
2026-01-28 20:57:39,167 INFO reaped unknown pid 63606 (exit status 0)
2026-01-28 20:57:44,227 INFO reaped unknown pid 63613 (exit status 0)
2026-01-28 20:57:49,270 INFO reaped unknown pid 63620 (exit status 0)
2026-01-28 20:57:54,336 INFO reaped unknown pid 63627 (exit status 0)
2026-01-28 20:57:59,360 INFO reaped unknown pid 63634 (exit status 0)
2026-01-28 20:58:03,810 INFO reaped unknown pid 63645 (exit status 0)
2026-01-28 20:58:08,836 INFO reaped unknown pid 63652 (exit status 0)
2026-01-28 20:58:13,839 INFO reaped unknown pid 63659 (exit status 0)
2026-01-28 20:58:18,885 INFO reaped unknown pid 63666 (exit status 0)
2026-01-28 20:58:23,994 INFO reaped unknown pid 63673 (exit status 0)
2026-01-28 20:58:29,041 INFO reaped unknown pid 63680 (exit status 0)
2026-01-28 20:58:34,080 INFO reaped unknown pid 63687 (exit status 0)
2026-01-28 20:58:39,136 INFO reaped unknown pid 63694 (exit status 0)
2026-01-28 20:58:44,212 INFO reaped unknown pid 63701 (exit status 0)
2026-01-28 20:58:49,293 INFO reaped unknown pid 63708 (exit status 0)
2026-01-28 20:58:54,347 INFO reaped unknown pid 63715 (exit status 0)
2026-01-28 20:58:59,397 INFO reaped unknown pid 63722 (exit status 0)
2026-01-28 20:59:03,739 INFO reaped unknown pid 63733 (exit status 0)
2026-01-28 20:59:08,835 INFO reaped unknown pid 63740 (exit status 0)
2026-01-28 20:59:13,922 INFO reaped unknown pid 63747 (exit status 0)
2026-01-28 20:59:18,961 INFO reaped unknown pid 63754 (exit status 0)
2026-01-28 20:59:24,059 INFO reaped unknown pid 63761 (exit status 0)
2026-01-28 20:59:29,113 INFO reaped unknown pid 63768 (exit status 0)
2026-01-28 20:59:34,219 INFO reaped unknown pid 63775 (exit status 0)
2026-01-28 20:59:39,237 INFO reaped unknown pid 63782 (exit status 0)
2026-01-28 20:59:44,340 INFO reaped unknown pid 63789 (exit status 0)
2026-01-28 20:59:49,359 INFO reaped unknown pid 63796 (exit status 0)
2026-01-28 20:59:54,459 INFO reaped unknown pid 63803 (exit status 0)
2026-01-28 20:59:59,558 INFO reaped unknown pid 63810 (exit status 0)
2026-01-28 21:00:03,825 INFO reaped unknown pid 63821 (exit status 0)
2026-01-28 21:00:08,901 INFO reaped unknown pid 63828 (exit status 0)
2026-01-28 21:00:13,993 INFO reaped unknown pid 63835 (exit status 0)
2026-01-28 21:00:19,102 INFO reaped unknown pid 63842 (exit status 0)
2026-01-28 21:00:24,137 INFO reaped unknown pid 63849 (exit status 0)
2026-01-28 21:00:29,140 INFO reaped unknown pid 63856 (exit status 0)
2026-01-28 21:00:34,179 INFO reaped unknown pid 63863 (exit status 0)
2026-01-28 21:00:39,192 INFO reaped unknown pid 63870 (exit status 0)
2026-01-28 21:00:44,304 INFO reaped unknown pid 63877 (exit status 0)
2026-01-28 21:00:49,366 INFO reaped unknown pid 63884 (exit status 0)
2026-01-28 21:00:54,437 INFO reaped unknown pid 63891 (exit status 0)
2026-01-28 21:00:59,435 INFO reaped unknown pid 63898 (exit status 0)
2026-01-28 21:01:03,735 INFO reaped unknown pid 63909 (exit status 0)
2026-01-28 21:01:08,792 INFO reaped unknown pid 63916 (exit status 0)
2026-01-28 21:01:13,873 INFO reaped unknown pid 63923 (exit status 0)
2026-01-28 21:01:18,903 INFO reaped unknown pid 63930 (exit status 0)
2026-01-28 21:01:23,996 INFO reaped unknown pid 63937 (exit status 0)
2026-01-28 21:01:28,996 INFO reaped unknown pid 63944 (exit status 0)
2026-01-28 21:01:34,016 INFO reaped unknown pid 63951 (exit status 0)
2026-01-28 21:01:39,070 INFO reaped unknown pid 63958 (exit status 0)
2026-01-28 21:01:44,106 INFO reaped unknown pid 63965 (exit status 0)
2026-01-28 21:01:49,105 INFO reaped unknown pid 63972 (exit status 0)
2026-01-28 21:01:54,203 INFO reaped unknown pid 63979 (exit status 0)
2026-01-28 21:01:59,210 INFO reaped unknown pid 63986 (exit status 0)
2026-01-28 21:02:03,765 INFO reaped unknown pid 63997 (exit status 0)
2026-01-28 21:02:08,853 INFO reaped unknown pid 64004 (exit status 0)
2026-01-28 21:02:13,902 INFO reaped unknown pid 64011 (exit status 0)
2026-01-28 21:02:19,977 INFO reaped unknown pid 64018 (exit status 0)
2026-01-28 21:02:24,049 INFO reaped unknown pid 64025 (exit status 0)
2026-01-28 21:02:29,126 INFO reaped unknown pid 64032 (exit status 0)
2026-01-28 21:02:34,195 INFO reaped unknown pid 64039 (exit status 0)
2026-01-28 21:02:39,302 INFO reaped unknown pid 64046 (exit status 0)
2026-01-28 21:02:44,399 INFO reaped unknown pid 64053 (exit status 0)
2026-01-28 21:02:49,485 INFO reaped unknown pid 64060 (exit status 0)
2026-01-28 21:02:54,570 INFO reaped unknown pid 64067 (exit status 0)
2026-01-28 21:02:59,585 INFO reaped unknown pid 64074 (exit status 0)
2026-01-28 21:03:03,786 INFO reaped unknown pid 64085 (exit status 0)
2026-01-28 21:03:08,857 INFO reaped unknown pid 64092 (exit status 0)
2026-01-28 21:03:13,930 INFO reaped unknown pid 64099 (exit status 0)
2026-01-28 21:03:18,982 INFO reaped unknown pid 64106 (exit status 0)
2026-01-28 21:03:23,980 INFO reaped unknown pid 64113 (exit status 0)
2026-01-28 21:03:29,046 INFO reaped unknown pid 64120 (exit status 0)
2026-01-28 21:03:34,151 INFO reaped unknown pid 64127 (exit status 0)
2026-01-28 21:03:39,207 INFO reaped unknown pid 64134 (exit status 0)
2026-01-28 21:03:44,315 INFO reaped unknown pid 64141 (exit status 0)
2026-01-28 21:03:49,317 INFO reaped unknown pid 64148 (exit status 0)
2026-01-28 21:03:54,395 INFO reaped unknown pid 64155 (exit status 0)
2026-01-28 21:03:59,436 INFO reaped unknown pid 64162 (exit status 0)
2026-01-28 21:04:03,755 INFO reaped unknown pid 64173 (exit status 0)
2026-01-28 21:04:08,837 INFO reaped unknown pid 64180 (exit status 0)
2026-01-28 21:04:13,953 INFO reaped unknown pid 64187 (exit status 0)
2026-01-28 21:04:19,000 INFO reaped unknown pid 64194 (exit status 0)
2026-01-28 21:04:24,034 INFO reaped unknown pid 64201 (exit status 0)
2026-01-28 21:04:29,057 INFO reaped unknown pid 64208 (exit status 0)
2026-01-28 21:04:34,116 INFO reaped unknown pid 64215 (exit status 0)
2026-01-28 21:04:39,193 INFO reaped unknown pid 64222 (exit status 0)
2026-01-28 21:04:44,276 INFO reaped unknown pid 64229 (exit status 0)
2026-01-28 21:04:49,361 INFO reaped unknown pid 64236 (exit status 0)
2026-01-28 21:04:54,451 INFO reaped unknown pid 64243 (exit status 0)
2026-01-28 21:04:59,554 INFO reaped unknown pid 64250 (exit status 0)
2026-01-28 21:05:03,858 INFO reaped unknown pid 64261 (exit status 0)
2026-01-28 21:05:08,934 INFO reaped unknown pid 64268 (exit status 0)
2026-01-28 21:05:13,982 INFO reaped unknown pid 64275 (exit status 0)
2026-01-28 21:05:19,081 INFO reaped unknown pid 64282 (exit status 0)
2026-01-28 21:05:24,142 INFO reaped unknown pid 64289 (exit status 0)
2026-01-28 21:05:29,183 INFO reaped unknown pid 64296 (exit status 0)
2026-01-28 21:05:34,251 INFO reaped unknown pid 64303 (exit status 0)
2026-01-28 21:05:39,295 INFO reaped unknown pid 64310 (exit status 0)
2026-01-28 21:05:44,382 INFO reaped unknown pid 64317 (exit status 0)
2026-01-28 21:05:49,382 INFO reaped unknown pid 64324 (exit status 0)
2026-01-28 21:05:54,490 INFO reaped unknown pid 64331 (exit status 0)
2026-01-28 21:05:59,589 INFO reaped unknown pid 64338 (exit status 0)
2026-01-28 21:06:03,825 INFO reaped unknown pid 64349 (exit status 0)
2026-01-28 21:06:08,859 INFO reaped unknown pid 64356 (exit status 0)
2026-01-28 21:06:13,948 INFO reaped unknown pid 64363 (exit status 0)
2026-01-28 21:06:18,954 INFO reaped unknown pid 64370 (exit status 0)
2026-01-28 21:06:23,965 INFO reaped unknown pid 64377 (exit status 0)
2026-01-28 21:06:28,989 INFO reaped unknown pid 64384 (exit status 0)
2026-01-28 21:06:33,989 INFO reaped unknown pid 64391 (exit status 0)
2026-01-28 21:06:39,072 INFO reaped unknown pid 64398 (exit status 0)
2026-01-28 21:06:44,099 INFO reaped unknown pid 64405 (exit status 0)
2026-01-28 21:06:49,116 INFO reaped unknown pid 64412 (exit status 0)
2026-01-28 21:06:54,206 INFO reaped unknown pid 64419 (exit status 0)
2026-01-28 21:06:59,211 INFO reaped unknown pid 64426 (exit status 0)
2026-01-28 21:07:03,721 INFO reaped unknown pid 64437 (exit status 0)
2026-01-28 21:07:08,832 INFO reaped unknown pid 64444 (exit status 0)
2026-01-28 21:07:13,893 INFO reaped unknown pid 64451 (exit status 0)
2026-01-28 21:07:19,969 INFO reaped unknown pid 64458 (exit status 0)
2026-01-28 21:07:23,981 INFO reaped unknown pid 64465 (exit status 0)
2026-01-28 21:07:29,089 INFO reaped unknown pid 64472 (exit status 0)
2026-01-28 21:07:34,181 INFO reaped unknown pid 64479 (exit status 0)
2026-01-28 21:07:39,288 INFO reaped unknown pid 64486 (exit status 0)
2026-01-28 21:07:44,303 INFO reaped unknown pid 64493 (exit status 0)
2026-01-28 21:07:49,378 INFO reaped unknown pid 64500 (exit status 0)
2026-01-28 21:07:54,475 INFO reaped unknown pid 64507 (exit status 0)
2026-01-28 21:07:59,493 INFO reaped unknown pid 64514 (exit status 0)
2026-01-28 21:08:03,735 INFO reaped unknown pid 64525 (exit status 0)
2026-01-28 21:08:08,781 INFO reaped unknown pid 64532 (exit status 0)
2026-01-28 21:08:13,877 INFO reaped unknown pid 64539 (exit status 0)
2026-01-28 21:08:18,951 INFO reaped unknown pid 64546 (exit status 0)
2026-01-28 21:08:23,997 INFO reaped unknown pid 64553 (exit status 0)
2026-01-28 21:08:29,023 INFO reaped unknown pid 64560 (exit status 0)
2026-01-28 21:08:34,125 INFO reaped unknown pid 64567 (exit status 0)
2026-01-28 21:08:39,137 INFO reaped unknown pid 64574 (exit status 0)
2026-01-28 21:08:44,216 INFO reaped unknown pid 64581 (exit status 0)
2026-01-28 21:08:49,287 INFO reaped unknown pid 64588 (exit status 0)
2026-01-28 21:08:54,301 INFO reaped unknown pid 64595 (exit status 0)
2026-01-28 21:08:59,310 INFO reaped unknown pid 64602 (exit status 0)
2026-01-28 21:09:03,773 INFO reaped unknown pid 64613 (exit status 0)
2026-01-28 21:09:08,871 INFO reaped unknown pid 64620 (exit status 0)
2026-01-28 21:09:13,968 INFO reaped unknown pid 64627 (exit status 0)
2026-01-28 21:09:18,984 INFO reaped unknown pid 64634 (exit status 0)
2026-01-28 21:09:24,025 INFO reaped unknown pid 64641 (exit status 0)
2026-01-28 21:09:29,076 INFO reaped unknown pid 64648 (exit status 0)
2026-01-28 21:09:34,145 INFO reaped unknown pid 64655 (exit status 0)
2026-01-28 21:09:39,166 INFO reaped unknown pid 64662 (exit status 0)
2026-01-28 21:09:44,168 INFO reaped unknown pid 64669 (exit status 0)
2026-01-28 21:09:49,211 INFO reaped unknown pid 64676 (exit status 0)
2026-01-28 21:09:54,316 INFO reaped unknown pid 64683 (exit status 0)
2026-01-28 21:09:59,363 INFO reaped unknown pid 64690 (exit status 0)
2026-01-28 21:10:03,846 INFO reaped unknown pid 64701 (exit status 0)
2026-01-28 21:10:08,852 INFO reaped unknown pid 64708 (exit status 0)
2026-01-28 21:10:13,949 INFO reaped unknown pid 64715 (exit status 0)
2026-01-28 21:10:19,029 INFO reaped unknown pid 64722 (exit status 0)
2026-01-28 21:10:24,077 INFO reaped unknown pid 64729 (exit status 0)
2026-01-28 21:10:29,108 INFO reaped unknown pid 64736 (exit status 0)
2026-01-28 21:10:34,108 INFO reaped unknown pid 64743 (exit status 0)
2026-01-28 21:10:39,146 INFO reaped unknown pid 64750 (exit status 0)
2026-01-28 21:10:44,196 INFO reaped unknown pid 64757 (exit status 0)
2026-01-28 21:10:49,211 INFO reaped unknown pid 64764 (exit status 0)
2026-01-28 21:10:54,229 INFO reaped unknown pid 64771 (exit status 0)
2026-01-28 21:10:59,335 INFO reaped unknown pid 64778 (exit status 0)
2026-01-28 21:11:03,777 INFO reaped unknown pid 64789 (exit status 0)
2026-01-28 21:11:08,785 INFO reaped unknown pid 64796 (exit status 0)
2026-01-28 21:11:13,815 INFO reaped unknown pid 64803 (exit status 0)
2026-01-28 21:11:18,843 INFO reaped unknown pid 64810 (exit status 0)
2026-01-28 21:11:23,861 INFO reaped unknown pid 64817 (exit status 0)
2026-01-28 21:11:28,900 INFO reaped unknown pid 64824 (exit status 0)
2026-01-28 21:11:34,008 INFO reaped unknown pid 64831 (exit status 0)
2026-01-28 21:11:39,063 INFO reaped unknown pid 64838 (exit status 0)
2026-01-28 21:11:44,122 INFO reaped unknown pid 64845 (exit status 0)
2026-01-28 21:11:49,170 INFO reaped unknown pid 64852 (exit status 0)
2026-01-28 21:11:54,200 INFO reaped unknown pid 64859 (exit status 0)
2026-01-28 21:11:59,207 INFO reaped unknown pid 64866 (exit status 0)
2026-01-28 21:12:03,792 INFO reaped unknown pid 64877 (exit status 0)
2026-01-28 21:12:08,831 INFO reaped unknown pid 64884 (exit status 0)
2026-01-28 21:12:13,836 INFO reaped unknown pid 64891 (exit status 0)
2026-01-28 21:12:18,876 INFO reaped unknown pid 64898 (exit status 0)
2026-01-28 21:12:24,881 INFO reaped unknown pid 64905 (exit status 0)
2026-01-28 21:12:28,893 INFO reaped unknown pid 64912 (exit status 0)
2026-01-28 21:12:33,901 INFO reaped unknown pid 64919 (exit status 0)
2026-01-28 21:12:38,948 INFO reaped unknown pid 64926 (exit status 0)
2026-01-28 21:12:43,992 INFO reaped unknown pid 64933 (exit status 0)
2026-01-28 21:12:49,053 INFO reaped unknown pid 64940 (exit status 0)
2026-01-28 21:12:54,050 INFO reaped unknown pid 64947 (exit status 0)
2026-01-28 21:12:59,092 INFO reaped unknown pid 64954 (exit status 0)
2026-01-28 21:13:03,933 INFO reaped unknown pid 64965 (exit status 0)
2026-01-28 21:13:08,962 INFO reaped unknown pid 64972 (exit status 0)
2026-01-28 21:13:13,978 INFO reaped unknown pid 64979 (exit status 0)
2026-01-28 21:13:19,087 INFO reaped unknown pid 64986 (exit status 0)
2026-01-28 21:13:24,159 INFO reaped unknown pid 64993 (exit status 0)
2026-01-28 21:13:29,226 INFO reaped unknown pid 65000 (exit status 0)
2026-01-28 21:13:34,285 INFO reaped unknown pid 65007 (exit status 0)
2026-01-28 21:13:39,351 INFO reaped unknown pid 65014 (exit status 0)
2026-01-28 21:13:44,400 INFO reaped unknown pid 65021 (exit status 0)
2026-01-28 21:13:49,455 INFO reaped unknown pid 65028 (exit status 0)
2026-01-28 21:13:54,515 INFO reaped unknown pid 65035 (exit status 0)
2026-01-28 21:13:59,605 INFO reaped unknown pid 65042 (exit status 0)
2026-01-28 21:14:03,802 INFO reaped unknown pid 65053 (exit status 0)
2026-01-28 21:14:08,835 INFO reaped unknown pid 65060 (exit status 0)
2026-01-28 21:14:13,930 INFO reaped unknown pid 65067 (exit status 0)
2026-01-28 21:14:18,930 INFO reaped unknown pid 65074 (exit status 0)
2026-01-28 21:14:24,008 INFO reaped unknown pid 65081 (exit status 0)
2026-01-28 21:14:29,114 INFO reaped unknown pid 65088 (exit status 0)
2026-01-28 21:14:34,197 INFO reaped unknown pid 65095 (exit status 0)
2026-01-28 21:14:39,279 INFO reaped unknown pid 65102 (exit status 0)
2026-01-28 21:14:44,362 INFO reaped unknown pid 65109 (exit status 0)
2026-01-28 21:14:49,423 INFO reaped unknown pid 65116 (exit status 0)
2026-01-28 21:14:54,511 INFO reaped unknown pid 65123 (exit status 0)
2026-01-28 21:14:59,577 INFO reaped unknown pid 65130 (exit status 0)
2026-01-28 21:15:03,751 INFO reaped unknown pid 65141 (exit status 0)
2026-01-28 21:15:08,824 INFO reaped unknown pid 65148 (exit status 0)
2026-01-28 21:15:13,896 INFO reaped unknown pid 65155 (exit status 0)
2026-01-28 21:15:18,960 INFO reaped unknown pid 65162 (exit status 0)
2026-01-28 21:15:24,009 INFO reaped unknown pid 65169 (exit status 0)
2026-01-28 21:15:29,110 INFO reaped unknown pid 65176 (exit status 0)
2026-01-28 21:15:34,176 INFO reaped unknown pid 65183 (exit status 0)
2026-01-28 21:15:39,180 INFO reaped unknown pid 65190 (exit status 0)
2026-01-28 21:15:44,182 INFO reaped unknown pid 65197 (exit status 0)
2026-01-28 21:15:49,274 INFO reaped unknown pid 65204 (exit status 0)
2026-01-28 21:15:54,381 INFO reaped unknown pid 65211 (exit status 0)
2026-01-28 21:15:59,463 INFO reaped unknown pid 65218 (exit status 0)
2026-01-28 21:16:03,797 INFO reaped unknown pid 65229 (exit status 0)
2026-01-28 21:16:08,869 INFO reaped unknown pid 65236 (exit status 0)
2026-01-28 21:16:13,964 INFO reaped unknown pid 65243 (exit status 0)
2026-01-28 21:16:18,983 INFO reaped unknown pid 65250 (exit status 0)
2026-01-28 21:16:24,056 INFO reaped unknown pid 65257 (exit status 0)
2026-01-28 21:16:29,143 INFO reaped unknown pid 65264 (exit status 0)
2026-01-28 21:16:34,235 INFO reaped unknown pid 65271 (exit status 0)
2026-01-28 21:16:39,340 INFO reaped unknown pid 65278 (exit status 0)
2026-01-28 21:16:44,430 INFO reaped unknown pid 65285 (exit status 0)
2026-01-28 21:16:49,534 INFO reaped unknown pid 65292 (exit status 0)
2026-01-28 21:16:54,586 INFO reaped unknown pid 65299 (exit status 0)
2026-01-28 21:16:59,670 INFO reaped unknown pid 65306 (exit status 0)
2026-01-28 21:17:03,812 INFO reaped unknown pid 65317 (exit status 0)
2026-01-28 21:17:08,843 INFO reaped unknown pid 65324 (exit status 0)
2026-01-28 21:17:13,895 INFO reaped unknown pid 65331 (exit status 0)
2026-01-28 21:17:18,963 INFO reaped unknown pid 65338 (exit status 0)
2026-01-28 21:17:25,014 INFO reaped unknown pid 65345 (exit status 0)
2026-01-28 21:17:29,049 INFO reaped unknown pid 65352 (exit status 0)
2026-01-28 21:17:34,128 INFO reaped unknown pid 65359 (exit status 0)
2026-01-28 21:17:39,231 INFO reaped unknown pid 65366 (exit status 0)
2026-01-28 21:17:44,310 INFO reaped unknown pid 65373 (exit status 0)
2026-01-28 21:17:49,385 INFO reaped unknown pid 65380 (exit status 0)
2026-01-28 21:17:54,449 INFO reaped unknown pid 65387 (exit status 0)
2026-01-28 21:17:59,503 INFO reaped unknown pid 65394 (exit status 0)
2026-01-28 21:18:03,857 INFO reaped unknown pid 65405 (exit status 0)
2026-01-28 21:18:08,924 INFO reaped unknown pid 65412 (exit status 0)
2026-01-28 21:18:14,033 INFO reaped unknown pid 65419 (exit status 0)
2026-01-28 21:18:19,110 INFO reaped unknown pid 65426 (exit status 0)
2026-01-28 21:18:24,164 INFO reaped unknown pid 65433 (exit status 0)
2026-01-28 21:18:29,221 INFO reaped unknown pid 65440 (exit status 0)
2026-01-28 21:18:34,226 INFO reaped unknown pid 65447 (exit status 0)
2026-01-28 21:18:39,320 INFO reaped unknown pid 65454 (exit status 0)
2026-01-28 21:18:44,320 INFO reaped unknown pid 65461 (exit status 0)
2026-01-28 21:18:49,382 INFO reaped unknown pid 65468 (exit status 0)
2026-01-28 21:18:54,480 INFO reaped unknown pid 65475 (exit status 0)
2026-01-28 21:18:59,571 INFO reaped unknown pid 65482 (exit status 0)
2026-01-28 21:19:03,874 INFO reaped unknown pid 65493 (exit status 0)
2026-01-28 21:19:08,882 INFO reaped unknown pid 65500 (exit status 0)
2026-01-28 21:19:13,893 INFO reaped unknown pid 65507 (exit status 0)
2026-01-28 21:19:18,905 INFO reaped unknown pid 65514 (exit status 0)
2026-01-28 21:19:23,926 INFO reaped unknown pid 65521 (exit status 0)
2026-01-28 21:19:28,968 INFO reaped unknown pid 65528 (exit status 0)
2026-01-28 21:19:34,005 INFO reaped unknown pid 65535 (exit status 0)
2026-01-28 21:19:39,089 INFO reaped unknown pid 65542 (exit status 0)
2026-01-28 21:19:44,120 INFO reaped unknown pid 65549 (exit status 0)
2026-01-28 21:19:49,156 INFO reaped unknown pid 65556 (exit status 0)
2026-01-28 21:19:54,256 INFO reaped unknown pid 65563 (exit status 0)
2026-01-28 21:19:59,292 INFO reaped unknown pid 65570 (exit status 0)
2026-01-28 21:20:03,744 INFO reaped unknown pid 65581 (exit status 0)
2026-01-28 21:20:08,919 INFO reaped unknown pid 65588 (exit status 0)
2026-01-28 21:20:13,810 INFO reaped unknown pid 65595 (exit status 0)
2026-01-28 21:20:18,920 INFO reaped unknown pid 65602 (exit status 0)
2026-01-28 21:20:23,894 INFO reaped unknown pid 65609 (exit status 0)
2026-01-28 21:20:28,969 INFO reaped unknown pid 65616 (exit status 0)
2026-01-28 21:20:34,013 INFO reaped unknown pid 65623 (exit status 0)
2026-01-28 21:20:39,026 INFO reaped unknown pid 65630 (exit status 0)
2026-01-28 21:20:44,068 INFO reaped unknown pid 65637 (exit status 0)
2026-01-28 21:20:49,069 INFO reaped unknown pid 65644 (exit status 0)
2026-01-28 21:20:54,140 INFO reaped unknown pid 65651 (exit status 0)
2026-01-28 21:20:59,234 INFO reaped unknown pid 65658 (exit status 0)
2026-01-28 21:21:03,817 INFO reaped unknown pid 65669 (exit status 0)
2026-01-28 21:21:08,959 INFO reaped unknown pid 65676 (exit status 0)
2026-01-28 21:21:13,937 INFO reaped unknown pid 65683 (exit status 0)
2026-01-28 21:21:18,991 INFO reaped unknown pid 65690 (exit status 0)
2026-01-28 21:21:24,033 INFO reaped unknown pid 65697 (exit status 0)
2026-01-28 21:21:29,089 INFO reaped unknown pid 65704 (exit status 0)
2026-01-28 21:21:34,157 INFO reaped unknown pid 65711 (exit status 0)
2026-01-28 21:21:39,247 INFO reaped unknown pid 65718 (exit status 0)
2026-01-28 21:21:44,327 INFO reaped unknown pid 65725 (exit status 0)
2026-01-28 21:21:49,412 INFO reaped unknown pid 65732 (exit status 0)
2026-01-28 21:21:54,469 INFO reaped unknown pid 65739 (exit status 0)
2026-01-28 21:21:59,575 INFO reaped unknown pid 65746 (exit status 0)
2026-01-28 21:22:03,811 INFO reaped unknown pid 65757 (exit status 0)
2026-01-28 21:22:08,990 INFO reaped unknown pid 65764 (exit status 0)
2026-01-28 21:22:13,942 INFO reaped unknown pid 65771 (exit status 0)
2026-01-28 21:22:19,034 INFO reaped unknown pid 65778 (exit status 0)
2026-01-28 21:22:25,111 INFO reaped unknown pid 65785 (exit status 0)
2026-01-28 21:22:29,150 INFO reaped unknown pid 65792 (exit status 0)
2026-01-28 21:22:34,207 INFO reaped unknown pid 65799 (exit status 0)
2026-01-28 21:22:39,295 INFO reaped unknown pid 65806 (exit status 0)
2026-01-28 21:22:44,337 INFO reaped unknown pid 65813 (exit status 0)
2026-01-28 21:22:49,422 INFO reaped unknown pid 65820 (exit status 0)
2026-01-28 21:22:54,487 INFO reaped unknown pid 65827 (exit status 0)
2026-01-28 21:22:59,577 INFO reaped unknown pid 65834 (exit status 0)
2026-01-28 21:23:03,777 INFO reaped unknown pid 65845 (exit status 0)
2026-01-28 21:23:09,029 INFO reaped unknown pid 65852 (exit status 0)
2026-01-28 21:23:13,901 INFO reaped unknown pid 65859 (exit status 0)
2026-01-28 21:23:18,998 INFO reaped unknown pid 65866 (exit status 0)
2026-01-28 21:23:24,013 INFO reaped unknown pid 65873 (exit status 0)
2026-01-28 21:23:29,083 INFO reaped unknown pid 65880 (exit status 0)
2026-01-28 21:23:34,139 INFO reaped unknown pid 65887 (exit status 0)
2026-01-28 21:23:39,133 INFO reaped unknown pid 65894 (exit status 0)
2026-01-28 21:23:44,204 INFO reaped unknown pid 65901 (exit status 0)
2026-01-28 21:23:49,276 INFO reaped unknown pid 65908 (exit status 0)
2026-01-28 21:23:54,365 INFO reaped unknown pid 65915 (exit status 0)
2026-01-28 21:23:59,441 INFO reaped unknown pid 65922 (exit status 0)
2026-01-28 21:24:03,784 INFO reaped unknown pid 65933 (exit status 0)
2026-01-28 21:24:09,057 INFO reaped unknown pid 65940 (exit status 0)
2026-01-28 21:24:14,006 INFO reaped unknown pid 65947 (exit status 0)
2026-01-28 21:24:19,057 INFO reaped unknown pid 65954 (exit status 0)
2026-01-28 21:24:24,112 INFO reaped unknown pid 65961 (exit status 0)
2026-01-28 21:24:29,191 INFO reaped unknown pid 65968 (exit status 0)
2026-01-28 21:24:34,253 INFO reaped unknown pid 65975 (exit status 0)
2026-01-28 21:24:39,346 INFO reaped unknown pid 65982 (exit status 0)
2026-01-28 21:24:44,426 INFO reaped unknown pid 65989 (exit status 0)
2026-01-28 21:24:49,520 INFO reaped unknown pid 65996 (exit status 0)
2026-01-28 21:24:54,576 INFO reaped unknown pid 66003 (exit status 0)
2026-01-28 21:24:59,667 INFO reaped unknown pid 66010 (exit status 0)
2026-01-28 21:25:03,779 INFO reaped unknown pid 66021 (exit status 0)
2026-01-28 21:25:09,068 INFO reaped unknown pid 66028 (exit status 0)
2026-01-28 21:25:13,879 INFO reaped unknown pid 66035 (exit status 0)
2026-01-28 21:25:19,029 INFO reaped unknown pid 66042 (exit status 0)
2026-01-28 21:25:23,998 INFO reaped unknown pid 66049 (exit status 0)
2026-01-28 21:25:29,059 INFO reaped unknown pid 66056 (exit status 0)
2026-01-28 21:25:34,120 INFO reaped unknown pid 66063 (exit status 0)
2026-01-28 21:25:39,205 INFO reaped unknown pid 66070 (exit status 0)
2026-01-28 21:25:44,285 INFO reaped unknown pid 66077 (exit status 0)
2026-01-28 21:25:49,374 INFO reaped unknown pid 66084 (exit status 0)
2026-01-28 21:25:54,455 INFO reaped unknown pid 66091 (exit status 0)
2026-01-28 21:25:59,526 INFO reaped unknown pid 66098 (exit status 0)
2026-01-28 21:26:03,741 INFO reaped unknown pid 66109 (exit status 0)
2026-01-28 21:26:08,762 INFO reaped unknown pid 66116 (exit status 0)
2026-01-28 21:26:13,774 INFO reaped unknown pid 66123 (exit status 0)
2026-01-28 21:26:18,780 INFO reaped unknown pid 66130 (exit status 0)
2026-01-28 21:26:23,792 INFO reaped unknown pid 66137 (exit status 0)
2026-01-28 21:26:29,074 INFO reaped unknown pid 66144 (exit status 0)
2026-01-28 21:26:33,853 INFO reaped unknown pid 66151 (exit status 0)
2026-01-28 21:26:39,103 INFO reaped unknown pid 66158 (exit status 0)
2026-01-28 21:26:43,983 INFO reaped unknown pid 66165 (exit status 0)
2026-01-28 21:26:49,091 INFO reaped unknown pid 66172 (exit status 0)
2026-01-28 21:26:54,123 INFO reaped unknown pid 66179 (exit status 0)
2026-01-28 21:26:59,132 INFO reaped unknown pid 66186 (exit status 0)
2026-01-28 21:27:03,845 INFO reaped unknown pid 66197 (exit status 0)
2026-01-28 21:27:09,147 INFO reaped unknown pid 66204 (exit status 0)
2026-01-28 21:27:14,022 INFO reaped unknown pid 66211 (exit status 0)
2026-01-28 21:27:19,135 INFO reaped unknown pid 66218 (exit status 0)
2026-01-28 21:27:25,128 INFO reaped unknown pid 66225 (exit status 0)
2026-01-28 21:27:29,152 INFO reaped unknown pid 66232 (exit status 0)
2026-01-28 21:27:34,154 INFO reaped unknown pid 66239 (exit status 0)
2026-01-28 21:27:39,223 INFO reaped unknown pid 66246 (exit status 0)
2026-01-28 21:27:44,293 INFO reaped unknown pid 66253 (exit status 0)
2026-01-28 21:27:49,289 INFO reaped unknown pid 66260 (exit status 0)
2026-01-28 21:27:54,301 INFO reaped unknown pid 66267 (exit status 0)
2026-01-28 21:27:59,375 INFO reaped unknown pid 66274 (exit status 0)
2026-01-28 21:28:03,805 INFO reaped unknown pid 66285 (exit status 0)
2026-01-28 21:28:08,900 INFO reaped unknown pid 66292 (exit status 0)
2026-01-28 21:28:13,990 INFO reaped unknown pid 66299 (exit status 0)
2026-01-28 21:28:19,154 INFO reaped unknown pid 66306 (exit status 0)
2026-01-28 21:28:24,086 INFO reaped unknown pid 66313 (exit status 0)
2026-01-28 21:28:29,151 INFO reaped unknown pid 66320 (exit status 0)
2026-01-28 21:28:34,151 INFO reaped unknown pid 66327 (exit status 0)
2026-01-28 21:28:39,178 INFO reaped unknown pid 66334 (exit status 0)
2026-01-28 21:28:44,243 INFO reaped unknown pid 66341 (exit status 0)
2026-01-28 21:28:49,245 INFO reaped unknown pid 66348 (exit status 0)
2026-01-28 21:28:54,254 INFO reaped unknown pid 66355 (exit status 0)
2026-01-28 21:28:59,282 INFO reaped unknown pid 66362 (exit status 0)
2026-01-28 21:29:03,856 INFO reaped unknown pid 66373 (exit status 0)
2026-01-28 21:29:08,883 INFO reaped unknown pid 66380 (exit status 0)
2026-01-28 21:29:13,897 INFO reaped unknown pid 66387 (exit status 0)
2026-01-28 21:29:18,909 INFO reaped unknown pid 66394 (exit status 0)
2026-01-28 21:29:23,961 INFO reaped unknown pid 66401 (exit status 0)
2026-01-28 21:29:29,209 INFO reaped unknown pid 66408 (exit status 0)
2026-01-28 21:29:34,101 INFO reaped unknown pid 66415 (exit status 0)
2026-01-28 21:29:39,266 INFO reaped unknown pid 66422 (exit status 0)
2026-01-28 21:29:44,186 INFO reaped unknown pid 66429 (exit status 0)
2026-01-28 21:29:49,266 INFO reaped unknown pid 66436 (exit status 0)
2026-01-28 21:29:54,376 INFO reaped unknown pid 66443 (exit status 0)
2026-01-28 21:29:59,396 INFO reaped unknown pid 66450 (exit status 0)
2026-01-28 21:30:03,862 INFO reaped unknown pid 66461 (exit status 0)
2026-01-28 21:30:08,905 INFO reaped unknown pid 66468 (exit status 0)
2026-01-28 21:30:13,941 INFO reaped unknown pid 66475 (exit status 0)
2026-01-28 21:30:19,191 INFO reaped unknown pid 66482 (exit status 0)
2026-01-28 21:30:24,073 INFO reaped unknown pid 66489 (exit status 0)
2026-01-28 21:30:29,252 INFO reaped unknown pid 66496 (exit status 0)
2026-01-28 21:30:34,258 INFO reaped unknown pid 66503 (exit status 0)
2026-01-28 21:30:39,299 INFO reaped unknown pid 66510 (exit status 0)
2026-01-28 21:30:44,369 INFO reaped unknown pid 66517 (exit status 0)
2026-01-28 21:30:49,443 INFO reaped unknown pid 66524 (exit status 0)
2026-01-28 21:30:54,463 INFO reaped unknown pid 66531 (exit status 0)
2026-01-28 21:30:59,489 INFO reaped unknown pid 66538 (exit status 0)
2026-01-28 21:31:03,730 INFO reaped unknown pid 66549 (exit status 0)
2026-01-28 21:31:08,770 INFO reaped unknown pid 66556 (exit status 0)
2026-01-28 21:31:13,852 INFO reaped unknown pid 66563 (exit status 0)
2026-01-28 21:31:18,895 INFO reaped unknown pid 66570 (exit status 0)
2026-01-28 21:31:24,014 INFO reaped unknown pid 66577 (exit status 0)
2026-01-28 21:31:29,012 INFO reaped unknown pid 66584 (exit status 0)
2026-01-28 21:31:34,026 INFO reaped unknown pid 66591 (exit status 0)
2026-01-28 21:31:39,025 INFO reaped unknown pid 66598 (exit status 0)
2026-01-28 21:31:44,133 INFO reaped unknown pid 66605 (exit status 0)
2026-01-28 21:31:49,296 INFO reaped unknown pid 66612 (exit status 0)
2026-01-28 21:31:54,330 INFO reaped unknown pid 66619 (exit status 0)
2026-01-28 21:31:59,326 INFO reaped unknown pid 66626 (exit status 0)
2026-01-28 21:32:03,792 INFO reaped unknown pid 66637 (exit status 0)
2026-01-28 21:32:08,815 INFO reaped unknown pid 66644 (exit status 0)
2026-01-28 21:32:13,861 INFO reaped unknown pid 66651 (exit status 0)
2026-01-28 21:32:18,914 INFO reaped unknown pid 66658 (exit status 0)
2026-01-28 21:32:24,914 INFO reaped unknown pid 66665 (exit status 0)
2026-01-28 21:32:28,986 INFO reaped unknown pid 66672 (exit status 0)
2026-01-28 21:32:34,003 INFO reaped unknown pid 66679 (exit status 0)
2026-01-28 21:32:39,037 INFO reaped unknown pid 66686 (exit status 0)
2026-01-28 21:32:44,146 INFO reaped unknown pid 66693 (exit status 0)
2026-01-28 21:32:49,341 INFO reaped unknown pid 66700 (exit status 0)
2026-01-28 21:32:54,249 INFO reaped unknown pid 66707 (exit status 0)
2026-01-28 21:32:59,341 INFO reaped unknown pid 66714 (exit status 0)
2026-01-28 21:33:03,801 INFO reaped unknown pid 66725 (exit status 0)
2026-01-28 21:33:08,842 INFO reaped unknown pid 66732 (exit status 0)
2026-01-28 21:33:13,849 INFO reaped unknown pid 66739 (exit status 0)
2026-01-28 21:33:18,954 INFO reaped unknown pid 66746 (exit status 0)
2026-01-28 21:33:24,065 INFO reaped unknown pid 66753 (exit status 0)
2026-01-28 21:33:29,345 INFO reaped unknown pid 66760 (exit status 0)
2026-01-28 21:33:34,234 INFO reaped unknown pid 66767 (exit status 0)
2026-01-28 21:33:39,373 INFO reaped unknown pid 66774 (exit status 0)
2026-01-28 21:33:44,335 INFO reaped unknown pid 66781 (exit status 0)
2026-01-28 21:33:49,387 INFO reaped unknown pid 66788 (exit status 0)
2026-01-28 21:33:54,466 INFO reaped unknown pid 66795 (exit status 0)
2026-01-28 21:33:59,460 INFO reaped unknown pid 66802 (exit status 0)
2026-01-28 21:34:03,779 INFO reaped unknown pid 66813 (exit status 0)
2026-01-28 21:34:08,817 INFO reaped unknown pid 66820 (exit status 0)
2026-01-28 21:34:13,833 INFO reaped unknown pid 66827 (exit status 0)
2026-01-28 21:34:18,846 INFO reaped unknown pid 66834 (exit status 0)
2026-01-28 21:34:23,892 INFO reaped unknown pid 66841 (exit status 0)
2026-01-28 21:34:28,924 INFO reaped unknown pid 66848 (exit status 0)
2026-01-28 21:34:33,990 INFO reaped unknown pid 66855 (exit status 0)
2026-01-28 21:34:39,048 INFO reaped unknown pid 66862 (exit status 0)
2026-01-28 21:34:44,105 INFO reaped unknown pid 66869 (exit status 0)
2026-01-28 21:34:49,117 INFO reaped unknown pid 66876 (exit status 0)
2026-01-28 21:34:54,189 INFO reaped unknown pid 66883 (exit status 0)
2026-01-28 21:34:59,454 INFO reaped unknown pid 66890 (exit status 0)
2026-01-28 21:35:03,776 INFO reaped unknown pid 66901 (exit status 0)
2026-01-28 21:35:08,867 INFO reaped unknown pid 66908 (exit status 0)
2026-01-28 21:35:13,946 INFO reaped unknown pid 66915 (exit status 0)
2026-01-28 21:35:18,973 INFO reaped unknown pid 66922 (exit status 0)
2026-01-28 21:35:23,997 INFO reaped unknown pid 66929 (exit status 0)
2026-01-28 21:35:29,086 INFO reaped unknown pid 66936 (exit status 0)
2026-01-28 21:35:34,132 INFO reaped unknown pid 66943 (exit status 0)
2026-01-28 21:35:39,193 INFO reaped unknown pid 66950 (exit status 0)
2026-01-28 21:35:44,217 INFO reaped unknown pid 66957 (exit status 0)
2026-01-28 21:35:49,385 INFO reaped unknown pid 66964 (exit status 0)
2026-01-28 21:35:54,272 INFO reaped unknown pid 66971 (exit status 0)
2026-01-28 21:35:59,495 INFO reaped unknown pid 66978 (exit status 0)
2026-01-28 21:36:03,830 INFO reaped unknown pid 66989 (exit status 0)
2026-01-28 21:36:08,918 INFO reaped unknown pid 66996 (exit status 0)
2026-01-28 21:36:13,948 INFO reaped unknown pid 67003 (exit status 0)
2026-01-28 21:36:19,036 INFO reaped unknown pid 67010 (exit status 0)
2026-01-28 21:36:24,079 INFO reaped unknown pid 67017 (exit status 0)
2026-01-28 21:36:29,133 INFO reaped unknown pid 67024 (exit status 0)
2026-01-28 21:36:34,146 INFO reaped unknown pid 67031 (exit status 0)
2026-01-28 21:36:39,220 INFO reaped unknown pid 67038 (exit status 0)
2026-01-28 21:36:44,295 INFO reaped unknown pid 67045 (exit status 0)
2026-01-28 21:36:49,500 INFO reaped unknown pid 67052 (exit status 0)
2026-01-28 21:36:54,454 INFO reaped unknown pid 67059 (exit status 0)
2026-01-28 21:36:59,511 INFO reaped unknown pid 67066 (exit status 0)
2026-01-28 21:37:03,705 INFO reaped unknown pid 67077 (exit status 0)
2026-01-28 21:37:08,729 INFO reaped unknown pid 67084 (exit status 0)
2026-01-28 21:37:13,738 INFO reaped unknown pid 67091 (exit status 0)
2026-01-28 21:37:18,748 INFO reaped unknown pid 67098 (exit status 0)
2026-01-28 21:37:23,754 INFO reaped unknown pid 67105 (exit status 0)
2026-01-28 21:37:29,773 INFO reaped unknown pid 67112 (exit status 0)
2026-01-28 21:37:33,861 INFO reaped unknown pid 67119 (exit status 0)
2026-01-28 21:37:38,929 INFO reaped unknown pid 67126 (exit status 0)
2026-01-28 21:37:44,000 INFO reaped unknown pid 67133 (exit status 0)
2026-01-28 21:37:49,097 INFO reaped unknown pid 67140 (exit status 0)
2026-01-28 21:37:54,193 INFO reaped unknown pid 67147 (exit status 0)
2026-01-28 21:37:59,257 INFO reaped unknown pid 67154 (exit status 0)
2026-01-28 21:38:03,813 INFO reaped unknown pid 67165 (exit status 0)
2026-01-28 21:38:08,816 INFO reaped unknown pid 67172 (exit status 0)
2026-01-28 21:38:13,825 INFO reaped unknown pid 67179 (exit status 0)
2026-01-28 21:38:18,892 INFO reaped unknown pid 67186 (exit status 0)
2026-01-28 21:38:23,980 INFO reaped unknown pid 67193 (exit status 0)
2026-01-28 21:38:28,988 INFO reaped unknown pid 67200 (exit status 0)
2026-01-28 21:38:34,003 INFO reaped unknown pid 67207 (exit status 0)
2026-01-28 21:38:39,005 INFO reaped unknown pid 67214 (exit status 0)
2026-01-28 21:38:44,072 INFO reaped unknown pid 67221 (exit status 0)
2026-01-28 21:38:49,107 INFO reaped unknown pid 67228 (exit status 0)
2026-01-28 21:38:54,142 INFO reaped unknown pid 67235 (exit status 0)
2026-01-28 21:38:59,181 INFO reaped unknown pid 67242 (exit status 0)
2026-01-28 21:39:03,752 INFO reaped unknown pid 67253 (exit status 0)
2026-01-28 21:39:08,765 INFO reaped unknown pid 67260 (exit status 0)
2026-01-28 21:39:13,807 INFO reaped unknown pid 67267 (exit status 0)
2026-01-28 21:39:18,871 INFO reaped unknown pid 67274 (exit status 0)
2026-01-28 21:39:23,951 INFO reaped unknown pid 67281 (exit status 0)
2026-01-28 21:39:29,027 INFO reaped unknown pid 67288 (exit status 0)
2026-01-28 21:39:34,016 INFO reaped unknown pid 67295 (exit status 0)
2026-01-28 21:39:39,104 INFO reaped unknown pid 67302 (exit status 0)
2026-01-28 21:39:44,208 INFO reaped unknown pid 67309 (exit status 0)
2026-01-28 21:39:49,276 INFO reaped unknown pid 67316 (exit status 0)
2026-01-28 21:39:54,276 INFO reaped unknown pid 67323 (exit status 0)
2026-01-28 21:39:59,284 INFO reaped unknown pid 67330 (exit status 0)
2026-01-28 21:40:03,767 INFO reaped unknown pid 67341 (exit status 0)
2026-01-28 21:40:08,867 INFO reaped unknown pid 67348 (exit status 0)
2026-01-28 21:40:13,919 INFO reaped unknown pid 67355 (exit status 0)
2026-01-28 21:40:18,936 INFO reaped unknown pid 67362 (exit status 0)
2026-01-28 21:40:24,034 INFO reaped unknown pid 67369 (exit status 0)
2026-01-28 21:40:29,139 INFO reaped unknown pid 67376 (exit status 0)
2026-01-28 21:40:34,159 INFO reaped unknown pid 67383 (exit status 0)
2026-01-28 21:40:39,175 INFO reaped unknown pid 67390 (exit status 0)
2026-01-28 21:40:44,279 INFO reaped unknown pid 67397 (exit status 0)
2026-01-28 21:40:49,299 INFO reaped unknown pid 67404 (exit status 0)
2026-01-28 21:40:54,294 INFO reaped unknown pid 67411 (exit status 0)
2026-01-28 21:40:59,337 INFO reaped unknown pid 67418 (exit status 0)
2026-01-28 21:41:03,755 INFO reaped unknown pid 67429 (exit status 0)
2026-01-28 21:41:08,866 INFO reaped unknown pid 67436 (exit status 0)
2026-01-28 21:41:13,901 INFO reaped unknown pid 67443 (exit status 0)
2026-01-28 21:41:18,995 INFO reaped unknown pid 67450 (exit status 0)
2026-01-28 21:41:24,055 INFO reaped unknown pid 67457 (exit status 0)
2026-01-28 21:41:29,150 INFO reaped unknown pid 67464 (exit status 0)
2026-01-28 21:41:34,161 INFO reaped unknown pid 67471 (exit status 0)
2026-01-28 21:41:39,220 INFO reaped unknown pid 67478 (exit status 0)
2026-01-28 21:41:44,300 INFO reaped unknown pid 67485 (exit status 0)
2026-01-28 21:41:49,312 INFO reaped unknown pid 67492 (exit status 0)
2026-01-28 21:41:54,377 INFO reaped unknown pid 67499 (exit status 0)
2026-01-28 21:41:59,372 INFO reaped unknown pid 67506 (exit status 0)
2026-01-28 21:42:03,818 INFO reaped unknown pid 67517 (exit status 0)
2026-01-28 21:42:08,860 INFO reaped unknown pid 67524 (exit status 0)
2026-01-28 21:42:13,971 INFO reaped unknown pid 67531 (exit status 0)
2026-01-28 21:42:19,073 INFO reaped unknown pid 67538 (exit status 0)
2026-01-28 21:42:24,167 INFO reaped unknown pid 67545 (exit status 0)
2026-01-28 21:42:30,177 INFO reaped unknown pid 67552 (exit status 0)
2026-01-28 21:42:34,183 INFO reaped unknown pid 67559 (exit status 0)
2026-01-28 21:42:39,288 INFO reaped unknown pid 67566 (exit status 0)
2026-01-28 21:42:44,377 INFO reaped unknown pid 67573 (exit status 0)
2026-01-28 21:42:49,473 INFO reaped unknown pid 67580 (exit status 0)
2026-01-28 21:42:54,551 INFO reaped unknown pid 67587 (exit status 0)
2026-01-28 21:42:59,739 INFO reaped unknown pid 67594 (exit status 0)
2026-01-28 21:43:03,777 INFO reaped unknown pid 67605 (exit status 0)
2026-01-28 21:43:08,832 INFO reaped unknown pid 67612 (exit status 0)
2026-01-28 21:43:13,825 INFO reaped unknown pid 67619 (exit status 0)
2026-01-28 21:43:18,827 INFO reaped unknown pid 67626 (exit status 0)
2026-01-28 21:43:23,868 INFO reaped unknown pid 67633 (exit status 0)
2026-01-28 21:43:28,878 INFO reaped unknown pid 67640 (exit status 0)
2026-01-28 21:43:33,978 INFO reaped unknown pid 67647 (exit status 0)
2026-01-28 21:43:39,004 INFO reaped unknown pid 67654 (exit status 0)
2026-01-28 21:43:44,096 INFO reaped unknown pid 67661 (exit status 0)
2026-01-28 21:43:49,112 INFO reaped unknown pid 67668 (exit status 0)
2026-01-28 21:43:54,176 INFO reaped unknown pid 67675 (exit status 0)
2026-01-28 21:43:59,251 INFO reaped unknown pid 67682 (exit status 0)
2026-01-28 21:44:03,852 INFO reaped unknown pid 67693 (exit status 0)
2026-01-28 21:44:08,931 INFO reaped unknown pid 67700 (exit status 0)
2026-01-28 21:44:13,941 INFO reaped unknown pid 67707 (exit status 0)
2026-01-28 21:44:19,034 INFO reaped unknown pid 67714 (exit status 0)
2026-01-28 21:44:24,119 INFO reaped unknown pid 67721 (exit status 0)
2026-01-28 21:44:29,158 INFO reaped unknown pid 67728 (exit status 0)
2026-01-28 21:44:34,178 INFO reaped unknown pid 67735 (exit status 0)
2026-01-28 21:44:39,255 INFO reaped unknown pid 67742 (exit status 0)
2026-01-28 21:44:44,344 INFO reaped unknown pid 67749 (exit status 0)
2026-01-28 21:44:49,353 INFO reaped unknown pid 67756 (exit status 0)
2026-01-28 21:44:54,440 INFO reaped unknown pid 67763 (exit status 0)
2026-01-28 21:44:59,496 INFO reaped unknown pid 67770 (exit status 0)
2026-01-28 21:45:03,872 INFO reaped unknown pid 67781 (exit status 0)
2026-01-28 21:45:08,973 INFO reaped unknown pid 67788 (exit status 0)
2026-01-28 21:45:13,985 INFO reaped unknown pid 67795 (exit status 0)
2026-01-28 21:45:19,048 INFO reaped unknown pid 67802 (exit status 0)
2026-01-28 21:45:24,101 INFO reaped unknown pid 67809 (exit status 0)
2026-01-28 21:45:29,176 INFO reaped unknown pid 67816 (exit status 0)
2026-01-28 21:45:34,184 INFO reaped unknown pid 67823 (exit status 0)
2026-01-28 21:45:39,246 INFO reaped unknown pid 67830 (exit status 0)
2026-01-28 21:45:44,289 INFO reaped unknown pid 67837 (exit status 0)
2026-01-28 21:45:49,302 INFO reaped unknown pid 67844 (exit status 0)
2026-01-28 21:45:54,324 INFO reaped unknown pid 67851 (exit status 0)
2026-01-28 21:45:59,358 INFO reaped unknown pid 67858 (exit status 0)
2026-01-28 21:46:03,885 INFO reaped unknown pid 67869 (exit status 0)
2026-01-28 21:46:08,988 INFO reaped unknown pid 67876 (exit status 0)
2026-01-28 21:46:14,005 INFO reaped unknown pid 67883 (exit status 0)
2026-01-28 21:46:19,091 INFO reaped unknown pid 67890 (exit status 0)
2026-01-28 21:46:24,116 INFO reaped unknown pid 67897 (exit status 0)
2026-01-28 21:46:29,149 INFO reaped unknown pid 67904 (exit status 0)
2026-01-28 21:46:34,190 INFO reaped unknown pid 67911 (exit status 0)
2026-01-28 21:46:39,242 INFO reaped unknown pid 67918 (exit status 0)
2026-01-28 21:46:44,300 INFO reaped unknown pid 67925 (exit status 0)
2026-01-28 21:46:49,343 INFO reaped unknown pid 67932 (exit status 0)
2026-01-28 21:46:54,446 INFO reaped unknown pid 67939 (exit status 0)
2026-01-28 21:46:59,524 INFO reaped unknown pid 67946 (exit status 0)
2026-01-28 21:47:03,866 INFO reaped unknown pid 67957 (exit status 0)
2026-01-28 21:47:08,930 INFO reaped unknown pid 67964 (exit status 0)
2026-01-28 21:47:14,007 INFO reaped unknown pid 67971 (exit status 0)
2026-01-28 21:47:19,086 INFO reaped unknown pid 67978 (exit status 0)
2026-01-28 21:47:24,177 INFO reaped unknown pid 67985 (exit status 0)
2026-01-28 21:47:30,215 INFO reaped unknown pid 67992 (exit status 0)
2026-01-28 21:47:34,287 INFO reaped unknown pid 67999 (exit status 0)
2026-01-28 21:47:39,287 INFO reaped unknown pid 68006 (exit status 0)
2026-01-28 21:47:44,371 INFO reaped unknown pid 68013 (exit status 0)
2026-01-28 21:47:49,418 INFO reaped unknown pid 68020 (exit status 0)
2026-01-28 21:47:54,495 INFO reaped unknown pid 68027 (exit status 0)
2026-01-28 21:47:59,567 INFO reaped unknown pid 68034 (exit status 0)
2026-01-28 21:48:03,929 INFO reaped unknown pid 68045 (exit status 0)
2026-01-28 21:48:08,950 INFO reaped unknown pid 68052 (exit status 0)
2026-01-28 21:48:13,977 INFO reaped unknown pid 68059 (exit status 0)
2026-01-28 21:48:18,986 INFO reaped unknown pid 68066 (exit status 0)
2026-01-28 21:48:23,988 INFO reaped unknown pid 68073 (exit status 0)
2026-01-28 21:48:29,099 INFO reaped unknown pid 68080 (exit status 0)
2026-01-28 21:48:34,135 INFO reaped unknown pid 68087 (exit status 0)
2026-01-28 21:48:39,223 INFO reaped unknown pid 68094 (exit status 0)
2026-01-28 21:48:44,253 INFO reaped unknown pid 68101 (exit status 0)
2026-01-28 21:48:49,264 INFO reaped unknown pid 68108 (exit status 0)
2026-01-28 21:48:54,364 INFO reaped unknown pid 68115 (exit status 0)
2026-01-28 21:48:59,437 INFO reaped unknown pid 68122 (exit status 0)
2026-01-28 21:49:04,039 INFO reaped unknown pid 68133 (exit status 0)
2026-01-28 21:49:09,061 INFO reaped unknown pid 68140 (exit status 0)
2026-01-28 21:49:14,110 INFO reaped unknown pid 68147 (exit status 0)
2026-01-28 21:49:19,186 INFO reaped unknown pid 68154 (exit status 0)
2026-01-28 21:49:24,266 INFO reaped unknown pid 68161 (exit status 0)
2026-01-28 21:49:29,290 INFO reaped unknown pid 68168 (exit status 0)
2026-01-28 21:49:34,321 INFO reaped unknown pid 68175 (exit status 0)
2026-01-28 21:49:39,332 INFO reaped unknown pid 68182 (exit status 0)
2026-01-28 21:49:44,351 INFO reaped unknown pid 68189 (exit status 0)
2026-01-28 21:49:49,382 INFO reaped unknown pid 68196 (exit status 0)
2026-01-28 21:49:54,395 INFO reaped unknown pid 68203 (exit status 0)
2026-01-28 21:49:59,439 INFO reaped unknown pid 68210 (exit status 0)
2026-01-28 21:50:03,952 INFO reaped unknown pid 68221 (exit status 0)
2026-01-28 21:50:08,975 INFO reaped unknown pid 68228 (exit status 0)
2026-01-28 21:50:14,043 INFO reaped unknown pid 68235 (exit status 0)
2026-01-28 21:50:19,048 INFO reaped unknown pid 68242 (exit status 0)
2026-01-28 21:50:24,149 INFO reaped unknown pid 68249 (exit status 0)
2026-01-28 21:50:29,176 INFO reaped unknown pid 68256 (exit status 0)
2026-01-28 21:50:34,210 INFO reaped unknown pid 68263 (exit status 0)
2026-01-28 21:50:39,244 INFO reaped unknown pid 68270 (exit status 0)
2026-01-28 21:50:44,273 INFO reaped unknown pid 68277 (exit status 0)
2026-01-28 21:50:49,301 INFO reaped unknown pid 68284 (exit status 0)
2026-01-28 21:50:54,365 INFO reaped unknown pid 68291 (exit status 0)
2026-01-28 21:50:59,458 INFO reaped unknown pid 68298 (exit status 0)
2026-01-28 21:51:03,985 INFO reaped unknown pid 68309 (exit status 0)
2026-01-28 21:51:08,993 INFO reaped unknown pid 68316 (exit status 0)
2026-01-28 21:51:14,008 INFO reaped unknown pid 68323 (exit status 0)
2026-01-28 21:51:19,044 INFO reaped unknown pid 68330 (exit status 0)
2026-01-28 21:51:24,075 INFO reaped unknown pid 68337 (exit status 0)
2026-01-28 21:51:29,123 INFO reaped unknown pid 68344 (exit status 0)
2026-01-28 21:51:34,225 INFO reaped unknown pid 68351 (exit status 0)
2026-01-28 21:51:39,254 INFO reaped unknown pid 68358 (exit status 0)
2026-01-28 21:51:44,278 INFO reaped unknown pid 68365 (exit status 0)
2026-01-28 21:51:49,286 INFO reaped unknown pid 68372 (exit status 0)
2026-01-28 21:51:54,337 INFO reaped unknown pid 68379 (exit status 0)
2026-01-28 21:51:59,370 INFO reaped unknown pid 68386 (exit status 0)
2026-01-28 21:52:03,990 INFO reaped unknown pid 68397 (exit status 0)
2026-01-28 21:52:09,074 INFO reaped unknown pid 68404 (exit status 0)
2026-01-28 21:52:14,104 INFO reaped unknown pid 68411 (exit status 0)
2026-01-28 21:52:19,207 INFO reaped unknown pid 68418 (exit status 0)
2026-01-28 21:52:24,221 INFO reaped unknown pid 68425 (exit status 0)
2026-01-28 21:52:30,225 INFO reaped unknown pid 68432 (exit status 0)
2026-01-28 21:52:34,279 INFO reaped unknown pid 68439 (exit status 0)
2026-01-28 21:52:39,319 INFO reaped unknown pid 68446 (exit status 0)
2026-01-28 21:52:44,402 INFO reaped unknown pid 68453 (exit status 0)
2026-01-28 21:52:49,419 INFO reaped unknown pid 68460 (exit status 0)
2026-01-28 21:52:54,508 INFO reaped unknown pid 68467 (exit status 0)
2026-01-28 21:52:59,565 INFO reaped unknown pid 68474 (exit status 0)
2026-01-28 21:53:03,957 INFO reaped unknown pid 68485 (exit status 0)
2026-01-28 21:53:09,038 INFO reaped unknown pid 68492 (exit status 0)
2026-01-28 21:53:14,134 INFO reaped unknown pid 68499 (exit status 0)
2026-01-28 21:53:19,148 INFO reaped unknown pid 68506 (exit status 0)
2026-01-28 21:53:24,202 INFO reaped unknown pid 68513 (exit status 0)
2026-01-28 21:53:29,254 INFO reaped unknown pid 68520 (exit status 0)
2026-01-28 21:53:34,275 INFO reaped unknown pid 68527 (exit status 0)
2026-01-28 21:53:39,321 INFO reaped unknown pid 68534 (exit status 0)
2026-01-28 21:53:44,455 INFO reaped unknown pid 68541 (exit status 0)
2026-01-28 21:53:49,488 INFO reaped unknown pid 68548 (exit status 0)
2026-01-28 21:53:54,519 INFO reaped unknown pid 68555 (exit status 0)
2026-01-28 21:53:59,537 INFO reaped unknown pid 68562 (exit status 0)
2026-01-28 21:54:03,981 INFO reaped unknown pid 68573 (exit status 0)
2026-01-28 21:54:09,056 INFO reaped unknown pid 68580 (exit status 0)
2026-01-28 21:54:14,119 INFO reaped unknown pid 68587 (exit status 0)
2026-01-28 21:54:19,214 INFO reaped unknown pid 68594 (exit status 0)
2026-01-28 21:54:24,247 INFO reaped unknown pid 68601 (exit status 0)
2026-01-28 21:54:29,316 INFO reaped unknown pid 68608 (exit status 0)
2026-01-28 21:54:34,424 INFO reaped unknown pid 68615 (exit status 0)
2026-01-28 21:54:39,465 INFO reaped unknown pid 68622 (exit status 0)
2026-01-28 21:54:44,461 INFO reaped unknown pid 68629 (exit status 0)
2026-01-28 21:54:49,500 INFO reaped unknown pid 68636 (exit status 0)
2026-01-28 21:54:54,516 INFO reaped unknown pid 68643 (exit status 0)
2026-01-28 21:54:59,604 INFO reaped unknown pid 68650 (exit status 0)
2026-01-28 21:55:03,980 INFO reaped unknown pid 68661 (exit status 0)
2026-01-28 21:55:09,022 INFO reaped unknown pid 68668 (exit status 0)
2026-01-28 21:55:14,097 INFO reaped unknown pid 68675 (exit status 0)
2026-01-28 21:55:19,116 INFO reaped unknown pid 68682 (exit status 0)
2026-01-28 21:55:24,198 INFO reaped unknown pid 68689 (exit status 0)
2026-01-28 21:55:29,230 INFO reaped unknown pid 68696 (exit status 0)
2026-01-28 21:55:34,263 INFO reaped unknown pid 68703 (exit status 0)
2026-01-28 21:55:39,276 INFO reaped unknown pid 68710 (exit status 0)
2026-01-28 21:55:44,349 INFO reaped unknown pid 68717 (exit status 0)
2026-01-28 21:55:49,365 INFO reaped unknown pid 68724 (exit status 0)
2026-01-28 21:55:54,447 INFO reaped unknown pid 68731 (exit status 0)
2026-01-28 21:55:59,516 INFO reaped unknown pid 68738 (exit status 0)
2026-01-28 21:56:03,899 INFO reaped unknown pid 68749 (exit status 0)
2026-01-28 21:56:08,928 INFO reaped unknown pid 68756 (exit status 0)
2026-01-28 21:56:14,024 INFO reaped unknown pid 68763 (exit status 0)
2026-01-28 21:56:19,041 INFO reaped unknown pid 68770 (exit status 0)
2026-01-28 21:56:24,135 INFO reaped unknown pid 68777 (exit status 0)
2026-01-28 21:56:29,145 INFO reaped unknown pid 68784 (exit status 0)
2026-01-28 21:56:34,230 INFO reaped unknown pid 68791 (exit status 0)
2026-01-28 21:56:39,333 INFO reaped unknown pid 68798 (exit status 0)
2026-01-28 21:56:44,394 INFO reaped unknown pid 68805 (exit status 0)
2026-01-28 21:56:49,408 INFO reaped unknown pid 68812 (exit status 0)
2026-01-28 21:56:54,462 INFO reaped unknown pid 68819 (exit status 0)
2026-01-28 21:56:59,567 INFO reaped unknown pid 68826 (exit status 0)
2026-01-28 21:57:03,924 INFO reaped unknown pid 68837 (exit status 0)
2026-01-28 21:57:08,956 INFO reaped unknown pid 68844 (exit status 0)
2026-01-28 21:57:14,040 INFO reaped unknown pid 68851 (exit status 0)
2026-01-28 21:57:19,044 INFO reaped unknown pid 68858 (exit status 0)
2026-01-28 21:57:24,084 INFO reaped unknown pid 68865 (exit status 0)
2026-01-28 21:57:29,197 INFO reaped unknown pid 68872 (exit status 0)
2026-01-28 21:57:35,268 INFO reaped unknown pid 68879 (exit status 0)
2026-01-28 21:57:39,332 INFO reaped unknown pid 68886 (exit status 0)
2026-01-28 21:57:44,420 INFO reaped unknown pid 68893 (exit status 0)
2026-01-28 21:57:49,455 INFO reaped unknown pid 68900 (exit status 0)
2026-01-28 21:57:54,497 INFO reaped unknown pid 68907 (exit status 0)
2026-01-28 21:57:59,556 INFO reaped unknown pid 68914 (exit status 0)
2026-01-28 21:58:03,896 INFO reaped unknown pid 68925 (exit status 0)
2026-01-28 21:58:08,982 INFO reaped unknown pid 68932 (exit status 0)
2026-01-28 21:58:14,089 INFO reaped unknown pid 68939 (exit status 0)
2026-01-28 21:58:19,181 INFO reaped unknown pid 68946 (exit status 0)
2026-01-28 21:58:24,209 INFO reaped unknown pid 68953 (exit status 0)
2026-01-28 21:58:29,256 INFO reaped unknown pid 68960 (exit status 0)
2026-01-28 21:58:34,287 INFO reaped unknown pid 68967 (exit status 0)
2026-01-28 21:58:39,304 INFO reaped unknown pid 68974 (exit status 0)
2026-01-28 21:58:44,325 INFO reaped unknown pid 68981 (exit status 0)
2026-01-28 21:58:49,357 INFO reaped unknown pid 68988 (exit status 0)
2026-01-28 21:58:54,436 INFO reaped unknown pid 68995 (exit status 0)
2026-01-28 21:58:59,499 INFO reaped unknown pid 69002 (exit status 0)
2026-01-28 21:59:03,943 INFO reaped unknown pid 69013 (exit status 0)
2026-01-28 21:59:09,034 INFO reaped unknown pid 69020 (exit status 0)
2026-01-28 21:59:14,049 INFO reaped unknown pid 69027 (exit status 0)
2026-01-28 21:59:19,134 INFO reaped unknown pid 69034 (exit status 0)
2026-01-28 21:59:24,231 INFO reaped unknown pid 69041 (exit status 0)
2026-01-28 21:59:29,302 INFO reaped unknown pid 69048 (exit status 0)
2026-01-28 21:59:34,308 INFO reaped unknown pid 69055 (exit status 0)
2026-01-28 21:59:39,348 INFO reaped unknown pid 69062 (exit status 0)
2026-01-28 21:59:44,439 INFO reaped unknown pid 69069 (exit status 0)
2026-01-28 21:59:49,554 INFO reaped unknown pid 69076 (exit status 0)
2026-01-28 21:59:54,585 INFO reaped unknown pid 69083 (exit status 0)
2026-01-28 21:59:59,656 INFO reaped unknown pid 69090 (exit status 0)
2026-01-28 22:00:03,939 INFO reaped unknown pid 69101 (exit status 0)
2026-01-28 22:00:08,956 INFO reaped unknown pid 69108 (exit status 0)
2026-01-28 22:00:13,973 INFO reaped unknown pid 69115 (exit status 0)
2026-01-28 22:00:19,015 INFO reaped unknown pid 69122 (exit status 0)
2026-01-28 22:00:24,048 INFO reaped unknown pid 69129 (exit status 0)
2026-01-28 22:00:29,064 INFO reaped unknown pid 69136 (exit status 0)
2026-01-28 22:00:34,072 INFO reaped unknown pid 69143 (exit status 0)
2026-01-28 22:00:39,145 INFO reaped unknown pid 69150 (exit status 0)
2026-01-28 22:00:44,147 INFO reaped unknown pid 69157 (exit status 0)
2026-01-28 22:00:49,152 INFO reaped unknown pid 69164 (exit status 0)
2026-01-28 22:00:54,162 INFO reaped unknown pid 69171 (exit status 0)
2026-01-28 22:00:59,196 INFO reaped unknown pid 69178 (exit status 0)
2026-01-28 22:01:03,917 INFO reaped unknown pid 69189 (exit status 0)
2026-01-28 22:01:08,958 INFO reaped unknown pid 69196 (exit status 0)
2026-01-28 22:01:14,036 INFO reaped unknown pid 69203 (exit status 0)
2026-01-28 22:01:19,133 INFO reaped unknown pid 69210 (exit status 0)
2026-01-28 22:01:24,135 INFO reaped unknown pid 69217 (exit status 0)
2026-01-28 22:01:29,223 INFO reaped unknown pid 69224 (exit status 0)
2026-01-28 22:01:34,296 INFO reaped unknown pid 69231 (exit status 0)
2026-01-28 22:01:39,299 INFO reaped unknown pid 69238 (exit status 0)
2026-01-28 22:01:44,321 INFO reaped unknown pid 69245 (exit status 0)
2026-01-28 22:01:49,412 INFO reaped unknown pid 69252 (exit status 0)
2026-01-28 22:01:54,490 INFO reaped unknown pid 69259 (exit status 0)
2026-01-28 22:01:59,584 INFO reaped unknown pid 69266 (exit status 0)
2026-01-28 22:02:03,996 INFO reaped unknown pid 69277 (exit status 0)
2026-01-28 22:02:09,104 INFO reaped unknown pid 69284 (exit status 0)
2026-01-28 22:02:14,150 INFO reaped unknown pid 69291 (exit status 0)
2026-01-28 22:02:19,213 INFO reaped unknown pid 69298 (exit status 0)
2026-01-28 22:02:24,231 INFO reaped unknown pid 69305 (exit status 0)
2026-01-28 22:02:29,240 INFO reaped unknown pid 69312 (exit status 0)
2026-01-28 22:02:35,248 INFO reaped unknown pid 69319 (exit status 0)
2026-01-28 22:02:39,246 INFO reaped unknown pid 69326 (exit status 0)
2026-01-28 22:02:44,286 INFO reaped unknown pid 69333 (exit status 0)
2026-01-28 22:02:49,316 INFO reaped unknown pid 69340 (exit status 0)
2026-01-28 22:02:54,355 INFO reaped unknown pid 69347 (exit status 0)
2026-01-28 22:02:59,413 INFO reaped unknown pid 69354 (exit status 0)
2026-01-28 22:03:03,823 INFO reaped unknown pid 69365 (exit status 0)
2026-01-28 22:03:08,863 INFO reaped unknown pid 69372 (exit status 0)
2026-01-28 22:03:14,004 INFO reaped unknown pid 69379 (exit status 0)
2026-01-28 22:03:19,004 INFO reaped unknown pid 69386 (exit status 0)
2026-01-28 22:03:24,025 INFO reaped unknown pid 69393 (exit status 0)
2026-01-28 22:03:29,088 INFO reaped unknown pid 69400 (exit status 0)
2026-01-28 22:03:34,121 INFO reaped unknown pid 69407 (exit status 0)
2026-01-28 22:03:39,179 INFO reaped unknown pid 69414 (exit status 0)
2026-01-28 22:03:44,219 INFO reaped unknown pid 69421 (exit status 0)
2026-01-28 22:03:49,259 INFO reaped unknown pid 69428 (exit status 0)
2026-01-28 22:03:54,308 INFO reaped unknown pid 69435 (exit status 0)
2026-01-28 22:03:59,340 INFO reaped unknown pid 69442 (exit status 0)
2026-01-28 22:04:03,715 INFO reaped unknown pid 69453 (exit status 0)
2026-01-28 22:04:08,748 INFO reaped unknown pid 69460 (exit status 0)
2026-01-28 22:04:13,748 INFO reaped unknown pid 69467 (exit status 0)
2026-01-28 22:04:18,756 INFO reaped unknown pid 69474 (exit status 0)
2026-01-28 22:04:23,814 INFO reaped unknown pid 69481 (exit status 0)
2026-01-28 22:04:28,878 INFO reaped unknown pid 69488 (exit status 0)
2026-01-28 22:04:33,921 INFO reaped unknown pid 69495 (exit status 0)
2026-01-28 22:04:38,950 INFO reaped unknown pid 69502 (exit status 0)
2026-01-28 22:04:44,055 INFO reaped unknown pid 69509 (exit status 0)
2026-01-28 22:04:49,071 INFO reaped unknown pid 69516 (exit status 0)
2026-01-28 22:04:54,109 INFO reaped unknown pid 69523 (exit status 0)
2026-01-28 22:04:59,176 INFO reaped unknown pid 69530 (exit status 0)
2026-01-28 22:05:03,758 INFO reaped unknown pid 69541 (exit status 0)
2026-01-28 22:05:08,821 INFO reaped unknown pid 69548 (exit status 0)
2026-01-28 22:05:13,875 INFO reaped unknown pid 69555 (exit status 0)
2026-01-28 22:05:18,899 INFO reaped unknown pid 69562 (exit status 0)
2026-01-28 22:05:24,055 INFO reaped unknown pid 69569 (exit status 0)
2026-01-28 22:05:28,982 INFO reaped unknown pid 69576 (exit status 0)
2026-01-28 22:05:34,056 INFO reaped unknown pid 69583 (exit status 0)
2026-01-28 22:05:39,084 INFO reaped unknown pid 69590 (exit status 0)
2026-01-28 22:05:44,084 INFO reaped unknown pid 69597 (exit status 0)
2026-01-28 22:05:49,110 INFO reaped unknown pid 69604 (exit status 0)
2026-01-28 22:05:54,134 INFO reaped unknown pid 69611 (exit status 0)
2026-01-28 22:05:59,190 INFO reaped unknown pid 69618 (exit status 0)
2026-01-28 22:06:03,670 INFO reaped unknown pid 69629 (exit status 0)
2026-01-28 22:06:08,713 INFO reaped unknown pid 69636 (exit status 0)
2026-01-28 22:06:13,727 INFO reaped unknown pid 69643 (exit status 0)
2026-01-28 22:06:18,740 INFO reaped unknown pid 69650 (exit status 0)
2026-01-28 22:06:23,795 INFO reaped unknown pid 69657 (exit status 0)
2026-01-28 22:06:28,833 INFO reaped unknown pid 69664 (exit status 0)
2026-01-28 22:06:33,872 INFO reaped unknown pid 69671 (exit status 0)
2026-01-28 22:06:38,912 INFO reaped unknown pid 69678 (exit status 0)
2026-01-28 22:06:43,940 INFO reaped unknown pid 69685 (exit status 0)
2026-01-28 22:06:49,019 INFO reaped unknown pid 69692 (exit status 0)
2026-01-28 22:06:54,087 INFO reaped unknown pid 69699 (exit status 0)
2026-01-28 22:06:59,144 INFO reaped unknown pid 69706 (exit status 0)
2026-01-28 22:07:03,745 INFO reaped unknown pid 69717 (exit status 0)
2026-01-28 22:07:08,769 INFO reaped unknown pid 69724 (exit status 0)
2026-01-28 22:07:13,789 INFO reaped unknown pid 69731 (exit status 0)
2026-01-28 22:07:18,817 INFO reaped unknown pid 69738 (exit status 0)
2026-01-28 22:07:23,854 INFO reaped unknown pid 69745 (exit status 0)
2026-01-28 22:07:28,867 INFO reaped unknown pid 69752 (exit status 0)
2026-01-28 22:07:33,891 INFO reaped unknown pid 69759 (exit status 0)
2026-01-28 22:07:39,934 INFO reaped unknown pid 69766 (exit status 0)
2026-01-28 22:07:43,927 INFO reaped unknown pid 69773 (exit status 0)
2026-01-28 22:07:48,962 INFO reaped unknown pid 69780 (exit status 0)
2026-01-28 22:07:54,036 INFO reaped unknown pid 69787 (exit status 0)
2026-01-28 22:07:59,063 INFO reaped unknown pid 69794 (exit status 0)
2026-01-28 22:08:03,732 INFO reaped unknown pid 69805 (exit status 0)
2026-01-28 22:08:08,782 INFO reaped unknown pid 69812 (exit status 0)
2026-01-28 22:08:13,815 INFO reaped unknown pid 69819 (exit status 0)
2026-01-28 22:08:18,851 INFO reaped unknown pid 69826 (exit status 0)
2026-01-28 22:08:23,913 INFO reaped unknown pid 69833 (exit status 0)
2026-01-28 22:08:28,954 INFO reaped unknown pid 69840 (exit status 0)
2026-01-28 22:08:34,006 INFO reaped unknown pid 69847 (exit status 0)
2026-01-28 22:08:39,069 INFO reaped unknown pid 69854 (exit status 0)
2026-01-28 22:08:44,158 INFO reaped unknown pid 69861 (exit status 0)
2026-01-28 22:08:49,145 INFO reaped unknown pid 69868 (exit status 0)
2026-01-28 22:08:54,153 INFO reaped unknown pid 69875 (exit status 0)
2026-01-28 22:08:59,219 INFO reaped unknown pid 69882 (exit status 0)
2026-01-28 22:09:03,728 INFO reaped unknown pid 69893 (exit status 0)
2026-01-28 22:09:08,795 INFO reaped unknown pid 69900 (exit status 0)
2026-01-28 22:09:13,863 INFO reaped unknown pid 69907 (exit status 0)
2026-01-28 22:09:18,878 INFO reaped unknown pid 69914 (exit status 0)
2026-01-28 22:09:23,958 INFO reaped unknown pid 69921 (exit status 0)
2026-01-28 22:09:29,067 INFO reaped unknown pid 69928 (exit status 0)
2026-01-28 22:09:34,190 INFO reaped unknown pid 69935 (exit status 0)
2026-01-28 22:09:39,222 INFO reaped unknown pid 69942 (exit status 0)
2026-01-28 22:09:44,298 INFO reaped unknown pid 69949 (exit status 0)
2026-01-28 22:09:49,378 INFO reaped unknown pid 69956 (exit status 0)
2026-01-28 22:09:54,471 INFO reaped unknown pid 69963 (exit status 0)
2026-01-28 22:09:59,551 INFO reaped unknown pid 69970 (exit status 0)
2026-01-28 22:10:03,670 INFO reaped unknown pid 69981 (exit status 0)
2026-01-28 22:10:08,754 INFO reaped unknown pid 69988 (exit status 0)
2026-01-28 22:10:13,799 INFO reaped unknown pid 69995 (exit status 0)
2026-01-28 22:10:18,880 INFO reaped unknown pid 70002 (exit status 0)
2026-01-28 22:10:23,912 INFO reaped unknown pid 70009 (exit status 0)
2026-01-28 22:10:28,993 INFO reaped unknown pid 70016 (exit status 0)
2026-01-28 22:10:34,038 INFO reaped unknown pid 70023 (exit status 0)
2026-01-28 22:10:39,127 INFO reaped unknown pid 70030 (exit status 0)
2026-01-28 22:10:44,175 INFO reaped unknown pid 70037 (exit status 0)
2026-01-28 22:10:49,137 INFO reaped unknown pid 70044 (exit status 0)
2026-01-28 22:10:54,245 INFO reaped unknown pid 70051 (exit status 0)
2026-01-28 22:10:59,309 INFO reaped unknown pid 70058 (exit status 0)
2026-01-28 22:11:03,713 INFO reaped unknown pid 70069 (exit status 0)
2026-01-28 22:11:08,761 INFO reaped unknown pid 70076 (exit status 0)
2026-01-28 22:11:13,819 INFO reaped unknown pid 70083 (exit status 0)
2026-01-28 22:11:18,928 INFO reaped unknown pid 70090 (exit status 0)
2026-01-28 22:11:23,967 INFO reaped unknown pid 70097 (exit status 0)
2026-01-28 22:11:29,023 INFO reaped unknown pid 70104 (exit status 0)
2026-01-28 22:11:34,068 INFO reaped unknown pid 70111 (exit status 0)
2026-01-28 22:11:39,139 INFO reaped unknown pid 70118 (exit status 0)
2026-01-28 22:11:44,302 INFO reaped unknown pid 70125 (exit status 0)
2026-01-28 22:11:49,297 INFO reaped unknown pid 70132 (exit status 0)
2026-01-28 22:11:54,328 INFO reaped unknown pid 70139 (exit status 0)
2026-01-28 22:11:59,347 INFO reaped unknown pid 70146 (exit status 0)
2026-01-28 22:12:03,771 INFO reaped unknown pid 70157 (exit status 0)
2026-01-28 22:12:08,819 INFO reaped unknown pid 70164 (exit status 0)
2026-01-28 22:12:13,822 INFO reaped unknown pid 70171 (exit status 0)
2026-01-28 22:12:18,833 INFO reaped unknown pid 70178 (exit status 0)
2026-01-28 22:12:23,829 INFO reaped unknown pid 70185 (exit status 0)
2026-01-28 22:12:28,869 INFO reaped unknown pid 70192 (exit status 0)
2026-01-28 22:12:33,903 INFO reaped unknown pid 70199 (exit status 0)
2026-01-28 22:12:39,936 INFO reaped unknown pid 70206 (exit status 0)
2026-01-28 22:12:43,986 INFO reaped unknown pid 70213 (exit status 0)
2026-01-28 22:12:48,996 INFO reaped unknown pid 70220 (exit status 0)
2026-01-28 22:12:54,000 INFO reaped unknown pid 70227 (exit status 0)
2026-01-28 22:12:59,014 INFO reaped unknown pid 70234 (exit status 0)
2026-01-28 22:13:03,830 INFO reaped unknown pid 70245 (exit status 0)
2026-01-28 22:13:08,902 INFO reaped unknown pid 70252 (exit status 0)
2026-01-28 22:13:13,910 INFO reaped unknown pid 70259 (exit status 0)
2026-01-28 22:13:18,999 INFO reaped unknown pid 70266 (exit status 0)
2026-01-28 22:13:24,067 INFO reaped unknown pid 70273 (exit status 0)
2026-01-28 22:13:29,097 INFO reaped unknown pid 70280 (exit status 0)
2026-01-28 22:13:34,142 INFO reaped unknown pid 70287 (exit status 0)
2026-01-28 22:13:39,163 INFO reaped unknown pid 70294 (exit status 0)
2026-01-28 22:13:44,195 INFO reaped unknown pid 70301 (exit status 0)
2026-01-28 22:13:49,275 INFO reaped unknown pid 70308 (exit status 0)
2026-01-28 22:13:54,373 INFO reaped unknown pid 70315 (exit status 0)
2026-01-28 22:13:59,451 INFO reaped unknown pid 70322 (exit status 0)
2026-01-28 22:14:03,835 INFO reaped unknown pid 70333 (exit status 0)
2026-01-28 22:14:08,920 INFO reaped unknown pid 70340 (exit status 0)
2026-01-28 22:14:14,014 INFO reaped unknown pid 70347 (exit status 0)
2026-01-28 22:14:19,031 INFO reaped unknown pid 70354 (exit status 0)
2026-01-28 22:14:24,142 INFO reaped unknown pid 70361 (exit status 0)
2026-01-28 22:14:29,195 INFO reaped unknown pid 70368 (exit status 0)
2026-01-28 22:14:34,359 INFO reaped unknown pid 70375 (exit status 0)
2026-01-28 22:14:39,374 INFO reaped unknown pid 70382 (exit status 0)
2026-01-28 22:14:44,450 INFO reaped unknown pid 70389 (exit status 0)
2026-01-28 22:14:49,504 INFO reaped unknown pid 70396 (exit status 0)
2026-01-28 22:14:54,551 INFO reaped unknown pid 70403 (exit status 0)
2026-01-28 22:14:59,595 INFO reaped unknown pid 70410 (exit status 0)
2026-01-28 22:15:03,875 INFO reaped unknown pid 70421 (exit status 0)
2026-01-28 22:15:08,977 INFO reaped unknown pid 70428 (exit status 0)
2026-01-28 22:15:13,979 INFO reaped unknown pid 70435 (exit status 0)
2026-01-28 22:15:19,042 INFO reaped unknown pid 70442 (exit status 0)
2026-01-28 22:15:24,096 INFO reaped unknown pid 70449 (exit status 0)
2026-01-28 22:15:29,201 INFO reaped unknown pid 70456 (exit status 0)
2026-01-28 22:15:34,284 INFO reaped unknown pid 70463 (exit status 0)
2026-01-28 22:15:39,361 INFO reaped unknown pid 70470 (exit status 0)
2026-01-28 22:15:44,460 INFO reaped unknown pid 70477 (exit status 0)
2026-01-28 22:15:49,471 INFO reaped unknown pid 70484 (exit status 0)
2026-01-28 22:15:54,539 INFO reaped unknown pid 70491 (exit status 0)
2026-01-28 22:15:59,583 INFO reaped unknown pid 70498 (exit status 0)
2026-01-28 22:16:03,875 INFO reaped unknown pid 70509 (exit status 0)
2026-01-28 22:16:08,890 INFO reaped unknown pid 70516 (exit status 0)
2026-01-28 22:16:13,934 INFO reaped unknown pid 70523 (exit status 0)
2026-01-28 22:16:18,980 INFO reaped unknown pid 70530 (exit status 0)
2026-01-28 22:16:24,059 INFO reaped unknown pid 70537 (exit status 0)
2026-01-28 22:16:29,064 INFO reaped unknown pid 70544 (exit status 0)
2026-01-28 22:16:34,145 INFO reaped unknown pid 70551 (exit status 0)
2026-01-28 22:16:39,168 INFO reaped unknown pid 70558 (exit status 0)
2026-01-28 22:16:44,257 INFO reaped unknown pid 70565 (exit status 0)
2026-01-28 22:16:49,281 INFO reaped unknown pid 70572 (exit status 0)
2026-01-28 22:16:54,283 INFO reaped unknown pid 70579 (exit status 0)
2026-01-28 22:16:59,334 INFO reaped unknown pid 70586 (exit status 0)
2026-01-28 22:17:03,779 INFO reaped unknown pid 70597 (exit status 0)
2026-01-28 22:17:08,779 INFO reaped unknown pid 70604 (exit status 0)
2026-01-28 22:17:13,802 INFO reaped unknown pid 70611 (exit status 0)
2026-01-28 22:17:18,838 INFO reaped unknown pid 70618 (exit status 0)
2026-01-28 22:17:23,890 INFO reaped unknown pid 70625 (exit status 0)
2026-01-28 22:17:28,936 INFO reaped unknown pid 70632 (exit status 0)
2026-01-28 22:17:34,006 INFO reaped unknown pid 70639 (exit status 0)
2026-01-28 22:17:40,045 INFO reaped unknown pid 70646 (exit status 0)
2026-01-28 22:17:44,063 INFO reaped unknown pid 70653 (exit status 0)
2026-01-28 22:17:49,119 INFO reaped unknown pid 70660 (exit status 0)
2026-01-28 22:17:54,205 INFO reaped unknown pid 70667 (exit status 0)
2026-01-28 22:17:59,231 INFO reaped unknown pid 70674 (exit status 0)
2026-01-28 22:18:03,835 INFO reaped unknown pid 70685 (exit status 0)
2026-01-28 22:18:08,839 INFO reaped unknown pid 70692 (exit status 0)
2026-01-28 22:18:13,929 INFO reaped unknown pid 70699 (exit status 0)
2026-01-28 22:18:18,944 INFO reaped unknown pid 70706 (exit status 0)
2026-01-28 22:18:23,971 INFO reaped unknown pid 70713 (exit status 0)
2026-01-28 22:18:29,070 INFO reaped unknown pid 70720 (exit status 0)
2026-01-28 22:18:34,073 INFO reaped unknown pid 70727 (exit status 0)
2026-01-28 22:18:39,094 INFO reaped unknown pid 70734 (exit status 0)
2026-01-28 22:18:44,125 INFO reaped unknown pid 70741 (exit status 0)
2026-01-28 22:18:49,160 INFO reaped unknown pid 70748 (exit status 0)
2026-01-28 22:18:54,250 INFO reaped unknown pid 70755 (exit status 0)
2026-01-28 22:18:59,305 INFO reaped unknown pid 70762 (exit status 0)
2026-01-28 22:19:03,784 INFO reaped unknown pid 70773 (exit status 0)
2026-01-28 22:19:08,794 INFO reaped unknown pid 70780 (exit status 0)
2026-01-28 22:19:13,828 INFO reaped unknown pid 70787 (exit status 0)
2026-01-28 22:19:18,862 INFO reaped unknown pid 70794 (exit status 0)
2026-01-28 22:19:23,939 INFO reaped unknown pid 70801 (exit status 0)
2026-01-28 22:19:28,961 INFO reaped unknown pid 70808 (exit status 0)
2026-01-28 22:19:35,001 INFO reaped unknown pid 70815 (exit status 0)
2026-01-28 22:19:39,100 INFO reaped unknown pid 70822 (exit status 0)
2026-01-28 22:19:44,194 INFO reaped unknown pid 70829 (exit status 0)
2026-01-28 22:19:49,265 INFO reaped unknown pid 70836 (exit status 0)
2026-01-28 22:19:54,372 INFO reaped unknown pid 70843 (exit status 0)
2026-01-28 22:19:59,475 INFO reaped unknown pid 70850 (exit status 0)
2026-01-28 22:20:03,753 INFO reaped unknown pid 70861 (exit status 0)
2026-01-28 22:20:08,829 INFO reaped unknown pid 70868 (exit status 0)
2026-01-28 22:20:13,926 INFO reaped unknown pid 70875 (exit status 0)
2026-01-28 22:20:19,032 INFO reaped unknown pid 70882 (exit status 0)
2026-01-28 22:20:24,100 INFO reaped unknown pid 70889 (exit status 0)
2026-01-28 22:20:29,190 INFO reaped unknown pid 70896 (exit status 0)
2026-01-28 22:20:34,276 INFO reaped unknown pid 70903 (exit status 0)
2026-01-28 22:20:39,344 INFO reaped unknown pid 70910 (exit status 0)
2026-01-28 22:20:44,400 INFO reaped unknown pid 70917 (exit status 0)
2026-01-28 22:20:49,492 INFO reaped unknown pid 70924 (exit status 0)
2026-01-28 22:20:54,487 INFO reaped unknown pid 70931 (exit status 0)
2026-01-28 22:20:59,566 INFO reaped unknown pid 70938 (exit status 0)
2026-01-28 22:21:03,733 INFO reaped unknown pid 70949 (exit status 0)
2026-01-28 22:21:08,888 INFO reaped unknown pid 70956 (exit status 0)
2026-01-28 22:21:13,844 INFO reaped unknown pid 70963 (exit status 0)
2026-01-28 22:21:18,937 INFO reaped unknown pid 70970 (exit status 0)
2026-01-28 22:21:24,035 INFO reaped unknown pid 70977 (exit status 0)
2026-01-28 22:21:29,125 INFO reaped unknown pid 70984 (exit status 0)
2026-01-28 22:21:34,203 INFO reaped unknown pid 70991 (exit status 0)
2026-01-28 22:21:39,272 INFO reaped unknown pid 70998 (exit status 0)
2026-01-28 22:21:44,342 INFO reaped unknown pid 71005 (exit status 0)
2026-01-28 22:21:49,433 INFO reaped unknown pid 71012 (exit status 0)
2026-01-28 22:21:54,531 INFO reaped unknown pid 71019 (exit status 0)
2026-01-28 22:21:59,545 INFO reaped unknown pid 71026 (exit status 0)
2026-01-28 22:22:03,794 INFO reaped unknown pid 71037 (exit status 0)
2026-01-28 22:22:08,882 INFO reaped unknown pid 71044 (exit status 0)
2026-01-28 22:22:13,970 INFO reaped unknown pid 71051 (exit status 0)
2026-01-28 22:22:19,046 INFO reaped unknown pid 71058 (exit status 0)
2026-01-28 22:22:24,057 INFO reaped unknown pid 71065 (exit status 0)
2026-01-28 22:22:29,132 INFO reaped unknown pid 71072 (exit status 0)
2026-01-28 22:22:34,233 INFO reaped unknown pid 71079 (exit status 0)
2026-01-28 22:22:40,313 INFO reaped unknown pid 71086 (exit status 0)
2026-01-28 22:22:44,368 INFO reaped unknown pid 71093 (exit status 0)
2026-01-28 22:22:49,441 INFO reaped unknown pid 71100 (exit status 0)
2026-01-28 22:22:54,529 INFO reaped unknown pid 71107 (exit status 0)
2026-01-28 22:22:59,590 INFO reaped unknown pid 71114 (exit status 0)
2026-01-28 22:23:03,806 INFO reaped unknown pid 71125 (exit status 0)
2026-01-28 22:23:08,883 INFO reaped unknown pid 71132 (exit status 0)
2026-01-28 22:23:13,996 INFO reaped unknown pid 71139 (exit status 0)
2026-01-28 22:23:19,073 INFO reaped unknown pid 71146 (exit status 0)
2026-01-28 22:23:24,158 INFO reaped unknown pid 71153 (exit status 0)
2026-01-28 22:23:29,203 INFO reaped unknown pid 71160 (exit status 0)
2026-01-28 22:23:34,308 INFO reaped unknown pid 71167 (exit status 0)
2026-01-28 22:23:39,368 INFO reaped unknown pid 71174 (exit status 0)
2026-01-28 22:23:44,436 INFO reaped unknown pid 71181 (exit status 0)
2026-01-28 22:23:49,480 INFO reaped unknown pid 71188 (exit status 0)
2026-01-28 22:23:54,539 INFO reaped unknown pid 71195 (exit status 0)
2026-01-28 22:23:59,601 INFO reaped unknown pid 71202 (exit status 0)
2026-01-28 22:24:03,814 INFO reaped unknown pid 71213 (exit status 0)
2026-01-28 22:24:08,869 INFO reaped unknown pid 71220 (exit status 0)
2026-01-28 22:24:13,954 INFO reaped unknown pid 71227 (exit status 0)
2026-01-28 22:24:18,997 INFO reaped unknown pid 71234 (exit status 0)
2026-01-28 22:24:24,067 INFO reaped unknown pid 71241 (exit status 0)
2026-01-28 22:24:29,149 INFO reaped unknown pid 71248 (exit status 0)
2026-01-28 22:24:34,215 INFO reaped unknown pid 71255 (exit status 0)
2026-01-28 22:24:39,314 INFO reaped unknown pid 71262 (exit status 0)
2026-01-28 22:24:44,361 INFO reaped unknown pid 71269 (exit status 0)
2026-01-28 22:24:49,382 INFO reaped unknown pid 71276 (exit status 0)
2026-01-28 22:24:54,443 INFO reaped unknown pid 71283 (exit status 0)
2026-01-28 22:24:59,458 INFO reaped unknown pid 71290 (exit status 0)
2026-01-28 22:25:03,771 INFO reaped unknown pid 71301 (exit status 0)
2026-01-28 22:25:08,867 INFO reaped unknown pid 71308 (exit status 0)
2026-01-28 22:25:13,895 INFO reaped unknown pid 71315 (exit status 0)
2026-01-28 22:25:18,999 INFO reaped unknown pid 71322 (exit status 0)
2026-01-28 22:25:24,035 INFO reaped unknown pid 71329 (exit status 0)
2026-01-28 22:25:29,122 INFO reaped unknown pid 71336 (exit status 0)
2026-01-28 22:25:34,137 INFO reaped unknown pid 71343 (exit status 0)
2026-01-28 22:25:39,178 INFO reaped unknown pid 71350 (exit status 0)
2026-01-28 22:25:44,214 INFO reaped unknown pid 71357 (exit status 0)
2026-01-28 22:25:49,313 INFO reaped unknown pid 71364 (exit status 0)
2026-01-28 22:25:54,406 INFO reaped unknown pid 71371 (exit status 0)
2026-01-28 22:25:59,434 INFO reaped unknown pid 71378 (exit status 0)
2026-01-28 22:26:03,740 INFO reaped unknown pid 71389 (exit status 0)
2026-01-28 22:26:08,744 INFO reaped unknown pid 71396 (exit status 0)
2026-01-28 22:26:13,782 INFO reaped unknown pid 71403 (exit status 0)
2026-01-28 22:26:18,813 INFO reaped unknown pid 71410 (exit status 0)
2026-01-28 22:26:23,841 INFO reaped unknown pid 71417 (exit status 0)
2026-01-28 22:26:29,042 INFO reaped unknown pid 71424 (exit status 0)
2026-01-28 22:26:33,998 INFO reaped unknown pid 71431 (exit status 0)
2026-01-28 22:26:39,076 INFO reaped unknown pid 71438 (exit status 0)
2026-01-28 22:26:44,132 INFO reaped unknown pid 71445 (exit status 0)
2026-01-28 22:26:49,143 INFO reaped unknown pid 71452 (exit status 0)
2026-01-28 22:26:54,190 INFO reaped unknown pid 71459 (exit status 0)
2026-01-28 22:26:59,212 INFO reaped unknown pid 71466 (exit status 0)
2026-01-28 22:27:03,761 INFO reaped unknown pid 71477 (exit status 0)
2026-01-28 22:27:08,841 INFO reaped unknown pid 71484 (exit status 0)
2026-01-28 22:27:13,880 INFO reaped unknown pid 71491 (exit status 0)
2026-01-28 22:27:18,917 INFO reaped unknown pid 71498 (exit status 0)
2026-01-28 22:27:23,936 INFO reaped unknown pid 71505 (exit status 0)
2026-01-28 22:27:28,989 INFO reaped unknown pid 71512 (exit status 0)
2026-01-28 22:27:34,097 INFO reaped unknown pid 71519 (exit status 0)
2026-01-28 22:27:40,124 INFO reaped unknown pid 71526 (exit status 0)
2026-01-28 22:27:44,149 INFO reaped unknown pid 71533 (exit status 0)
2026-01-28 22:27:49,170 INFO reaped unknown pid 71540 (exit status 0)
2026-01-28 22:27:54,177 INFO reaped unknown pid 71547 (exit status 0)
2026-01-28 22:27:59,206 INFO reaped unknown pid 71554 (exit status 0)
2026-01-28 22:28:03,729 INFO reaped unknown pid 71565 (exit status 0)
2026-01-28 22:28:08,833 INFO reaped unknown pid 71572 (exit status 0)
2026-01-28 22:28:13,850 INFO reaped unknown pid 71579 (exit status 0)
2026-01-28 22:28:18,860 INFO reaped unknown pid 71586 (exit status 0)
2026-01-28 22:28:23,924 INFO reaped unknown pid 71593 (exit status 0)
2026-01-28 22:28:28,959 INFO reaped unknown pid 71600 (exit status 0)
2026-01-28 22:28:34,011 INFO reaped unknown pid 71607 (exit status 0)
2026-01-28 22:28:39,025 INFO reaped unknown pid 71614 (exit status 0)
2026-01-28 22:28:44,023 INFO reaped unknown pid 71621 (exit status 0)
2026-01-28 22:28:49,113 INFO reaped unknown pid 71628 (exit status 0)
2026-01-28 22:28:54,169 INFO reaped unknown pid 71635 (exit status 0)
2026-01-28 22:28:59,295 INFO reaped unknown pid 71642 (exit status 0)
2026-01-28 22:29:03,795 INFO reaped unknown pid 71653 (exit status 0)
2026-01-28 22:29:08,818 INFO reaped unknown pid 71660 (exit status 0)
2026-01-28 22:29:13,833 INFO reaped unknown pid 71667 (exit status 0)
2026-01-28 22:29:18,918 INFO reaped unknown pid 71674 (exit status 0)
2026-01-28 22:29:23,918 INFO reaped unknown pid 71681 (exit status 0)
2026-01-28 22:29:28,948 INFO reaped unknown pid 71688 (exit status 0)
2026-01-28 22:29:33,964 INFO reaped unknown pid 71695 (exit status 0)
2026-01-28 22:29:39,041 INFO reaped unknown pid 71702 (exit status 0)
2026-01-28 22:29:44,081 INFO reaped unknown pid 71709 (exit status 0)
2026-01-28 22:29:49,176 INFO reaped unknown pid 71716 (exit status 0)
2026-01-28 22:29:54,213 INFO reaped unknown pid 71723 (exit status 0)
2026-01-28 22:29:59,308 INFO reaped unknown pid 71730 (exit status 0)
2026-01-28 22:30:03,750 INFO reaped unknown pid 71741 (exit status 0)
2026-01-28 22:30:08,809 INFO reaped unknown pid 71748 (exit status 0)
2026-01-28 22:30:13,843 INFO reaped unknown pid 71755 (exit status 0)
2026-01-28 22:30:18,917 INFO reaped unknown pid 71762 (exit status 0)
2026-01-28 22:30:23,976 INFO reaped unknown pid 71769 (exit status 0)
2026-01-28 22:30:29,087 INFO reaped unknown pid 71776 (exit status 0)
2026-01-28 22:30:34,107 INFO reaped unknown pid 71783 (exit status 0)
2026-01-28 22:30:39,205 INFO reaped unknown pid 71790 (exit status 0)
2026-01-28 22:30:44,207 INFO reaped unknown pid 71797 (exit status 0)
2026-01-28 22:30:49,246 INFO reaped unknown pid 71804 (exit status 0)
2026-01-28 22:30:54,251 INFO reaped unknown pid 71811 (exit status 0)
2026-01-28 22:30:59,348 INFO reaped unknown pid 71818 (exit status 0)
2026-01-28 22:31:03,787 INFO reaped unknown pid 71829 (exit status 0)
2026-01-28 22:31:08,793 INFO reaped unknown pid 71836 (exit status 0)
2026-01-28 22:31:13,828 INFO reaped unknown pid 71843 (exit status 0)
2026-01-28 22:31:18,879 INFO reaped unknown pid 71850 (exit status 0)
2026-01-28 22:31:23,975 INFO reaped unknown pid 71857 (exit status 0)
2026-01-28 22:31:29,028 INFO reaped unknown pid 71864 (exit status 0)
2026-01-28 22:31:34,040 INFO reaped unknown pid 71871 (exit status 0)
2026-01-28 22:31:39,084 INFO reaped unknown pid 71878 (exit status 0)
2026-01-28 22:31:44,140 INFO reaped unknown pid 71885 (exit status 0)
2026-01-28 22:31:49,154 INFO reaped unknown pid 71892 (exit status 0)
2026-01-28 22:31:54,194 INFO reaped unknown pid 71899 (exit status 0)
2026-01-28 22:31:59,270 INFO reaped unknown pid 71906 (exit status 0)
2026-01-28 22:32:03,730 INFO reaped unknown pid 71917 (exit status 0)
2026-01-28 22:32:08,832 INFO reaped unknown pid 71924 (exit status 0)
2026-01-28 22:32:13,868 INFO reaped unknown pid 71931 (exit status 0)
2026-01-28 22:32:18,878 INFO reaped unknown pid 71938 (exit status 0)
2026-01-28 22:32:23,936 INFO reaped unknown pid 71945 (exit status 0)
2026-01-28 22:32:29,037 INFO reaped unknown pid 71952 (exit status 0)
2026-01-28 22:32:34,133 INFO reaped unknown pid 71959 (exit status 0)
2026-01-28 22:32:40,179 INFO reaped unknown pid 71966 (exit status 0)
2026-01-28 22:32:44,253 INFO reaped unknown pid 71973 (exit status 0)
2026-01-28 22:32:49,278 INFO reaped unknown pid 71980 (exit status 0)
2026-01-28 22:32:54,376 INFO reaped unknown pid 71987 (exit status 0)
2026-01-28 22:32:59,395 INFO reaped unknown pid 71994 (exit status 0)
2026-01-28 22:33:03,809 INFO reaped unknown pid 72005 (exit status 0)
2026-01-28 22:33:08,908 INFO reaped unknown pid 72012 (exit status 0)
2026-01-28 22:33:13,997 INFO reaped unknown pid 72019 (exit status 0)
2026-01-28 22:33:19,044 INFO reaped unknown pid 72026 (exit status 0)
2026-01-28 22:33:24,119 INFO reaped unknown pid 72033 (exit status 0)
2026-01-28 22:33:29,158 INFO reaped unknown pid 72040 (exit status 0)
2026-01-28 22:33:34,251 INFO reaped unknown pid 72047 (exit status 0)
2026-01-28 22:33:39,263 INFO reaped unknown pid 72054 (exit status 0)
2026-01-28 22:33:44,266 INFO reaped unknown pid 72061 (exit status 0)
2026-01-28 22:33:49,357 INFO reaped unknown pid 72068 (exit status 0)
2026-01-28 22:33:54,445 INFO reaped unknown pid 72075 (exit status 0)
2026-01-28 22:33:59,554 INFO reaped unknown pid 72082 (exit status 0)
2026-01-28 22:34:03,777 INFO reaped unknown pid 72093 (exit status 0)
2026-01-28 22:34:08,785 INFO reaped unknown pid 72100 (exit status 0)
2026-01-28 22:34:13,872 INFO reaped unknown pid 72107 (exit status 0)
2026-01-28 22:34:18,872 INFO reaped unknown pid 72114 (exit status 0)
2026-01-28 22:34:23,905 INFO reaped unknown pid 72121 (exit status 0)
2026-01-28 22:34:28,915 INFO reaped unknown pid 72128 (exit status 0)
2026-01-28 22:34:33,917 INFO reaped unknown pid 72135 (exit status 0)
2026-01-28 22:34:38,958 INFO reaped unknown pid 72142 (exit status 0)
2026-01-28 22:34:43,968 INFO reaped unknown pid 72149 (exit status 0)
2026-01-28 22:34:48,999 INFO reaped unknown pid 72156 (exit status 0)
2026-01-28 22:34:54,044 INFO reaped unknown pid 72163 (exit status 0)
2026-01-28 22:34:59,139 INFO reaped unknown pid 72170 (exit status 0)
2026-01-28 22:35:03,803 INFO reaped unknown pid 72181 (exit status 0)
2026-01-28 22:35:08,839 INFO reaped unknown pid 72188 (exit status 0)
2026-01-28 22:35:13,843 INFO reaped unknown pid 72195 (exit status 0)
2026-01-28 22:35:18,931 INFO reaped unknown pid 72202 (exit status 0)
2026-01-28 22:35:23,943 INFO reaped unknown pid 72209 (exit status 0)
2026-01-28 22:35:28,952 INFO reaped unknown pid 72216 (exit status 0)
2026-01-28 22:35:33,959 INFO reaped unknown pid 72223 (exit status 0)
2026-01-28 22:35:38,961 INFO reaped unknown pid 72230 (exit status 0)
2026-01-28 22:35:44,008 INFO reaped unknown pid 72237 (exit status 0)
2026-01-28 22:35:49,118 INFO reaped unknown pid 72244 (exit status 0)
2026-01-28 22:35:54,161 INFO reaped unknown pid 72251 (exit status 0)
2026-01-28 22:35:59,177 INFO reaped unknown pid 72258 (exit status 0)
2026-01-28 22:36:03,720 INFO reaped unknown pid 72269 (exit status 0)
2026-01-28 22:36:08,750 INFO reaped unknown pid 72276 (exit status 0)
2026-01-28 22:36:13,846 INFO reaped unknown pid 72283 (exit status 0)
2026-01-28 22:36:18,860 INFO reaped unknown pid 72290 (exit status 0)
2026-01-28 22:36:23,960 INFO reaped unknown pid 72297 (exit status 0)
2026-01-28 22:36:29,012 INFO reaped unknown pid 72304 (exit status 0)
2026-01-28 22:36:34,109 INFO reaped unknown pid 72311 (exit status 0)
2026-01-28 22:36:39,199 INFO reaped unknown pid 72318 (exit status 0)
2026-01-28 22:36:44,238 INFO reaped unknown pid 72325 (exit status 0)
2026-01-28 22:36:49,289 INFO reaped unknown pid 72332 (exit status 0)
2026-01-28 22:36:54,300 INFO reaped unknown pid 72339 (exit status 0)
2026-01-28 22:36:59,390 INFO reaped unknown pid 72346 (exit status 0)
2026-01-28 22:37:03,836 INFO reaped unknown pid 72357 (exit status 0)
2026-01-28 22:37:08,910 INFO reaped unknown pid 72364 (exit status 0)
2026-01-28 22:37:14,011 INFO reaped unknown pid 72371 (exit status 0)
2026-01-28 22:37:19,115 INFO reaped unknown pid 72378 (exit status 0)
2026-01-28 22:37:24,120 INFO reaped unknown pid 72385 (exit status 0)
2026-01-28 22:37:29,156 INFO reaped unknown pid 72392 (exit status 0)
2026-01-28 22:37:34,262 INFO reaped unknown pid 72399 (exit status 0)
2026-01-28 22:37:40,343 INFO reaped unknown pid 72406 (exit status 0)
2026-01-28 22:37:44,413 INFO reaped unknown pid 72413 (exit status 0)
2026-01-28 22:37:49,525 INFO reaped unknown pid 72420 (exit status 0)
2026-01-28 22:37:54,528 INFO reaped unknown pid 72427 (exit status 0)
2026-01-28 22:37:59,530 INFO reaped unknown pid 72434 (exit status 0)
2026-01-28 22:38:03,790 INFO reaped unknown pid 72445 (exit status 0)
2026-01-28 22:38:08,869 INFO reaped unknown pid 72452 (exit status 0)
2026-01-28 22:38:13,889 INFO reaped unknown pid 72459 (exit status 0)
2026-01-28 22:38:18,973 INFO reaped unknown pid 72466 (exit status 0)
2026-01-28 22:38:24,042 INFO reaped unknown pid 72473 (exit status 0)
2026-01-28 22:38:29,123 INFO reaped unknown pid 72480 (exit status 0)
2026-01-28 22:38:34,228 INFO reaped unknown pid 72487 (exit status 0)
2026-01-28 22:38:39,259 INFO reaped unknown pid 72494 (exit status 0)
2026-01-28 22:38:44,302 INFO reaped unknown pid 72501 (exit status 0)
2026-01-28 22:38:49,411 INFO reaped unknown pid 72508 (exit status 0)
2026-01-28 22:38:54,432 INFO reaped unknown pid 72515 (exit status 0)
2026-01-28 22:38:59,476 INFO reaped unknown pid 72522 (exit status 0)
2026-01-28 22:39:03,792 INFO reaped unknown pid 72533 (exit status 0)
2026-01-28 22:39:08,838 INFO reaped unknown pid 72540 (exit status 0)
2026-01-28 22:39:13,882 INFO reaped unknown pid 72547 (exit status 0)
2026-01-28 22:39:18,958 INFO reaped unknown pid 72554 (exit status 0)
2026-01-28 22:39:23,967 INFO reaped unknown pid 72561 (exit status 0)
2026-01-28 22:39:29,044 INFO reaped unknown pid 72568 (exit status 0)
2026-01-28 22:39:34,124 INFO reaped unknown pid 72575 (exit status 0)
2026-01-28 22:39:39,212 INFO reaped unknown pid 72582 (exit status 0)
2026-01-28 22:39:44,304 INFO reaped unknown pid 72589 (exit status 0)
2026-01-28 22:39:49,377 INFO reaped unknown pid 72596 (exit status 0)
2026-01-28 22:39:54,393 INFO reaped unknown pid 72603 (exit status 0)
2026-01-28 22:39:59,460 INFO reaped unknown pid 72610 (exit status 0)
2026-01-28 22:40:03,823 INFO reaped unknown pid 72621 (exit status 0)
2026-01-28 22:40:08,897 INFO reaped unknown pid 72628 (exit status 0)
2026-01-28 22:40:13,970 INFO reaped unknown pid 72635 (exit status 0)
2026-01-28 22:40:19,044 INFO reaped unknown pid 72642 (exit status 0)
2026-01-28 22:40:24,059 INFO reaped unknown pid 72649 (exit status 0)
2026-01-28 22:40:29,071 INFO reaped unknown pid 72656 (exit status 0)
2026-01-28 22:40:34,173 INFO reaped unknown pid 72663 (exit status 0)
2026-01-28 22:40:39,252 INFO reaped unknown pid 72670 (exit status 0)
2026-01-28 22:40:44,317 INFO reaped unknown pid 72677 (exit status 0)
2026-01-28 22:40:49,361 INFO reaped unknown pid 72684 (exit status 0)
2026-01-28 22:40:54,395 INFO reaped unknown pid 72691 (exit status 0)
2026-01-28 22:40:59,486 INFO reaped unknown pid 72698 (exit status 0)
2026-01-28 22:41:03,735 INFO reaped unknown pid 72709 (exit status 0)
2026-01-28 22:41:08,832 INFO reaped unknown pid 72716 (exit status 0)
2026-01-28 22:41:13,919 INFO reaped unknown pid 72723 (exit status 0)
2026-01-28 22:41:18,947 INFO reaped unknown pid 72730 (exit status 0)
2026-01-28 22:41:23,994 INFO reaped unknown pid 72737 (exit status 0)
2026-01-28 22:41:29,066 INFO reaped unknown pid 72744 (exit status 0)
2026-01-28 22:41:34,145 INFO reaped unknown pid 72751 (exit status 0)
2026-01-28 22:41:39,161 INFO reaped unknown pid 72758 (exit status 0)
2026-01-28 22:41:44,234 INFO reaped unknown pid 72765 (exit status 0)
2026-01-28 22:41:49,340 INFO reaped unknown pid 72772 (exit status 0)
2026-01-28 22:41:54,368 INFO reaped unknown pid 72779 (exit status 0)
2026-01-28 22:41:59,396 INFO reaped unknown pid 72786 (exit status 0)
2026-01-28 22:42:03,722 INFO reaped unknown pid 72797 (exit status 0)
2026-01-28 22:42:08,772 INFO reaped unknown pid 72804 (exit status 0)
2026-01-28 22:42:13,807 INFO reaped unknown pid 72811 (exit status 0)
2026-01-28 22:42:18,860 INFO reaped unknown pid 72818 (exit status 0)
2026-01-28 22:42:23,965 INFO reaped unknown pid 72825 (exit status 0)
2026-01-28 22:42:29,018 INFO reaped unknown pid 72832 (exit status 0)
2026-01-28 22:42:34,124 INFO reaped unknown pid 72839 (exit status 0)
2026-01-28 22:42:39,196 INFO reaped unknown pid 72846 (exit status 0)
2026-01-28 22:42:45,275 INFO reaped unknown pid 72853 (exit status 0)
2026-01-28 22:42:49,374 INFO reaped unknown pid 72860 (exit status 0)
2026-01-28 22:42:54,385 INFO reaped unknown pid 72867 (exit status 0)
2026-01-28 22:42:59,464 INFO reaped unknown pid 72874 (exit status 0)
2026-01-28 22:43:03,817 INFO reaped unknown pid 72885 (exit status 0)
2026-01-28 22:43:08,886 INFO reaped unknown pid 72892 (exit status 0)
2026-01-28 22:43:13,891 INFO reaped unknown pid 72899 (exit status 0)
2026-01-28 22:43:18,986 INFO reaped unknown pid 72906 (exit status 0)
2026-01-28 22:43:24,007 INFO reaped unknown pid 72913 (exit status 0)
2026-01-28 22:43:29,011 INFO reaped unknown pid 72920 (exit status 0)
2026-01-28 22:43:34,113 INFO reaped unknown pid 72927 (exit status 0)
2026-01-28 22:43:39,112 INFO reaped unknown pid 72934 (exit status 0)
2026-01-28 22:43:44,146 INFO reaped unknown pid 72941 (exit status 0)
2026-01-28 22:43:49,147 INFO reaped unknown pid 72948 (exit status 0)
2026-01-28 22:43:54,264 INFO reaped unknown pid 72955 (exit status 0)
2026-01-28 22:43:59,304 INFO reaped unknown pid 72962 (exit status 0)
2026-01-28 22:44:03,741 INFO reaped unknown pid 72973 (exit status 0)
2026-01-28 22:44:08,835 INFO reaped unknown pid 72980 (exit status 0)
2026-01-28 22:44:13,844 INFO reaped unknown pid 72987 (exit status 0)
2026-01-28 22:44:18,887 INFO reaped unknown pid 72994 (exit status 0)
2026-01-28 22:44:23,925 INFO reaped unknown pid 73001 (exit status 0)
2026-01-28 22:44:28,965 INFO reaped unknown pid 73008 (exit status 0)
2026-01-28 22:44:33,975 INFO reaped unknown pid 73015 (exit status 0)
2026-01-28 22:44:39,070 INFO reaped unknown pid 73022 (exit status 0)
2026-01-28 22:44:44,073 INFO reaped unknown pid 73029 (exit status 0)
2026-01-28 22:44:49,140 INFO reaped unknown pid 73036 (exit status 0)
2026-01-28 22:44:54,212 INFO reaped unknown pid 73043 (exit status 0)
2026-01-28 22:44:59,245 INFO reaped unknown pid 73050 (exit status 0)
2026-01-28 22:45:03,825 INFO reaped unknown pid 73061 (exit status 0)
2026-01-28 22:45:08,875 INFO reaped unknown pid 73068 (exit status 0)
2026-01-28 22:45:13,966 INFO reaped unknown pid 73075 (exit status 0)
2026-01-28 22:45:19,078 INFO reaped unknown pid 73082 (exit status 0)
2026-01-28 22:45:24,107 INFO reaped unknown pid 73089 (exit status 0)
2026-01-28 22:45:29,133 INFO reaped unknown pid 73096 (exit status 0)
2026-01-28 22:45:34,166 INFO reaped unknown pid 73103 (exit status 0)
2026-01-28 22:45:39,172 INFO reaped unknown pid 73110 (exit status 0)
2026-01-28 22:45:44,254 INFO reaped unknown pid 73117 (exit status 0)
2026-01-28 22:45:49,311 INFO reaped unknown pid 73124 (exit status 0)
2026-01-28 22:45:54,355 INFO reaped unknown pid 73131 (exit status 0)
2026-01-28 22:45:59,464 INFO reaped unknown pid 73138 (exit status 0)
2026-01-28 22:46:03,780 INFO reaped unknown pid 73149 (exit status 0)
2026-01-28 22:46:08,861 INFO reaped unknown pid 73156 (exit status 0)
2026-01-28 22:46:13,949 INFO reaped unknown pid 73163 (exit status 0)
2026-01-28 22:46:19,053 INFO reaped unknown pid 73170 (exit status 0)
2026-01-28 22:46:24,073 INFO reaped unknown pid 73177 (exit status 0)
2026-01-28 22:46:29,107 INFO reaped unknown pid 73184 (exit status 0)
2026-01-28 22:46:34,190 INFO reaped unknown pid 73191 (exit status 0)
2026-01-28 22:46:39,303 INFO reaped unknown pid 73198 (exit status 0)
2026-01-28 22:46:44,372 INFO reaped unknown pid 73205 (exit status 0)
2026-01-28 22:46:49,375 INFO reaped unknown pid 73212 (exit status 0)
2026-01-28 22:46:54,397 INFO reaped unknown pid 73219 (exit status 0)
2026-01-28 22:46:59,414 INFO reaped unknown pid 73226 (exit status 0)
2026-01-28 22:47:03,875 INFO reaped unknown pid 73237 (exit status 0)
2026-01-28 22:47:08,934 INFO reaped unknown pid 73244 (exit status 0)
2026-01-28 22:47:13,959 INFO reaped unknown pid 73251 (exit status 0)
2026-01-28 22:47:19,049 INFO reaped unknown pid 73258 (exit status 0)
2026-01-28 22:47:24,141 INFO reaped unknown pid 73265 (exit status 0)
2026-01-28 22:47:29,244 INFO reaped unknown pid 73272 (exit status 0)
2026-01-28 22:47:34,330 INFO reaped unknown pid 73279 (exit status 0)
2026-01-28 22:47:39,408 INFO reaped unknown pid 73286 (exit status 0)
2026-01-28 22:47:45,443 INFO reaped unknown pid 73293 (exit status 0)
2026-01-28 22:47:49,508 INFO reaped unknown pid 73300 (exit status 0)
2026-01-28 22:47:54,541 INFO reaped unknown pid 73307 (exit status 0)
2026-01-28 22:47:59,633 INFO reaped unknown pid 73314 (exit status 0)
2026-01-28 22:48:03,889 INFO reaped unknown pid 73325 (exit status 0)
2026-01-28 22:48:08,944 INFO reaped unknown pid 73332 (exit status 0)
2026-01-28 22:48:14,031 INFO reaped unknown pid 73339 (exit status 0)
2026-01-28 22:48:19,148 INFO reaped unknown pid 73346 (exit status 0)
2026-01-28 22:48:24,177 INFO reaped unknown pid 73353 (exit status 0)
2026-01-28 22:48:29,269 INFO reaped unknown pid 73360 (exit status 0)
2026-01-28 22:48:34,346 INFO reaped unknown pid 73367 (exit status 0)
2026-01-28 22:48:39,426 INFO reaped unknown pid 73374 (exit status 0)
2026-01-28 22:48:44,505 INFO reaped unknown pid 73381 (exit status 0)
2026-01-28 22:48:49,510 INFO reaped unknown pid 73388 (exit status 0)
2026-01-28 22:48:54,610 INFO reaped unknown pid 73395 (exit status 0)
2026-01-28 22:48:59,689 INFO reaped unknown pid 73402 (exit status 0)
2026-01-28 22:49:03,935 INFO reaped unknown pid 73413 (exit status 0)
2026-01-28 22:49:09,042 INFO reaped unknown pid 73420 (exit status 0)
2026-01-28 22:49:14,090 INFO reaped unknown pid 73427 (exit status 0)
2026-01-28 22:49:19,188 INFO reaped unknown pid 73434 (exit status 0)
2026-01-28 22:49:24,203 INFO reaped unknown pid 73441 (exit status 0)
2026-01-28 22:49:29,227 INFO reaped unknown pid 73448 (exit status 0)
2026-01-28 22:49:34,329 INFO reaped unknown pid 73455 (exit status 0)
2026-01-28 22:49:39,437 INFO reaped unknown pid 73462 (exit status 0)
2026-01-28 22:49:44,524 INFO reaped unknown pid 73469 (exit status 0)
2026-01-28 22:49:49,611 INFO reaped unknown pid 73476 (exit status 0)
2026-01-28 22:49:54,644 INFO reaped unknown pid 73483 (exit status 0)
2026-01-28 22:49:59,641 INFO reaped unknown pid 73490 (exit status 0)
2026-01-28 22:50:03,954 INFO reaped unknown pid 73501 (exit status 0)
2026-01-28 22:50:09,034 INFO reaped unknown pid 73508 (exit status 0)
2026-01-28 22:50:14,144 INFO reaped unknown pid 73515 (exit status 0)
2026-01-28 22:50:19,251 INFO reaped unknown pid 73522 (exit status 0)
2026-01-28 22:50:24,267 INFO reaped unknown pid 73529 (exit status 0)
2026-01-28 22:50:29,308 INFO reaped unknown pid 73536 (exit status 0)
2026-01-28 22:50:34,317 INFO reaped unknown pid 73543 (exit status 0)
2026-01-28 22:50:39,361 INFO reaped unknown pid 73550 (exit status 0)
2026-01-28 22:50:44,397 INFO reaped unknown pid 73557 (exit status 0)
2026-01-28 22:50:49,413 INFO reaped unknown pid 73564 (exit status 0)
2026-01-28 22:50:54,420 INFO reaped unknown pid 73571 (exit status 0)
2026-01-28 22:50:59,490 INFO reaped unknown pid 73578 (exit status 0)
2026-01-28 22:51:03,790 INFO reaped unknown pid 73589 (exit status 0)
2026-01-28 22:51:08,807 INFO reaped unknown pid 73596 (exit status 0)
2026-01-28 22:51:13,893 INFO reaped unknown pid 73603 (exit status 0)
2026-01-28 22:51:18,975 INFO reaped unknown pid 73610 (exit status 0)
2026-01-28 22:51:23,984 INFO reaped unknown pid 73617 (exit status 0)
2026-01-28 22:51:28,988 INFO reaped unknown pid 73624 (exit status 0)
2026-01-28 22:51:34,006 INFO reaped unknown pid 73631 (exit status 0)
2026-01-28 22:51:39,030 INFO reaped unknown pid 73638 (exit status 0)
2026-01-28 22:51:44,066 INFO reaped unknown pid 73645 (exit status 0)
2026-01-28 22:51:49,083 INFO reaped unknown pid 73652 (exit status 0)
2026-01-28 22:51:54,170 INFO reaped unknown pid 73659 (exit status 0)
2026-01-28 22:51:59,219 INFO reaped unknown pid 73666 (exit status 0)
2026-01-28 22:52:03,778 INFO reaped unknown pid 73677 (exit status 0)
2026-01-28 22:52:08,797 INFO reaped unknown pid 73684 (exit status 0)
2026-01-28 22:52:13,902 INFO reaped unknown pid 73691 (exit status 0)
2026-01-28 22:52:18,955 INFO reaped unknown pid 73698 (exit status 0)
2026-01-28 22:52:23,959 INFO reaped unknown pid 73705 (exit status 0)
2026-01-28 22:52:29,037 INFO reaped unknown pid 73712 (exit status 0)
2026-01-28 22:52:34,157 INFO reaped unknown pid 73719 (exit status 0)
2026-01-28 22:52:39,253 INFO reaped unknown pid 73726 (exit status 0)
2026-01-28 22:52:45,285 INFO reaped unknown pid 73733 (exit status 0)
2026-01-28 22:52:49,298 INFO reaped unknown pid 73740 (exit status 0)
2026-01-28 22:52:54,311 INFO reaped unknown pid 73747 (exit status 0)
2026-01-28 22:52:59,400 INFO reaped unknown pid 73754 (exit status 0)
2026-01-28 22:53:03,757 INFO reaped unknown pid 73765 (exit status 0)
2026-01-28 22:53:08,830 INFO reaped unknown pid 73772 (exit status 0)
2026-01-28 22:53:13,846 INFO reaped unknown pid 73779 (exit status 0)
2026-01-28 22:53:18,910 INFO reaped unknown pid 73786 (exit status 0)
2026-01-28 22:53:23,957 INFO reaped unknown pid 73793 (exit status 0)
2026-01-28 22:53:29,048 INFO reaped unknown pid 73800 (exit status 0)
2026-01-28 22:53:34,107 INFO reaped unknown pid 73807 (exit status 0)
2026-01-28 22:53:39,143 INFO reaped unknown pid 73814 (exit status 0)
2026-01-28 22:53:44,225 INFO reaped unknown pid 73821 (exit status 0)
2026-01-28 22:53:49,336 INFO reaped unknown pid 73828 (exit status 0)
2026-01-28 22:53:54,338 INFO reaped unknown pid 73835 (exit status 0)
2026-01-28 22:53:59,431 INFO reaped unknown pid 73842 (exit status 0)
2026-01-28 22:54:03,752 INFO reaped unknown pid 73853 (exit status 0)
2026-01-28 22:54:08,807 INFO reaped unknown pid 73860 (exit status 0)
2026-01-28 22:54:13,867 INFO reaped unknown pid 73867 (exit status 0)
2026-01-28 22:54:18,888 INFO reaped unknown pid 73874 (exit status 0)
2026-01-28 22:54:23,985 INFO reaped unknown pid 73881 (exit status 0)
2026-01-28 22:54:29,003 INFO reaped unknown pid 73888 (exit status 0)
2026-01-28 22:54:34,066 INFO reaped unknown pid 73895 (exit status 0)
2026-01-28 22:54:39,146 INFO reaped unknown pid 73902 (exit status 0)
2026-01-28 22:54:44,198 INFO reaped unknown pid 73909 (exit status 0)
2026-01-28 22:54:49,219 INFO reaped unknown pid 73916 (exit status 0)
2026-01-28 22:54:54,248 INFO reaped unknown pid 73923 (exit status 0)
2026-01-28 22:54:59,329 INFO reaped unknown pid 73930 (exit status 0)
2026-01-28 22:55:03,809 INFO reaped unknown pid 73941 (exit status 0)
2026-01-28 22:55:08,820 INFO reaped unknown pid 73948 (exit status 0)
2026-01-28 22:55:13,894 INFO reaped unknown pid 73955 (exit status 0)
2026-01-28 22:55:18,905 INFO reaped unknown pid 73962 (exit status 0)
2026-01-28 22:55:23,927 INFO reaped unknown pid 73969 (exit status 0)
2026-01-28 22:55:28,929 INFO reaped unknown pid 73976 (exit status 0)
2026-01-28 22:55:34,030 INFO reaped unknown pid 73983 (exit status 0)
2026-01-28 22:55:39,059 INFO reaped unknown pid 73990 (exit status 0)
2026-01-28 22:55:44,151 INFO reaped unknown pid 73997 (exit status 0)
2026-01-28 22:55:49,227 INFO reaped unknown pid 74004 (exit status 0)
2026-01-28 22:55:54,237 INFO reaped unknown pid 74011 (exit status 0)
2026-01-28 22:55:59,248 INFO reaped unknown pid 74018 (exit status 0)
2026-01-28 22:56:03,826 INFO reaped unknown pid 74029 (exit status 0)
2026-01-28 22:56:08,841 INFO reaped unknown pid 74036 (exit status 0)
2026-01-28 22:56:13,865 INFO reaped unknown pid 74043 (exit status 0)
2026-01-28 22:56:18,943 INFO reaped unknown pid 74050 (exit status 0)
2026-01-28 22:56:23,949 INFO reaped unknown pid 74057 (exit status 0)
2026-01-28 22:56:29,051 INFO reaped unknown pid 74064 (exit status 0)
2026-01-28 22:56:34,071 INFO reaped unknown pid 74071 (exit status 0)
2026-01-28 22:56:39,080 INFO reaped unknown pid 74078 (exit status 0)
2026-01-28 22:56:44,100 INFO reaped unknown pid 74085 (exit status 0)
2026-01-28 22:56:49,183 INFO reaped unknown pid 74092 (exit status 0)
2026-01-28 22:56:54,236 INFO reaped unknown pid 74099 (exit status 0)
2026-01-28 22:56:59,256 INFO reaped unknown pid 74106 (exit status 0)
2026-01-28 22:57:03,842 INFO reaped unknown pid 74117 (exit status 0)
2026-01-28 22:57:08,938 INFO reaped unknown pid 74124 (exit status 0)
2026-01-28 22:57:13,991 INFO reaped unknown pid 74131 (exit status 0)
2026-01-28 22:57:19,006 INFO reaped unknown pid 74138 (exit status 0)
2026-01-28 22:57:24,025 INFO reaped unknown pid 74145 (exit status 0)
2026-01-28 22:57:29,123 INFO reaped unknown pid 74152 (exit status 0)
2026-01-28 22:57:34,160 INFO reaped unknown pid 74159 (exit status 0)
2026-01-28 22:57:39,259 INFO reaped unknown pid 74166 (exit status 0)
2026-01-28 22:57:45,306 INFO reaped unknown pid 74173 (exit status 0)
2026-01-28 22:57:49,365 INFO reaped unknown pid 74180 (exit status 0)
2026-01-28 22:57:54,374 INFO reaped unknown pid 74187 (exit status 0)
2026-01-28 22:57:59,438 INFO reaped unknown pid 74194 (exit status 0)
2026-01-28 22:58:03,822 INFO reaped unknown pid 74205 (exit status 0)
2026-01-28 22:58:08,923 INFO reaped unknown pid 74212 (exit status 0)
2026-01-28 22:58:14,030 INFO reaped unknown pid 74219 (exit status 0)
2026-01-28 22:58:19,039 INFO reaped unknown pid 74226 (exit status 0)
2026-01-28 22:58:24,109 INFO reaped unknown pid 74233 (exit status 0)
2026-01-28 22:58:29,210 INFO reaped unknown pid 74240 (exit status 0)
2026-01-28 22:58:34,215 INFO reaped unknown pid 74247 (exit status 0)
2026-01-28 22:58:39,299 INFO reaped unknown pid 74254 (exit status 0)
2026-01-28 22:58:44,293 INFO reaped unknown pid 74261 (exit status 0)
2026-01-28 22:58:49,378 INFO reaped unknown pid 74268 (exit status 0)
2026-01-28 22:58:54,405 INFO reaped unknown pid 74275 (exit status 0)
2026-01-28 22:58:59,514 INFO reaped unknown pid 74282 (exit status 0)
2026-01-28 22:59:03,761 INFO reaped unknown pid 74293 (exit status 0)
2026-01-28 22:59:08,860 INFO reaped unknown pid 74300 (exit status 0)
2026-01-28 22:59:13,887 INFO reaped unknown pid 74307 (exit status 0)
2026-01-28 22:59:18,924 INFO reaped unknown pid 74314 (exit status 0)
2026-01-28 22:59:23,993 INFO reaped unknown pid 74321 (exit status 0)
2026-01-28 22:59:29,026 INFO reaped unknown pid 74328 (exit status 0)
2026-01-28 22:59:34,027 INFO reaped unknown pid 74335 (exit status 0)
2026-01-28 22:59:39,133 INFO reaped unknown pid 74342 (exit status 0)
2026-01-28 22:59:44,155 INFO reaped unknown pid 74349 (exit status 0)
2026-01-28 22:59:49,149 INFO reaped unknown pid 74356 (exit status 0)
2026-01-28 22:59:54,244 INFO reaped unknown pid 74363 (exit status 0)
2026-01-28 22:59:59,281 INFO reaped unknown pid 74370 (exit status 0)
2026-01-28 23:00:03,727 INFO reaped unknown pid 74381 (exit status 0)
2026-01-28 23:00:08,811 INFO reaped unknown pid 74388 (exit status 0)
2026-01-28 23:00:13,829 INFO reaped unknown pid 74395 (exit status 0)
2026-01-28 23:00:18,885 INFO reaped unknown pid 74402 (exit status 0)
2026-01-28 23:00:23,937 INFO reaped unknown pid 74409 (exit status 0)
2026-01-28 23:00:29,008 INFO reaped unknown pid 74416 (exit status 0)
2026-01-28 23:00:34,075 INFO reaped unknown pid 74423 (exit status 0)
2026-01-28 23:00:39,168 INFO reaped unknown pid 74430 (exit status 0)
2026-01-28 23:00:44,200 INFO reaped unknown pid 74437 (exit status 0)
2026-01-28 23:00:49,293 INFO reaped unknown pid 74444 (exit status 0)
2026-01-28 23:00:54,332 INFO reaped unknown pid 74451 (exit status 0)
2026-01-28 23:00:59,365 INFO reaped unknown pid 74458 (exit status 0)
2026-01-28 23:01:03,811 INFO reaped unknown pid 74469 (exit status 0)
2026-01-28 23:01:08,908 INFO reaped unknown pid 74476 (exit status 0)
2026-01-28 23:01:13,947 INFO reaped unknown pid 74483 (exit status 0)
2026-01-28 23:01:18,984 INFO reaped unknown pid 74490 (exit status 0)
2026-01-28 23:01:24,002 INFO reaped unknown pid 74497 (exit status 0)
2026-01-28 23:01:29,014 INFO reaped unknown pid 74504 (exit status 0)
2026-01-28 23:01:34,060 INFO reaped unknown pid 74511 (exit status 0)
2026-01-28 23:01:39,069 INFO reaped unknown pid 74518 (exit status 0)
2026-01-28 23:01:44,072 INFO reaped unknown pid 74525 (exit status 0)
2026-01-28 23:01:49,125 INFO reaped unknown pid 74532 (exit status 0)
2026-01-28 23:01:54,172 INFO reaped unknown pid 74539 (exit status 0)
2026-01-28 23:01:59,250 INFO reaped unknown pid 74546 (exit status 0)
2026-01-28 23:02:03,797 INFO reaped unknown pid 74557 (exit status 0)
2026-01-28 23:02:08,864 INFO reaped unknown pid 74564 (exit status 0)
2026-01-28 23:02:13,879 INFO reaped unknown pid 74571 (exit status 0)
2026-01-28 23:02:18,943 INFO reaped unknown pid 74578 (exit status 0)
2026-01-28 23:02:23,955 INFO reaped unknown pid 74585 (exit status 0)
2026-01-28 23:02:29,045 INFO reaped unknown pid 74592 (exit status 0)
2026-01-28 23:02:34,064 INFO reaped unknown pid 74599 (exit status 0)
2026-01-28 23:02:39,082 INFO reaped unknown pid 74606 (exit status 0)
2026-01-28 23:02:44,120 INFO reaped unknown pid 74613 (exit status 0)
2026-01-28 23:02:50,201 INFO reaped unknown pid 74620 (exit status 0)
2026-01-28 23:02:54,302 INFO reaped unknown pid 74627 (exit status 0)
2026-01-28 23:02:59,405 INFO reaped unknown pid 74634 (exit status 0)
2026-01-28 23:03:03,789 INFO reaped unknown pid 74645 (exit status 0)
2026-01-28 23:03:08,875 INFO reaped unknown pid 74652 (exit status 0)
2026-01-28 23:03:13,923 INFO reaped unknown pid 74659 (exit status 0)
2026-01-28 23:03:18,972 INFO reaped unknown pid 74666 (exit status 0)
2026-01-28 23:03:24,016 INFO reaped unknown pid 74673 (exit status 0)
2026-01-28 23:03:29,110 INFO reaped unknown pid 74680 (exit status 0)
2026-01-28 23:03:34,163 INFO reaped unknown pid 74687 (exit status 0)
2026-01-28 23:03:39,207 INFO reaped unknown pid 74694 (exit status 0)
2026-01-28 23:03:44,282 INFO reaped unknown pid 74701 (exit status 0)
2026-01-28 23:03:49,357 INFO reaped unknown pid 74708 (exit status 0)
2026-01-28 23:03:54,434 INFO reaped unknown pid 74715 (exit status 0)
2026-01-28 23:03:59,445 INFO reaped unknown pid 74722 (exit status 0)
2026-01-28 23:04:03,774 INFO reaped unknown pid 74733 (exit status 0)
2026-01-28 23:04:08,814 INFO reaped unknown pid 74740 (exit status 0)
2026-01-28 23:04:13,853 INFO reaped unknown pid 74747 (exit status 0)
2026-01-28 23:04:18,912 INFO reaped unknown pid 74754 (exit status 0)
2026-01-28 23:04:23,935 INFO reaped unknown pid 74761 (exit status 0)
2026-01-28 23:04:28,960 INFO reaped unknown pid 74768 (exit status 0)
2026-01-28 23:04:34,040 INFO reaped unknown pid 74775 (exit status 0)
2026-01-28 23:04:39,066 INFO reaped unknown pid 74782 (exit status 0)
2026-01-28 23:04:44,123 INFO reaped unknown pid 74789 (exit status 0)
2026-01-28 23:04:49,180 INFO reaped unknown pid 74796 (exit status 0)
2026-01-28 23:04:54,215 INFO reaped unknown pid 74803 (exit status 0)
2026-01-28 23:04:59,329 INFO reaped unknown pid 74810 (exit status 0)
2026-01-28 23:05:03,784 INFO reaped unknown pid 74821 (exit status 0)
2026-01-28 23:05:08,826 INFO reaped unknown pid 74828 (exit status 0)
2026-01-28 23:05:13,850 INFO reaped unknown pid 74835 (exit status 0)
2026-01-28 23:05:18,913 INFO reaped unknown pid 74842 (exit status 0)
2026-01-28 23:05:23,942 INFO reaped unknown pid 74849 (exit status 0)
2026-01-28 23:05:29,058 INFO reaped unknown pid 74856 (exit status 0)
2026-01-28 23:05:34,113 INFO reaped unknown pid 74863 (exit status 0)
2026-01-28 23:05:39,133 INFO reaped unknown pid 74870 (exit status 0)
2026-01-28 23:05:44,201 INFO reaped unknown pid 74877 (exit status 0)
2026-01-28 23:05:49,258 INFO reaped unknown pid 74884 (exit status 0)
2026-01-28 23:05:54,313 INFO reaped unknown pid 74891 (exit status 0)
2026-01-28 23:05:59,417 INFO reaped unknown pid 74898 (exit status 0)
2026-01-28 23:06:03,734 INFO reaped unknown pid 74909 (exit status 0)
2026-01-28 23:06:08,755 INFO reaped unknown pid 74916 (exit status 0)
2026-01-28 23:06:13,765 INFO reaped unknown pid 74923 (exit status 0)
2026-01-28 23:06:18,811 INFO reaped unknown pid 74930 (exit status 0)
2026-01-28 23:06:23,842 INFO reaped unknown pid 74937 (exit status 0)
2026-01-28 23:06:28,856 INFO reaped unknown pid 74944 (exit status 0)
2026-01-28 23:06:33,896 INFO reaped unknown pid 74951 (exit status 0)
2026-01-28 23:06:38,916 INFO reaped unknown pid 74958 (exit status 0)
2026-01-28 23:06:43,953 INFO reaped unknown pid 74965 (exit status 0)
2026-01-28 23:06:49,031 INFO reaped unknown pid 74972 (exit status 0)
2026-01-28 23:06:55,118 INFO reaped unknown pid 74979 (exit status 0)
2026-01-28 23:57:33,211 INFO reaped unknown pid 74990 (exit status 0)
2026-01-28 23:57:37,253 INFO reaped unknown pid 74997 (exit status 0)
2026-01-28 23:57:43,345 INFO reaped unknown pid 75004 (exit status 0)
2026-01-28 23:57:47,357 INFO reaped unknown pid 75011 (exit status 0)
2026-01-28 23:57:52,406 INFO reaped unknown pid 75018 (exit status 0)
2026-01-29 00:19:10,609 INFO reaped unknown pid 75025 (exit status 0)
2026-01-29 00:19:15,440 INFO reaped unknown pid 75036 (exit status 0)
2026-01-29 00:19:23,456 INFO reaped unknown pid 75043 (exit status 0)
2026-01-29 00:19:30,619 INFO reaped unknown pid 75050 (exit status 0)
2026-01-29 00:19:36,646 INFO reaped unknown pid 75057 (exit status 0)
2026-01-29 02:08:56,990 INFO reaped unknown pid 75064 (exit status 0)
2026-01-29 02:09:00,009 INFO reaped unknown pid 75075 (exit status 0)
2026-01-29 02:09:08,858 INFO reaped unknown pid 75086 (exit status 0)
2026-01-29 02:09:11,855 INFO reaped unknown pid 75093 (exit status 0)
2026-01-29 02:09:24,198 INFO reaped unknown pid 75100 (exit status 0)
2026-01-29 04:11:11,604 INFO reaped unknown pid 75111 (exit status 0)
2026-01-29 04:11:14,619 INFO reaped unknown pid 75118 (exit status 0)
2026-01-29 04:11:19,637 INFO reaped unknown pid 75125 (exit status 0)
2026-01-29 04:11:24,749 INFO reaped unknown pid 75132 (exit status 0)
2026-01-29 04:11:29,820 INFO reaped unknown pid 75139 (exit status 0)
2026-01-29 04:11:33,909 INFO reaped unknown pid 75146 (exit status 0)
2026-01-29 05:12:02,092 INFO reaped unknown pid 75157 (exit status 0)
2026-01-29 05:12:05,182 INFO reaped unknown pid 75168 (exit status 0)
2026-01-29 05:12:11,362 INFO reaped unknown pid 75175 (exit status 0)
2026-01-29 05:12:15,315 INFO reaped unknown pid 75182 (exit status 0)
2026-01-29 05:12:21,429 INFO reaped unknown pid 75189 (exit status 0)
2026-01-29 05:42:08,538 INFO reaped unknown pid 75200 (exit status 0)
2026-01-29 05:42:13,824 INFO reaped unknown pid 75207 (exit status 0)
2026-01-29 05:42:18,689 INFO reaped unknown pid 75214 (exit status 0)
2026-01-29 05:42:24,757 INFO reaped unknown pid 75221 (exit status 0)
2026-01-29 05:42:28,772 INFO reaped unknown pid 75228 (exit status 0)
2026-01-29 05:42:33,859 INFO reaped unknown pid 75235 (exit status 0)
2026-01-29 05:42:38,955 INFO reaped unknown pid 75242 (exit status 0)
2026-01-29 05:42:44,001 INFO reaped unknown pid 75249 (exit status 0)
2026-01-29 05:42:49,069 INFO reaped unknown pid 75256 (exit status 0)
2026-01-29 05:42:54,125 INFO reaped unknown pid 75263 (exit status 0)
2026-01-29 05:42:59,145 INFO reaped unknown pid 75270 (exit status 0)
2026-01-29 05:43:04,470 INFO reaped unknown pid 75281 (exit status 0)
2026-01-29 05:43:09,539 INFO reaped unknown pid 75288 (exit status 0)
2026-01-29 05:43:14,648 INFO reaped unknown pid 75295 (exit status 0)
2026-01-29 05:43:19,739 INFO reaped unknown pid 75302 (exit status 0)
2026-01-29 05:43:24,853 INFO reaped unknown pid 75309 (exit status 0)
2026-01-29 05:43:29,904 INFO reaped unknown pid 75316 (exit status 0)
2026-01-29 05:43:34,941 INFO reaped unknown pid 75323 (exit status 0)
2026-01-29 05:43:40,027 INFO reaped unknown pid 75330 (exit status 0)
2026-01-29 05:43:45,042 INFO reaped unknown pid 75337 (exit status 0)
2026-01-29 05:43:50,078 INFO reaped unknown pid 75344 (exit status 0)
2026-01-29 05:43:55,171 INFO reaped unknown pid 75351 (exit status 0)
2026-01-29 05:44:00,017 INFO reaped unknown pid 75358 (exit status 0)
2026-01-29 05:44:04,254 INFO reaped unknown pid 75369 (exit status 0)
2026-01-29 05:44:09,349 INFO reaped unknown pid 75376 (exit status 0)
2026-01-29 05:44:14,372 INFO reaped unknown pid 75383 (exit status 0)
2026-01-29 05:44:19,467 INFO reaped unknown pid 75390 (exit status 0)
2026-01-29 05:44:24,483 INFO reaped unknown pid 75397 (exit status 0)
2026-01-29 05:44:29,493 INFO reaped unknown pid 75404 (exit status 0)
2026-01-29 05:44:34,545 INFO reaped unknown pid 75411 (exit status 0)
2026-01-29 05:44:39,640 INFO reaped unknown pid 75418 (exit status 0)
2026-01-29 05:44:44,670 INFO reaped unknown pid 75425 (exit status 0)
2026-01-29 05:44:49,722 INFO reaped unknown pid 75432 (exit status 0)
2026-01-29 05:44:54,759 INFO reaped unknown pid 75439 (exit status 0)
2026-01-29 05:44:59,822 INFO reaped unknown pid 75446 (exit status 0)
2026-01-29 05:45:04,404 INFO reaped unknown pid 75457 (exit status 0)
2026-01-29 05:45:09,467 INFO reaped unknown pid 75464 (exit status 0)
2026-01-29 05:45:14,568 INFO reaped unknown pid 75471 (exit status 0)
2026-01-29 05:45:19,582 INFO reaped unknown pid 75478 (exit status 0)
2026-01-29 05:45:24,596 INFO reaped unknown pid 75485 (exit status 0)
2026-01-29 05:45:30,671 INFO reaped unknown pid 75492 (exit status 0)
2026-01-29 05:45:34,726 INFO reaped unknown pid 75499 (exit status 0)
2026-01-29 05:45:39,758 INFO reaped unknown pid 75506 (exit status 0)
2026-01-29 05:45:44,840 INFO reaped unknown pid 75513 (exit status 0)
2026-01-29 05:45:49,865 INFO reaped unknown pid 75520 (exit status 0)
2026-01-29 05:45:54,908 INFO reaped unknown pid 75527 (exit status 0)
2026-01-29 05:45:59,940 INFO reaped unknown pid 75534 (exit status 0)
2026-01-29 05:46:04,750 INFO reaped unknown pid 75545 (exit status 0)
2026-01-29 05:46:09,795 INFO reaped unknown pid 75552 (exit status 0)
2026-01-29 05:46:14,855 INFO reaped unknown pid 75559 (exit status 0)
2026-01-29 05:46:19,905 INFO reaped unknown pid 75566 (exit status 0)
2026-01-29 05:46:25,005 INFO reaped unknown pid 75573 (exit status 0)
2026-01-29 05:46:30,099 INFO reaped unknown pid 75580 (exit status 0)
2026-01-29 05:46:35,167 INFO reaped unknown pid 75587 (exit status 0)
2026-01-29 05:46:40,197 INFO reaped unknown pid 75594 (exit status 0)
2026-01-29 05:46:45,228 INFO reaped unknown pid 75601 (exit status 0)
2026-01-29 05:46:50,263 INFO reaped unknown pid 75608 (exit status 0)
2026-01-29 05:46:55,317 INFO reaped unknown pid 75615 (exit status 0)
2026-01-29 05:47:00,078 INFO reaped unknown pid 75622 (exit status 0)
2026-01-29 05:47:04,374 INFO reaped unknown pid 75633 (exit status 0)
2026-01-29 05:47:09,390 INFO reaped unknown pid 75640 (exit status 0)
2026-01-29 05:47:14,448 INFO reaped unknown pid 75647 (exit status 0)
2026-01-29 05:47:19,495 INFO reaped unknown pid 75654 (exit status 0)
2026-01-29 05:47:24,605 INFO reaped unknown pid 75661 (exit status 0)
2026-01-29 05:47:29,690 INFO reaped unknown pid 75668 (exit status 0)
2026-01-29 05:47:34,804 INFO reaped unknown pid 75675 (exit status 0)
2026-01-29 05:47:39,896 INFO reaped unknown pid 75682 (exit status 0)
2026-01-29 05:47:44,901 INFO reaped unknown pid 75689 (exit status 0)
2026-01-29 05:47:49,931 INFO reaped unknown pid 75696 (exit status 0)
2026-01-29 05:47:55,024 INFO reaped unknown pid 75703 (exit status 0)
2026-01-29 05:48:00,036 INFO reaped unknown pid 75710 (exit status 0)
2026-01-29 05:48:04,299 INFO reaped unknown pid 75721 (exit status 0)
2026-01-29 05:48:09,311 INFO reaped unknown pid 75728 (exit status 0)
2026-01-29 05:48:14,408 INFO reaped unknown pid 75735 (exit status 0)
2026-01-29 05:48:19,442 INFO reaped unknown pid 75742 (exit status 0)
2026-01-29 05:48:24,534 INFO reaped unknown pid 75749 (exit status 0)
2026-01-29 05:48:29,535 INFO reaped unknown pid 75756 (exit status 0)
2026-01-29 05:48:34,538 INFO reaped unknown pid 75763 (exit status 0)
2026-01-29 05:48:39,565 INFO reaped unknown pid 75770 (exit status 0)
2026-01-29 05:48:44,631 INFO reaped unknown pid 75777 (exit status 0)
2026-01-29 05:48:49,646 INFO reaped unknown pid 75784 (exit status 0)
2026-01-29 05:48:54,691 INFO reaped unknown pid 75791 (exit status 0)
2026-01-29 05:48:59,710 INFO reaped unknown pid 75798 (exit status 0)
2026-01-29 05:49:04,143 INFO reaped unknown pid 75809 (exit status 0)
2026-01-29 05:49:09,261 INFO reaped unknown pid 75816 (exit status 0)
2026-01-29 05:49:14,329 INFO reaped unknown pid 75823 (exit status 0)
2026-01-29 05:49:19,364 INFO reaped unknown pid 75830 (exit status 0)
2026-01-29 05:49:24,395 INFO reaped unknown pid 75837 (exit status 0)
2026-01-29 05:49:29,412 INFO reaped unknown pid 75844 (exit status 0)
2026-01-29 05:49:34,447 INFO reaped unknown pid 75851 (exit status 0)
2026-01-29 05:49:39,524 INFO reaped unknown pid 75858 (exit status 0)
2026-01-29 05:49:44,585 INFO reaped unknown pid 75865 (exit status 0)
2026-01-29 05:49:49,641 INFO reaped unknown pid 75872 (exit status 0)
2026-01-29 05:49:54,737 INFO reaped unknown pid 75879 (exit status 0)
2026-01-29 05:49:59,766 INFO reaped unknown pid 75886 (exit status 0)
2026-01-29 05:50:04,261 INFO reaped unknown pid 75897 (exit status 0)
2026-01-29 05:50:09,275 INFO reaped unknown pid 75904 (exit status 0)
2026-01-29 05:50:14,302 INFO reaped unknown pid 75911 (exit status 0)
2026-01-29 05:50:19,328 INFO reaped unknown pid 75918 (exit status 0)
2026-01-29 05:50:24,345 INFO reaped unknown pid 75925 (exit status 0)
2026-01-29 05:50:29,369 INFO reaped unknown pid 75932 (exit status 0)
2026-01-29 05:50:35,466 INFO reaped unknown pid 75939 (exit status 0)
2026-01-29 05:50:39,483 INFO reaped unknown pid 75946 (exit status 0)
2026-01-29 05:50:44,532 INFO reaped unknown pid 75953 (exit status 0)
2026-01-29 05:50:49,614 INFO reaped unknown pid 75960 (exit status 0)
2026-01-29 05:50:54,664 INFO reaped unknown pid 75967 (exit status 0)
2026-01-29 05:50:59,738 INFO reaped unknown pid 75974 (exit status 0)
2026-01-29 05:51:04,215 INFO reaped unknown pid 75985 (exit status 0)
2026-01-29 05:51:09,265 INFO reaped unknown pid 75992 (exit status 0)
2026-01-29 05:51:14,367 INFO reaped unknown pid 75999 (exit status 0)
2026-01-29 05:51:19,420 INFO reaped unknown pid 76006 (exit status 0)
2026-01-29 05:51:24,504 INFO reaped unknown pid 76013 (exit status 0)
2026-01-29 05:51:29,566 INFO reaped unknown pid 76020 (exit status 0)
2026-01-29 05:51:34,600 INFO reaped unknown pid 76027 (exit status 0)
2026-01-29 05:51:39,660 INFO reaped unknown pid 76034 (exit status 0)
2026-01-29 05:51:44,753 INFO reaped unknown pid 76041 (exit status 0)
2026-01-29 05:51:49,825 INFO reaped unknown pid 76048 (exit status 0)
2026-01-29 05:51:54,875 INFO reaped unknown pid 76055 (exit status 0)
2026-01-29 05:51:59,947 INFO reaped unknown pid 76062 (exit status 0)
2026-01-29 05:52:04,286 INFO reaped unknown pid 76073 (exit status 0)
2026-01-29 05:52:09,361 INFO reaped unknown pid 76080 (exit status 0)
2026-01-29 05:52:14,459 INFO reaped unknown pid 76087 (exit status 0)
2026-01-29 05:52:19,465 INFO reaped unknown pid 76094 (exit status 0)
2026-01-29 05:52:24,569 INFO reaped unknown pid 76101 (exit status 0)
2026-01-29 05:52:29,570 INFO reaped unknown pid 76108 (exit status 0)
2026-01-29 05:52:34,640 INFO reaped unknown pid 76115 (exit status 0)
2026-01-29 05:52:39,714 INFO reaped unknown pid 76122 (exit status 0)
2026-01-29 05:52:44,808 INFO reaped unknown pid 76129 (exit status 0)
2026-01-29 05:52:49,891 INFO reaped unknown pid 76136 (exit status 0)
2026-01-29 05:52:54,980 INFO reaped unknown pid 76143 (exit status 0)
2026-01-29 05:53:00,022 INFO reaped unknown pid 76150 (exit status 0)
2026-01-29 05:53:04,422 INFO reaped unknown pid 76161 (exit status 0)
2026-01-29 05:53:09,464 INFO reaped unknown pid 76168 (exit status 0)
2026-01-29 05:53:14,537 INFO reaped unknown pid 76175 (exit status 0)
2026-01-29 05:53:19,598 INFO reaped unknown pid 76182 (exit status 0)
2026-01-29 05:53:24,640 INFO reaped unknown pid 76189 (exit status 0)
2026-01-29 05:53:29,691 INFO reaped unknown pid 76196 (exit status 0)
2026-01-29 05:53:34,702 INFO reaped unknown pid 76203 (exit status 0)
2026-01-29 05:53:39,703 INFO reaped unknown pid 76210 (exit status 0)
2026-01-29 05:53:44,744 INFO reaped unknown pid 76217 (exit status 0)
2026-01-29 05:53:49,808 INFO reaped unknown pid 76224 (exit status 0)
2026-01-29 05:53:54,868 INFO reaped unknown pid 76231 (exit status 0)
2026-01-29 05:53:59,896 INFO reaped unknown pid 76238 (exit status 0)
2026-01-29 05:54:04,342 INFO reaped unknown pid 76249 (exit status 0)
2026-01-29 05:54:09,374 INFO reaped unknown pid 76256 (exit status 0)
2026-01-29 05:54:14,400 INFO reaped unknown pid 76263 (exit status 0)
2026-01-29 05:54:19,458 INFO reaped unknown pid 76270 (exit status 0)
2026-01-29 05:54:24,518 INFO reaped unknown pid 76277 (exit status 0)
2026-01-29 05:54:29,564 INFO reaped unknown pid 76284 (exit status 0)
2026-01-29 05:54:34,645 INFO reaped unknown pid 76291 (exit status 0)
2026-01-29 05:54:39,739 INFO reaped unknown pid 76298 (exit status 0)
2026-01-29 05:54:44,831 INFO reaped unknown pid 76305 (exit status 0)
2026-01-29 05:54:49,885 INFO reaped unknown pid 76312 (exit status 0)
2026-01-29 05:54:54,917 INFO reaped unknown pid 76319 (exit status 0)
2026-01-29 05:54:59,982 INFO reaped unknown pid 76326 (exit status 0)
2026-01-29 05:55:04,344 INFO reaped unknown pid 76337 (exit status 0)
2026-01-29 05:55:09,364 INFO reaped unknown pid 76344 (exit status 0)
2026-01-29 05:55:14,403 INFO reaped unknown pid 76351 (exit status 0)
2026-01-29 05:55:19,482 INFO reaped unknown pid 76358 (exit status 0)
2026-01-29 05:55:24,533 INFO reaped unknown pid 76365 (exit status 0)
2026-01-29 05:55:29,537 INFO reaped unknown pid 76372 (exit status 0)
2026-01-29 05:55:34,579 INFO reaped unknown pid 76379 (exit status 0)
2026-01-29 05:55:39,660 INFO reaped unknown pid 76386 (exit status 0)
2026-01-29 05:55:44,689 INFO reaped unknown pid 76393 (exit status 0)
2026-01-29 05:55:49,731 INFO reaped unknown pid 76400 (exit status 0)
2026-01-29 05:55:54,809 INFO reaped unknown pid 76407 (exit status 0)
2026-01-29 05:55:59,916 INFO reaped unknown pid 76414 (exit status 0)
2026-01-29 05:56:04,547 INFO reaped unknown pid 76425 (exit status 0)
2026-01-29 05:56:09,629 INFO reaped unknown pid 76432 (exit status 0)
2026-01-29 05:56:14,685 INFO reaped unknown pid 76439 (exit status 0)
2026-01-29 05:56:19,712 INFO reaped unknown pid 76446 (exit status 0)
2026-01-29 05:56:24,820 INFO reaped unknown pid 76453 (exit status 0)
2026-01-29 05:56:29,904 INFO reaped unknown pid 76460 (exit status 0)
2026-01-29 05:56:34,954 INFO reaped unknown pid 76467 (exit status 0)
2026-01-29 05:56:40,015 INFO reaped unknown pid 76474 (exit status 0)
2026-01-29 05:56:45,095 INFO reaped unknown pid 76481 (exit status 0)
2026-01-29 05:56:50,147 INFO reaped unknown pid 76488 (exit status 0)
2026-01-29 05:56:55,247 INFO reaped unknown pid 76495 (exit status 0)
2026-01-29 05:57:00,037 INFO reaped unknown pid 76502 (exit status 0)
2026-01-29 05:57:04,260 INFO reaped unknown pid 76513 (exit status 0)
2026-01-29 05:57:09,280 INFO reaped unknown pid 76520 (exit status 0)
2026-01-29 05:57:14,334 INFO reaped unknown pid 76527 (exit status 0)
2026-01-29 05:57:19,346 INFO reaped unknown pid 76534 (exit status 0)
2026-01-29 05:57:24,392 INFO reaped unknown pid 76541 (exit status 0)
2026-01-29 05:57:29,412 INFO reaped unknown pid 76548 (exit status 0)
2026-01-29 05:57:34,485 INFO reaped unknown pid 76555 (exit status 0)
2026-01-29 05:57:39,508 INFO reaped unknown pid 76562 (exit status 0)
2026-01-29 05:57:44,520 INFO reaped unknown pid 76569 (exit status 0)
2026-01-29 05:57:49,540 INFO reaped unknown pid 76576 (exit status 0)
2026-01-29 05:57:54,585 INFO reaped unknown pid 76583 (exit status 0)
2026-01-29 05:57:59,622 INFO reaped unknown pid 76590 (exit status 0)
2026-01-29 05:58:04,266 INFO reaped unknown pid 76601 (exit status 0)
2026-01-29 05:58:09,379 INFO reaped unknown pid 76608 (exit status 0)
2026-01-29 05:58:14,385 INFO reaped unknown pid 76615 (exit status 0)
2026-01-29 05:58:19,425 INFO reaped unknown pid 76622 (exit status 0)
2026-01-29 05:58:24,513 INFO reaped unknown pid 76629 (exit status 0)
2026-01-29 05:58:29,594 INFO reaped unknown pid 76636 (exit status 0)
2026-01-29 05:58:34,659 INFO reaped unknown pid 76643 (exit status 0)
2026-01-29 05:58:39,724 INFO reaped unknown pid 76650 (exit status 0)
2026-01-29 05:58:44,817 INFO reaped unknown pid 76657 (exit status 0)
2026-01-29 05:58:49,821 INFO reaped unknown pid 76664 (exit status 0)
2026-01-29 05:58:54,935 INFO reaped unknown pid 76671 (exit status 0)
2026-01-29 05:59:00,004 INFO reaped unknown pid 76678 (exit status 0)
2026-01-29 05:59:04,193 INFO reaped unknown pid 76689 (exit status 0)
2026-01-29 05:59:09,288 INFO reaped unknown pid 76696 (exit status 0)
2026-01-29 05:59:14,336 INFO reaped unknown pid 76703 (exit status 0)
2026-01-29 05:59:19,348 INFO reaped unknown pid 76710 (exit status 0)
2026-01-29 05:59:24,445 INFO reaped unknown pid 76717 (exit status 0)
2026-01-29 05:59:29,513 INFO reaped unknown pid 76724 (exit status 0)
2026-01-29 05:59:34,531 INFO reaped unknown pid 76731 (exit status 0)
2026-01-29 05:59:39,622 INFO reaped unknown pid 76738 (exit status 0)
2026-01-29 05:59:44,696 INFO reaped unknown pid 76745 (exit status 0)
2026-01-29 05:59:49,728 INFO reaped unknown pid 76752 (exit status 0)
2026-01-29 05:59:54,758 INFO reaped unknown pid 76759 (exit status 0)
2026-01-29 05:59:59,812 INFO reaped unknown pid 76766 (exit status 0)
2026-01-29 06:00:04,273 INFO reaped unknown pid 76777 (exit status 0)
2026-01-29 06:00:09,327 INFO reaped unknown pid 76784 (exit status 0)
2026-01-29 06:00:14,381 INFO reaped unknown pid 76791 (exit status 0)
2026-01-29 06:00:19,428 INFO reaped unknown pid 76798 (exit status 0)
2026-01-29 06:00:24,460 INFO reaped unknown pid 76805 (exit status 0)
2026-01-29 06:00:29,560 INFO reaped unknown pid 76812 (exit status 0)
2026-01-29 06:00:35,604 INFO reaped unknown pid 76819 (exit status 0)
2026-01-29 06:00:39,682 INFO reaped unknown pid 76826 (exit status 0)
2026-01-29 06:00:44,766 INFO reaped unknown pid 76833 (exit status 0)
2026-01-29 06:00:49,773 INFO reaped unknown pid 76840 (exit status 0)
2026-01-29 06:00:54,786 INFO reaped unknown pid 76847 (exit status 0)
2026-01-29 06:00:59,786 INFO reaped unknown pid 76854 (exit status 0)
2026-01-29 06:01:04,257 INFO reaped unknown pid 76865 (exit status 0)
2026-01-29 06:01:09,336 INFO reaped unknown pid 76872 (exit status 0)
2026-01-29 06:01:14,433 INFO reaped unknown pid 76879 (exit status 0)
2026-01-29 06:01:19,442 INFO reaped unknown pid 76886 (exit status 0)
2026-01-29 06:01:24,487 INFO reaped unknown pid 76893 (exit status 0)
2026-01-29 06:01:29,527 INFO reaped unknown pid 76900 (exit status 0)
2026-01-29 06:01:34,601 INFO reaped unknown pid 76907 (exit status 0)
2026-01-29 06:01:39,662 INFO reaped unknown pid 76914 (exit status 0)
2026-01-29 06:01:44,953 INFO reaped unknown pid 76921 (exit status 0)
2026-01-29 06:01:49,749 INFO reaped unknown pid 76928 (exit status 0)
2026-01-29 06:01:54,773 INFO reaped unknown pid 76935 (exit status 0)
2026-01-29 06:01:59,830 INFO reaped unknown pid 76942 (exit status 0)
2026-01-29 06:02:04,485 INFO reaped unknown pid 76953 (exit status 0)
2026-01-29 06:02:09,566 INFO reaped unknown pid 76960 (exit status 0)
2026-01-29 06:02:14,607 INFO reaped unknown pid 76967 (exit status 0)
2026-01-29 06:02:19,676 INFO reaped unknown pid 76974 (exit status 0)
2026-01-29 06:02:24,721 INFO reaped unknown pid 76981 (exit status 0)
2026-01-29 06:02:37,131 INFO reaped unknown pid 76988 (exit status 0)
2026-01-29 06:02:40,811 INFO reaped unknown pid 76995 (exit status 0)
2026-01-29 06:02:44,898 INFO reaped unknown pid 77002 (exit status 0)
2026-01-29 06:02:49,937 INFO reaped unknown pid 77009 (exit status 0)
2026-01-29 06:02:54,973 INFO reaped unknown pid 77016 (exit status 0)
2026-01-29 06:02:59,971 INFO reaped unknown pid 77023 (exit status 0)
2026-01-29 06:03:04,581 INFO reaped unknown pid 77034 (exit status 0)
2026-01-29 06:03:09,663 INFO reaped unknown pid 77041 (exit status 0)
2026-01-29 06:03:14,687 INFO reaped unknown pid 77048 (exit status 0)
2026-01-29 06:03:19,692 INFO reaped unknown pid 77055 (exit status 0)
2026-01-29 06:03:24,757 INFO reaped unknown pid 77062 (exit status 0)
2026-01-29 06:03:29,818 INFO reaped unknown pid 77069 (exit status 0)
2026-01-29 06:03:34,866 INFO reaped unknown pid 77076 (exit status 0)
2026-01-29 06:03:39,862 INFO reaped unknown pid 77083 (exit status 0)
2026-01-29 06:03:44,888 INFO reaped unknown pid 77090 (exit status 0)
2026-01-29 06:03:49,904 INFO reaped unknown pid 77097 (exit status 0)
2026-01-29 06:03:54,949 INFO reaped unknown pid 77104 (exit status 0)
2026-01-29 06:04:00,021 INFO reaped unknown pid 77111 (exit status 0)
2026-01-29 06:04:04,277 INFO reaped unknown pid 77122 (exit status 0)
2026-01-29 06:04:09,318 INFO reaped unknown pid 77129 (exit status 0)
2026-01-29 06:04:14,383 INFO reaped unknown pid 77136 (exit status 0)
2026-01-29 06:04:19,434 INFO reaped unknown pid 77143 (exit status 0)
2026-01-29 06:04:24,495 INFO reaped unknown pid 77150 (exit status 0)
2026-01-29 06:04:29,495 INFO reaped unknown pid 77157 (exit status 0)
2026-01-29 06:04:34,612 INFO reaped unknown pid 77164 (exit status 0)
2026-01-29 06:04:39,610 INFO reaped unknown pid 77171 (exit status 0)
2026-01-29 06:04:44,639 INFO reaped unknown pid 77178 (exit status 0)
2026-01-29 06:04:49,732 INFO reaped unknown pid 77185 (exit status 0)
2026-01-29 06:04:54,767 INFO reaped unknown pid 77192 (exit status 0)
2026-01-29 06:04:59,818 INFO reaped unknown pid 77199 (exit status 0)
2026-01-29 06:05:04,553 INFO reaped unknown pid 77210 (exit status 0)
2026-01-29 06:05:09,573 INFO reaped unknown pid 77217 (exit status 0)
2026-01-29 06:05:14,639 INFO reaped unknown pid 77224 (exit status 0)
2026-01-29 06:05:19,710 INFO reaped unknown pid 77231 (exit status 0)
2026-01-29 06:05:24,811 INFO reaped unknown pid 77238 (exit status 0)
2026-01-29 06:05:29,887 INFO reaped unknown pid 77245 (exit status 0)
2026-01-29 06:05:35,918 INFO reaped unknown pid 77252 (exit status 0)
2026-01-29 06:05:40,014 INFO reaped unknown pid 77259 (exit status 0)
2026-01-29 06:05:45,040 INFO reaped unknown pid 77266 (exit status 0)
2026-01-29 06:05:50,050 INFO reaped unknown pid 77273 (exit status 0)
2026-01-29 06:05:55,095 INFO reaped unknown pid 77280 (exit status 0)
2026-01-29 06:06:00,094 INFO reaped unknown pid 77287 (exit status 0)
2026-01-29 06:06:04,428 INFO reaped unknown pid 77298 (exit status 0)
2026-01-29 06:06:09,467 INFO reaped unknown pid 77305 (exit status 0)
2026-01-29 06:06:14,485 INFO reaped unknown pid 77312 (exit status 0)
2026-01-29 06:06:19,574 INFO reaped unknown pid 77319 (exit status 0)
2026-01-29 06:06:24,685 INFO reaped unknown pid 77326 (exit status 0)
2026-01-29 06:06:29,768 INFO reaped unknown pid 77333 (exit status 0)
2026-01-29 06:06:34,777 INFO reaped unknown pid 77340 (exit status 0)
2026-01-29 06:06:39,799 INFO reaped unknown pid 77347 (exit status 0)
2026-01-29 06:06:44,891 INFO reaped unknown pid 77354 (exit status 0)
2026-01-29 06:06:49,976 INFO reaped unknown pid 77361 (exit status 0)
2026-01-29 06:06:55,043 INFO reaped unknown pid 77368 (exit status 0)
2026-01-29 06:07:00,034 INFO reaped unknown pid 77375 (exit status 0)
2026-01-29 06:07:04,478 INFO reaped unknown pid 77386 (exit status 0)
2026-01-29 06:07:09,488 INFO reaped unknown pid 77393 (exit status 0)
2026-01-29 06:07:14,483 INFO reaped unknown pid 77400 (exit status 0)
2026-01-29 06:07:19,590 INFO reaped unknown pid 77407 (exit status 0)
2026-01-29 06:07:24,648 INFO reaped unknown pid 77414 (exit status 0)
2026-01-29 06:07:29,748 INFO reaped unknown pid 77421 (exit status 0)
2026-01-29 06:07:34,786 INFO reaped unknown pid 77428 (exit status 0)
2026-01-29 06:07:39,900 INFO reaped unknown pid 77435 (exit status 0)
2026-01-29 06:07:44,946 INFO reaped unknown pid 77442 (exit status 0)
2026-01-29 06:07:49,973 INFO reaped unknown pid 77449 (exit status 0)
2026-01-29 06:07:55,074 INFO reaped unknown pid 77456 (exit status 0)
2026-01-29 06:08:00,096 INFO reaped unknown pid 77463 (exit status 0)
2026-01-29 06:08:04,410 INFO reaped unknown pid 77474 (exit status 0)
2026-01-29 06:08:09,438 INFO reaped unknown pid 77481 (exit status 0)
2026-01-29 06:08:14,485 INFO reaped unknown pid 77488 (exit status 0)
2026-01-29 06:08:19,540 INFO reaped unknown pid 77495 (exit status 0)
2026-01-29 06:08:24,602 INFO reaped unknown pid 77502 (exit status 0)
2026-01-29 06:08:29,695 INFO reaped unknown pid 77509 (exit status 0)
2026-01-29 06:08:34,710 INFO reaped unknown pid 77516 (exit status 0)
2026-01-29 06:08:39,820 INFO reaped unknown pid 77523 (exit status 0)
2026-01-29 06:08:44,846 INFO reaped unknown pid 77530 (exit status 0)
2026-01-29 06:08:49,873 INFO reaped unknown pid 77537 (exit status 0)
2026-01-29 06:08:54,885 INFO reaped unknown pid 77544 (exit status 0)
2026-01-29 06:08:59,958 INFO reaped unknown pid 77551 (exit status 0)
2026-01-29 06:09:03,735 INFO reaped unknown pid 77562 (exit status 0)
2026-01-29 06:09:08,813 INFO reaped unknown pid 77569 (exit status 0)
2026-01-29 06:09:13,851 INFO reaped unknown pid 77576 (exit status 0)
2026-01-29 06:09:18,816 INFO reaped unknown pid 77583 (exit status 0)
2026-01-29 06:09:23,895 INFO reaped unknown pid 77590 (exit status 0)
2026-01-29 06:09:28,965 INFO reaped unknown pid 77597 (exit status 0)
2026-01-29 06:09:33,971 INFO reaped unknown pid 77604 (exit status 0)
2026-01-29 06:09:39,049 INFO reaped unknown pid 77611 (exit status 0)
2026-01-29 06:09:44,409 INFO reaped unknown pid 77618 (exit status 0)
2026-01-29 06:09:49,089 INFO reaped unknown pid 77625 (exit status 0)
2026-01-29 06:09:54,428 INFO reaped unknown pid 77632 (exit status 0)
2026-01-29 06:09:59,326 INFO reaped unknown pid 77639 (exit status 0)
2026-01-29 06:10:03,764 INFO reaped unknown pid 77650 (exit status 0)
2026-01-29 06:10:08,805 INFO reaped unknown pid 77657 (exit status 0)
2026-01-29 06:10:13,820 INFO reaped unknown pid 77664 (exit status 0)
2026-01-29 06:10:18,840 INFO reaped unknown pid 77671 (exit status 0)
2026-01-29 06:10:23,941 INFO reaped unknown pid 77678 (exit status 0)
2026-01-29 06:10:28,997 INFO reaped unknown pid 77685 (exit status 0)
2026-01-29 06:10:35,356 INFO reaped unknown pid 77692 (exit status 0)
2026-01-29 06:10:39,204 INFO reaped unknown pid 77699 (exit status 0)
2026-01-29 06:10:44,376 INFO reaped unknown pid 77706 (exit status 0)
2026-01-29 06:10:49,356 INFO reaped unknown pid 77713 (exit status 0)
2026-01-29 06:10:54,423 INFO reaped unknown pid 77720 (exit status 0)
2026-01-29 06:10:59,513 INFO reaped unknown pid 77727 (exit status 0)
2026-01-29 06:11:03,747 INFO reaped unknown pid 77738 (exit status 0)
2026-01-29 06:11:08,839 INFO reaped unknown pid 77745 (exit status 0)
2026-01-29 06:11:13,845 INFO reaped unknown pid 77752 (exit status 0)
2026-01-29 06:11:18,872 INFO reaped unknown pid 77759 (exit status 0)
2026-01-29 06:11:23,962 INFO reaped unknown pid 77766 (exit status 0)
2026-01-29 06:11:29,001 INFO reaped unknown pid 77773 (exit status 0)
2026-01-29 06:11:34,228 INFO reaped unknown pid 77780 (exit status 0)
2026-01-29 06:11:39,043 INFO reaped unknown pid 77787 (exit status 0)
2026-01-29 06:11:44,482 INFO reaped unknown pid 77794 (exit status 0)
2026-01-29 06:11:49,161 INFO reaped unknown pid 77801 (exit status 0)
2026-01-29 06:11:54,474 INFO reaped unknown pid 77808 (exit status 0)
2026-01-29 06:11:59,277 INFO reaped unknown pid 77815 (exit status 0)
2026-01-29 06:12:04,002 INFO reaped unknown pid 77826 (exit status 0)
2026-01-29 06:12:09,037 INFO reaped unknown pid 77833 (exit status 0)
2026-01-29 06:12:14,448 INFO reaped unknown pid 77840 (exit status 0)
2026-01-29 06:12:19,205 INFO reaped unknown pid 77847 (exit status 0)
2026-01-29 06:12:24,486 INFO reaped unknown pid 77854 (exit status 0)
2026-01-29 06:12:29,377 INFO reaped unknown pid 77861 (exit status 0)
2026-01-29 06:12:34,542 INFO reaped unknown pid 77868 (exit status 0)
2026-01-29 06:12:39,546 INFO reaped unknown pid 77875 (exit status 0)
2026-01-29 06:12:44,608 INFO reaped unknown pid 77882 (exit status 0)
2026-01-29 06:12:49,721 INFO reaped unknown pid 77889 (exit status 0)
2026-01-29 06:12:54,803 INFO reaped unknown pid 77896 (exit status 0)
2026-01-29 06:12:59,819 INFO reaped unknown pid 77903 (exit status 0)
2026-01-29 06:13:03,828 INFO reaped unknown pid 77914 (exit status 0)
2026-01-29 06:13:08,833 INFO reaped unknown pid 77921 (exit status 0)
2026-01-29 06:13:13,937 INFO reaped unknown pid 77928 (exit status 0)
2026-01-29 06:13:18,964 INFO reaped unknown pid 77935 (exit status 0)
2026-01-29 06:13:24,036 INFO reaped unknown pid 77942 (exit status 0)
2026-01-29 06:13:29,086 INFO reaped unknown pid 77949 (exit status 0)
2026-01-29 06:13:34,522 INFO reaped unknown pid 77956 (exit status 0)
2026-01-29 06:13:39,182 INFO reaped unknown pid 77963 (exit status 0)
2026-01-29 06:13:44,612 INFO reaped unknown pid 77970 (exit status 0)
2026-01-29 06:13:49,388 INFO reaped unknown pid 77977 (exit status 0)
2026-01-29 06:13:54,546 INFO reaped unknown pid 77984 (exit status 0)
2026-01-29 06:13:59,576 INFO reaped unknown pid 77991 (exit status 0)
2026-01-29 06:14:03,809 INFO reaped unknown pid 78002 (exit status 0)
2026-01-29 06:14:08,875 INFO reaped unknown pid 78009 (exit status 0)
2026-01-29 06:14:13,959 INFO reaped unknown pid 78016 (exit status 0)
2026-01-29 06:14:19,005 INFO reaped unknown pid 78023 (exit status 0)
2026-01-29 06:14:24,189 INFO reaped unknown pid 78030 (exit status 0)
2026-01-29 06:14:29,106 INFO reaped unknown pid 78037 (exit status 0)
2026-01-29 06:14:34,526 INFO reaped unknown pid 78044 (exit status 0)
2026-01-29 06:14:39,205 INFO reaped unknown pid 78051 (exit status 0)
2026-01-29 06:14:44,515 INFO reaped unknown pid 78058 (exit status 0)
2026-01-29 06:14:49,420 INFO reaped unknown pid 78065 (exit status 0)
2026-01-29 06:14:54,495 INFO reaped unknown pid 78072 (exit status 0)
2026-01-29 06:14:59,508 INFO reaped unknown pid 78079 (exit status 0)
2026-01-29 06:15:03,728 INFO reaped unknown pid 78090 (exit status 0)
2026-01-29 06:15:08,758 INFO reaped unknown pid 78097 (exit status 0)
2026-01-29 06:15:14,854 INFO reaped unknown pid 78104 (exit status 0)
2026-01-29 06:15:18,968 INFO reaped unknown pid 78111 (exit status 0)
2026-01-29 06:15:24,038 INFO reaped unknown pid 78118 (exit status 0)
2026-01-29 06:15:29,117 INFO reaped unknown pid 78125 (exit status 0)
2026-01-29 06:15:35,506 INFO reaped unknown pid 78132 (exit status 0)
2026-01-29 06:15:39,259 INFO reaped unknown pid 78139 (exit status 0)
2026-01-29 06:15:44,538 INFO reaped unknown pid 78146 (exit status 0)
2026-01-29 06:15:49,396 INFO reaped unknown pid 78153 (exit status 0)
2026-01-29 06:15:54,495 INFO reaped unknown pid 78160 (exit status 0)
2026-01-29 06:15:59,482 INFO reaped unknown pid 78167 (exit status 0)
2026-01-29 06:16:03,845 INFO reaped unknown pid 78178 (exit status 0)
2026-01-29 06:16:08,862 INFO reaped unknown pid 78185 (exit status 0)
2026-01-29 06:16:14,910 INFO reaped unknown pid 78192 (exit status 0)
2026-01-29 06:16:18,938 INFO reaped unknown pid 78199 (exit status 0)
2026-01-29 06:16:24,008 INFO reaped unknown pid 78206 (exit status 0)
2026-01-29 06:16:28,997 INFO reaped unknown pid 78213 (exit status 0)
2026-01-29 06:16:34,018 INFO reaped unknown pid 78220 (exit status 0)
2026-01-29 06:16:39,011 INFO reaped unknown pid 78227 (exit status 0)
2026-01-29 06:16:44,083 INFO reaped unknown pid 78234 (exit status 0)
2026-01-29 06:16:49,122 INFO reaped unknown pid 78241 (exit status 0)
2026-01-29 06:16:54,428 INFO reaped unknown pid 78248 (exit status 0)
2026-01-29 06:16:59,295 INFO reaped unknown pid 78255 (exit status 0)
2026-01-29 06:17:03,844 INFO reaped unknown pid 78266 (exit status 0)
2026-01-29 06:17:08,894 INFO reaped unknown pid 78273 (exit status 0)
2026-01-29 06:17:14,950 INFO reaped unknown pid 78280 (exit status 0)
2026-01-29 06:17:19,048 INFO reaped unknown pid 78287 (exit status 0)
2026-01-29 06:17:24,058 INFO reaped unknown pid 78294 (exit status 0)
2026-01-29 06:17:29,167 INFO reaped unknown pid 78301 (exit status 0)
2026-01-29 06:17:34,436 INFO reaped unknown pid 78308 (exit status 0)
2026-01-29 06:17:39,277 INFO reaped unknown pid 78315 (exit status 0)
2026-01-29 06:17:44,645 INFO reaped unknown pid 78322 (exit status 0)
2026-01-29 06:17:49,536 INFO reaped unknown pid 78329 (exit status 0)
2026-01-29 06:17:54,675 INFO reaped unknown pid 78336 (exit status 0)
2026-01-29 06:17:59,651 INFO reaped unknown pid 78343 (exit status 0)
2026-01-29 06:18:03,827 INFO reaped unknown pid 78354 (exit status 0)
2026-01-29 06:18:08,913 INFO reaped unknown pid 78361 (exit status 0)
2026-01-29 06:18:14,016 INFO reaped unknown pid 78368 (exit status 0)
2026-01-29 06:18:18,991 INFO reaped unknown pid 78375 (exit status 0)
2026-01-29 06:18:24,064 INFO reaped unknown pid 78382 (exit status 0)
2026-01-29 06:18:29,062 INFO reaped unknown pid 78389 (exit status 0)
2026-01-29 06:18:34,060 INFO reaped unknown pid 78396 (exit status 0)
2026-01-29 06:18:39,079 INFO reaped unknown pid 78403 (exit status 0)
2026-01-29 06:18:44,085 INFO reaped unknown pid 78410 (exit status 0)
2026-01-29 06:18:49,149 INFO reaped unknown pid 78417 (exit status 0)
2026-01-29 06:18:54,607 INFO reaped unknown pid 78424 (exit status 0)
2026-01-29 06:18:59,473 INFO reaped unknown pid 78431 (exit status 0)
2026-01-29 06:19:03,874 INFO reaped unknown pid 78442 (exit status 0)
2026-01-29 06:19:08,955 INFO reaped unknown pid 78449 (exit status 0)
2026-01-29 06:19:14,983 INFO reaped unknown pid 78456 (exit status 0)
2026-01-29 06:19:19,010 INFO reaped unknown pid 78463 (exit status 0)
2026-01-29 06:19:25,073 INFO reaped unknown pid 78470 (exit status 0)
2026-01-29 06:19:29,112 INFO reaped unknown pid 78477 (exit status 0)
2026-01-29 06:19:34,112 INFO reaped unknown pid 78484 (exit status 0)
2026-01-29 06:19:39,162 INFO reaped unknown pid 78491 (exit status 0)
2026-01-29 06:19:44,640 INFO reaped unknown pid 78498 (exit status 0)
2026-01-29 06:19:49,324 INFO reaped unknown pid 78505 (exit status 0)
2026-01-29 06:19:54,701 INFO reaped unknown pid 78512 (exit status 0)
2026-01-29 06:19:59,522 INFO reaped unknown pid 78519 (exit status 0)
2026-01-29 06:20:04,786 INFO reaped unknown pid 78530 (exit status 0)
2026-01-29 06:20:08,787 INFO reaped unknown pid 78537 (exit status 0)
2026-01-29 06:20:14,894 INFO reaped unknown pid 78544 (exit status 0)
2026-01-29 06:20:18,915 INFO reaped unknown pid 78551 (exit status 0)
2026-01-29 06:20:25,024 INFO reaped unknown pid 78558 (exit status 0)
2026-01-29 06:20:29,048 INFO reaped unknown pid 78565 (exit status 0)
2026-01-29 06:20:36,134 INFO reaped unknown pid 78572 (exit status 0)
2026-01-29 06:20:39,150 INFO reaped unknown pid 78579 (exit status 0)
2026-01-29 06:20:44,209 INFO reaped unknown pid 78586 (exit status 0)
2026-01-29 06:20:49,212 INFO reaped unknown pid 78593 (exit status 0)
2026-01-29 06:20:54,708 INFO reaped unknown pid 78600 (exit status 0)
2026-01-29 06:20:59,310 INFO reaped unknown pid 78607 (exit status 0)
2026-01-29 06:21:03,796 INFO reaped unknown pid 78618 (exit status 0)
2026-01-29 06:21:08,823 INFO reaped unknown pid 78625 (exit status 0)
2026-01-29 06:21:13,864 INFO reaped unknown pid 78632 (exit status 0)
2026-01-29 06:21:18,957 INFO reaped unknown pid 78639 (exit status 0)
2026-01-29 06:21:24,037 INFO reaped unknown pid 78646 (exit status 0)
2026-01-29 06:21:29,115 INFO reaped unknown pid 78653 (exit status 0)
2026-01-29 06:21:34,154 INFO reaped unknown pid 78660 (exit status 0)
2026-01-29 06:21:39,217 INFO reaped unknown pid 78667 (exit status 0)
2026-01-29 06:21:44,269 INFO reaped unknown pid 78674 (exit status 0)
2026-01-29 06:21:49,312 INFO reaped unknown pid 78681 (exit status 0)
2026-01-29 06:21:54,687 INFO reaped unknown pid 78688 (exit status 0)
2026-01-29 06:21:59,460 INFO reaped unknown pid 78695 (exit status 0)
2026-01-29 06:22:03,841 INFO reaped unknown pid 78706 (exit status 0)
2026-01-29 06:22:08,942 INFO reaped unknown pid 78713 (exit status 0)
2026-01-29 06:22:13,983 INFO reaped unknown pid 78720 (exit status 0)
2026-01-29 06:22:19,009 INFO reaped unknown pid 78727 (exit status 0)
2026-01-29 06:22:24,023 INFO reaped unknown pid 78734 (exit status 0)
2026-01-29 06:22:29,100 INFO reaped unknown pid 78741 (exit status 0)
2026-01-29 06:22:34,173 INFO reaped unknown pid 78748 (exit status 0)
2026-01-29 06:22:39,182 INFO reaped unknown pid 78755 (exit status 0)
2026-01-29 06:22:44,232 INFO reaped unknown pid 78762 (exit status 0)
2026-01-29 06:22:49,335 INFO reaped unknown pid 78769 (exit status 0)
2026-01-29 06:22:54,743 INFO reaped unknown pid 78776 (exit status 0)
2026-01-29 06:22:59,542 INFO reaped unknown pid 78783 (exit status 0)
2026-01-29 06:23:03,818 INFO reaped unknown pid 78794 (exit status 0)
2026-01-29 06:23:08,903 INFO reaped unknown pid 78801 (exit status 0)
2026-01-29 06:23:13,927 INFO reaped unknown pid 78808 (exit status 0)
2026-01-29 06:23:18,955 INFO reaped unknown pid 78815 (exit status 0)
2026-01-29 06:23:23,961 INFO reaped unknown pid 78822 (exit status 0)
2026-01-29 06:23:28,987 INFO reaped unknown pid 78829 (exit status 0)
2026-01-29 06:23:34,000 INFO reaped unknown pid 78836 (exit status 0)
2026-01-29 06:23:39,059 INFO reaped unknown pid 78843 (exit status 0)
2026-01-29 06:23:44,172 INFO reaped unknown pid 78850 (exit status 0)
2026-01-29 06:23:49,224 INFO reaped unknown pid 78857 (exit status 0)
2026-01-29 06:23:54,299 INFO reaped unknown pid 78864 (exit status 0)
2026-01-29 06:23:59,372 INFO reaped unknown pid 78871 (exit status 0)
2026-01-29 06:24:03,859 INFO reaped unknown pid 78882 (exit status 0)
2026-01-29 06:24:08,914 INFO reaped unknown pid 78889 (exit status 0)
2026-01-29 06:24:15,010 INFO reaped unknown pid 78896 (exit status 0)
2026-01-29 06:24:19,085 INFO reaped unknown pid 78903 (exit status 0)
2026-01-29 06:24:24,187 INFO reaped unknown pid 78910 (exit status 0)
2026-01-29 06:24:29,162 INFO reaped unknown pid 78917 (exit status 0)
2026-01-29 06:24:34,267 INFO reaped unknown pid 78924 (exit status 0)
2026-01-29 06:24:39,278 INFO reaped unknown pid 78931 (exit status 0)
2026-01-29 06:24:45,657 INFO reaped unknown pid 78938 (exit status 0)
2026-01-29 06:24:49,470 INFO reaped unknown pid 78945 (exit status 0)
2026-01-29 06:24:54,743 INFO reaped unknown pid 78952 (exit status 0)
2026-01-29 06:24:59,619 INFO reaped unknown pid 78959 (exit status 0)
2026-01-29 06:25:03,939 INFO reaped unknown pid 78970 (exit status 0)
2026-01-29 06:25:08,936 INFO reaped unknown pid 78977 (exit status 0)
2026-01-29 06:25:13,952 INFO reaped unknown pid 78984 (exit status 0)
2026-01-29 06:25:19,057 INFO reaped unknown pid 78991 (exit status 0)
2026-01-29 06:25:24,061 INFO reaped unknown pid 78998 (exit status 0)
2026-01-29 06:25:29,094 INFO reaped unknown pid 79005 (exit status 0)
2026-01-29 06:25:34,131 INFO reaped unknown pid 79012 (exit status 0)
2026-01-29 06:25:40,211 INFO reaped unknown pid 79019 (exit status 0)
2026-01-29 06:25:44,254 INFO reaped unknown pid 79026 (exit status 0)
2026-01-29 06:25:49,316 INFO reaped unknown pid 79033 (exit status 0)
2026-01-29 06:25:54,598 INFO reaped unknown pid 79040 (exit status 0)
2026-01-29 06:25:59,525 INFO reaped unknown pid 79047 (exit status 0)
2026-01-29 06:26:03,769 INFO reaped unknown pid 79058 (exit status 0)
2026-01-29 06:26:08,784 INFO reaped unknown pid 79065 (exit status 0)
2026-01-29 06:26:13,800 INFO reaped unknown pid 79072 (exit status 0)
2026-01-29 06:26:18,896 INFO reaped unknown pid 79079 (exit status 0)
2026-01-29 06:26:23,977 INFO reaped unknown pid 79086 (exit status 0)
2026-01-29 06:26:29,079 INFO reaped unknown pid 79093 (exit status 0)
2026-01-29 06:26:34,170 INFO reaped unknown pid 79100 (exit status 0)
2026-01-29 06:26:39,187 INFO reaped unknown pid 79107 (exit status 0)
2026-01-29 06:26:45,260 INFO reaped unknown pid 79114 (exit status 0)
2026-01-29 06:26:49,256 INFO reaped unknown pid 79121 (exit status 0)
2026-01-29 06:26:54,306 INFO reaped unknown pid 79128 (exit status 0)
2026-01-29 06:26:59,335 INFO reaped unknown pid 79135 (exit status 0)
2026-01-29 06:27:03,843 INFO reaped unknown pid 79146 (exit status 0)
2026-01-29 06:27:08,866 INFO reaped unknown pid 79153 (exit status 0)
2026-01-29 06:27:13,952 INFO reaped unknown pid 79160 (exit status 0)
2026-01-29 06:27:19,006 INFO reaped unknown pid 79167 (exit status 0)
2026-01-29 06:27:25,110 INFO reaped unknown pid 79174 (exit status 0)
2026-01-29 06:27:29,201 INFO reaped unknown pid 79181 (exit status 0)
2026-01-29 06:27:34,269 INFO reaped unknown pid 79188 (exit status 0)
2026-01-29 06:27:39,320 INFO reaped unknown pid 79195 (exit status 0)
2026-01-29 06:27:44,787 INFO reaped unknown pid 79202 (exit status 0)
2026-01-29 06:27:49,486 INFO reaped unknown pid 79209 (exit status 0)
2026-01-29 06:27:54,889 INFO reaped unknown pid 79216 (exit status 0)
2026-01-29 06:27:59,666 INFO reaped unknown pid 79223 (exit status 0)
2026-01-29 06:28:03,790 INFO reaped unknown pid 79234 (exit status 0)
2026-01-29 06:28:08,825 INFO reaped unknown pid 79241 (exit status 0)
2026-01-29 06:28:13,836 INFO reaped unknown pid 79248 (exit status 0)
2026-01-29 06:28:18,850 INFO reaped unknown pid 79255 (exit status 0)
2026-01-29 06:28:23,946 INFO reaped unknown pid 79262 (exit status 0)
2026-01-29 06:28:28,970 INFO reaped unknown pid 79269 (exit status 0)
2026-01-29 06:28:33,981 INFO reaped unknown pid 79276 (exit status 0)
2026-01-29 06:28:39,081 INFO reaped unknown pid 79283 (exit status 0)
2026-01-29 06:28:44,141 INFO reaped unknown pid 79290 (exit status 0)
2026-01-29 06:28:49,161 INFO reaped unknown pid 79297 (exit status 0)
2026-01-29 06:28:54,197 INFO reaped unknown pid 79304 (exit status 0)
2026-01-29 06:28:59,203 INFO reaped unknown pid 79311 (exit status 0)
2026-01-29 06:29:03,779 INFO reaped unknown pid 79322 (exit status 0)
2026-01-29 06:29:08,731 INFO reaped unknown pid 79329 (exit status 0)
2026-01-29 06:29:14,880 INFO reaped unknown pid 79336 (exit status 0)
2026-01-29 06:29:18,910 INFO reaped unknown pid 79343 (exit status 0)
2026-01-29 06:29:23,996 INFO reaped unknown pid 79350 (exit status 0)
2026-01-29 06:29:29,065 INFO reaped unknown pid 79357 (exit status 0)
2026-01-29 06:29:34,078 INFO reaped unknown pid 79364 (exit status 0)
2026-01-29 06:29:39,150 INFO reaped unknown pid 79371 (exit status 0)
2026-01-29 06:29:44,226 INFO reaped unknown pid 79378 (exit status 0)
2026-01-29 06:29:49,327 INFO reaped unknown pid 79385 (exit status 0)
2026-01-29 06:29:54,820 INFO reaped unknown pid 79392 (exit status 0)
2026-01-29 06:29:59,407 INFO reaped unknown pid 79399 (exit status 0)
2026-01-29 06:30:03,832 INFO reaped unknown pid 79410 (exit status 0)
2026-01-29 06:30:08,830 INFO reaped unknown pid 79417 (exit status 0)
2026-01-29 06:30:13,911 INFO reaped unknown pid 79424 (exit status 0)
2026-01-29 06:30:19,001 INFO reaped unknown pid 79431 (exit status 0)
2026-01-29 06:30:24,097 INFO reaped unknown pid 79438 (exit status 0)
2026-01-29 06:30:29,181 INFO reaped unknown pid 79445 (exit status 0)
2026-01-29 06:30:35,299 INFO reaped unknown pid 79452 (exit status 0)
2026-01-29 06:30:40,356 INFO reaped unknown pid 79459 (exit status 0)
2026-01-29 06:30:44,355 INFO reaped unknown pid 79466 (exit status 0)
2026-01-29 06:30:49,414 INFO reaped unknown pid 79473 (exit status 0)
2026-01-29 06:30:54,577 INFO reaped unknown pid 79480 (exit status 0)
2026-01-29 06:30:59,558 INFO reaped unknown pid 79487 (exit status 0)
2026-01-29 06:31:03,807 INFO reaped unknown pid 79498 (exit status 0)
2026-01-29 06:31:08,849 INFO reaped unknown pid 79505 (exit status 0)
2026-01-29 06:31:13,935 INFO reaped unknown pid 79512 (exit status 0)
2026-01-29 06:31:18,942 INFO reaped unknown pid 79519 (exit status 0)
2026-01-29 06:31:23,998 INFO reaped unknown pid 79526 (exit status 0)
2026-01-29 06:31:29,012 INFO reaped unknown pid 79533 (exit status 0)
2026-01-29 06:31:34,106 INFO reaped unknown pid 79540 (exit status 0)
2026-01-29 06:31:39,152 INFO reaped unknown pid 79547 (exit status 0)
2026-01-29 06:31:44,203 INFO reaped unknown pid 79554 (exit status 0)
2026-01-29 06:31:49,256 INFO reaped unknown pid 79561 (exit status 0)
2026-01-29 06:31:55,480 INFO reaped unknown pid 79568 (exit status 0)
2026-01-29 06:31:59,378 INFO reaped unknown pid 79575 (exit status 0)
2026-01-29 06:32:05,195 INFO reaped unknown pid 79586 (exit status 0)
2026-01-29 06:32:10,212 INFO reaped unknown pid 79593 (exit status 0)
2026-01-29 06:32:15,218 INFO reaped unknown pid 79600 (exit status 0)
2026-01-29 06:32:19,241 INFO reaped unknown pid 79607 (exit status 0)
2026-01-29 06:32:25,316 INFO reaped unknown pid 79614 (exit status 0)
2026-01-29 06:32:29,353 INFO reaped unknown pid 79621 (exit status 0)
2026-01-29 06:32:35,379 INFO reaped unknown pid 79628 (exit status 0)
2026-01-29 06:32:39,418 INFO reaped unknown pid 79635 (exit status 0)
2026-01-29 06:32:44,478 INFO reaped unknown pid 79642 (exit status 0)
2026-01-29 06:32:49,551 INFO reaped unknown pid 79649 (exit status 0)
2026-01-29 06:32:54,652 INFO reaped unknown pid 79656 (exit status 0)
2026-01-29 06:32:59,635 INFO reaped unknown pid 79663 (exit status 0)
2026-01-29 06:33:03,732 INFO reaped unknown pid 79674 (exit status 0)
2026-01-29 06:33:08,805 INFO reaped unknown pid 79681 (exit status 0)
2026-01-29 06:33:13,853 INFO reaped unknown pid 79688 (exit status 0)
2026-01-29 06:33:18,951 INFO reaped unknown pid 79695 (exit status 0)
2026-01-29 06:33:24,026 INFO reaped unknown pid 79702 (exit status 0)
2026-01-29 06:33:29,129 INFO reaped unknown pid 79709 (exit status 0)
2026-01-29 06:33:34,133 INFO reaped unknown pid 79716 (exit status 0)
2026-01-29 06:33:39,157 INFO reaped unknown pid 79723 (exit status 0)
2026-01-29 06:33:44,225 INFO reaped unknown pid 79730 (exit status 0)
2026-01-29 06:33:49,299 INFO reaped unknown pid 79737 (exit status 0)
2026-01-29 06:33:54,366 INFO reaped unknown pid 79744 (exit status 0)
2026-01-29 06:33:59,461 INFO reaped unknown pid 79751 (exit status 0)
2026-01-29 06:34:03,840 INFO reaped unknown pid 79762 (exit status 0)
2026-01-29 06:34:08,873 INFO reaped unknown pid 79769 (exit status 0)
2026-01-29 06:34:13,975 INFO reaped unknown pid 79776 (exit status 0)
2026-01-29 06:34:19,059 INFO reaped unknown pid 79783 (exit status 0)
2026-01-29 06:34:24,080 INFO reaped unknown pid 79790 (exit status 0)
2026-01-29 06:34:29,090 INFO reaped unknown pid 79797 (exit status 0)
2026-01-29 06:34:34,181 INFO reaped unknown pid 79804 (exit status 0)
2026-01-29 06:34:39,236 INFO reaped unknown pid 79811 (exit status 0)
2026-01-29 06:34:44,307 INFO reaped unknown pid 79818 (exit status 0)
2026-01-29 06:34:49,373 INFO reaped unknown pid 79825 (exit status 0)
2026-01-29 06:34:54,446 INFO reaped unknown pid 79832 (exit status 0)
2026-01-29 06:34:59,454 INFO reaped unknown pid 79839 (exit status 0)
2026-01-29 06:35:03,693 INFO reaped unknown pid 79850 (exit status 0)
2026-01-29 06:35:08,712 INFO reaped unknown pid 79857 (exit status 0)
2026-01-29 06:35:13,826 INFO reaped unknown pid 79864 (exit status 0)
2026-01-29 06:35:18,838 INFO reaped unknown pid 79871 (exit status 0)
2026-01-29 06:35:23,941 INFO reaped unknown pid 79878 (exit status 0)
2026-01-29 06:35:29,000 INFO reaped unknown pid 79885 (exit status 0)
2026-01-29 06:35:34,070 INFO reaped unknown pid 79892 (exit status 0)
2026-01-29 06:35:40,156 INFO reaped unknown pid 79899 (exit status 0)
2026-01-29 06:35:44,257 INFO reaped unknown pid 79906 (exit status 0)
2026-01-29 06:35:49,357 INFO reaped unknown pid 79913 (exit status 0)
2026-01-29 06:35:54,366 INFO reaped unknown pid 79920 (exit status 0)
2026-01-29 06:35:59,441 INFO reaped unknown pid 79927 (exit status 0)
2026-01-29 06:36:03,688 INFO reaped unknown pid 79938 (exit status 0)
2026-01-29 06:36:08,771 INFO reaped unknown pid 79945 (exit status 0)
2026-01-29 06:36:13,800 INFO reaped unknown pid 79952 (exit status 0)
2026-01-29 06:36:18,963 INFO reaped unknown pid 79959 (exit status 0)
2026-01-29 06:36:24,030 INFO reaped unknown pid 79966 (exit status 0)
2026-01-29 06:36:28,951 INFO reaped unknown pid 79973 (exit status 0)
2026-01-29 06:36:34,057 INFO reaped unknown pid 79980 (exit status 0)
2026-01-29 06:36:39,074 INFO reaped unknown pid 79987 (exit status 0)
2026-01-29 06:36:44,111 INFO reaped unknown pid 79994 (exit status 0)
2026-01-29 06:36:49,184 INFO reaped unknown pid 80001 (exit status 0)
2026-01-29 06:36:54,249 INFO reaped unknown pid 80008 (exit status 0)
2026-01-29 06:36:59,263 INFO reaped unknown pid 80015 (exit status 0)
2026-01-29 06:37:03,931 INFO reaped unknown pid 80026 (exit status 0)
2026-01-29 06:37:08,991 INFO reaped unknown pid 80033 (exit status 0)
2026-01-29 06:37:14,064 INFO reaped unknown pid 80040 (exit status 0)
2026-01-29 06:37:19,156 INFO reaped unknown pid 80047 (exit status 0)
2026-01-29 06:37:24,217 INFO reaped unknown pid 80054 (exit status 0)
2026-01-29 06:37:29,230 INFO reaped unknown pid 80061 (exit status 0)
2026-01-29 06:37:34,321 INFO reaped unknown pid 80068 (exit status 0)
2026-01-29 06:37:39,383 INFO reaped unknown pid 80075 (exit status 0)
2026-01-29 06:37:44,443 INFO reaped unknown pid 80082 (exit status 0)
2026-01-29 06:37:49,537 INFO reaped unknown pid 80089 (exit status 0)
2026-01-29 06:37:54,640 INFO reaped unknown pid 80096 (exit status 0)
2026-01-29 06:37:59,662 INFO reaped unknown pid 80103 (exit status 0)
2026-01-29 06:38:03,758 INFO reaped unknown pid 80114 (exit status 0)
2026-01-29 06:38:08,815 INFO reaped unknown pid 80121 (exit status 0)
2026-01-29 06:38:13,961 INFO reaped unknown pid 80128 (exit status 0)
2026-01-29 06:38:18,928 INFO reaped unknown pid 80135 (exit status 0)
2026-01-29 06:38:23,983 INFO reaped unknown pid 80142 (exit status 0)
2026-01-29 06:38:29,031 INFO reaped unknown pid 80149 (exit status 0)
2026-01-29 06:38:34,105 INFO reaped unknown pid 80156 (exit status 0)
2026-01-29 06:38:39,136 INFO reaped unknown pid 80163 (exit status 0)
2026-01-29 06:38:44,160 INFO reaped unknown pid 80170 (exit status 0)
2026-01-29 06:38:49,247 INFO reaped unknown pid 80177 (exit status 0)
2026-01-29 06:38:54,306 INFO reaped unknown pid 80184 (exit status 0)
2026-01-29 06:38:59,396 INFO reaped unknown pid 80191 (exit status 0)
2026-01-29 06:39:03,713 INFO reaped unknown pid 80202 (exit status 0)
2026-01-29 06:39:08,806 INFO reaped unknown pid 80209 (exit status 0)
2026-01-29 06:39:13,837 INFO reaped unknown pid 80216 (exit status 0)
2026-01-29 06:39:18,910 INFO reaped unknown pid 80223 (exit status 0)
2026-01-29 06:39:23,998 INFO reaped unknown pid 80230 (exit status 0)
2026-01-29 06:39:29,038 INFO reaped unknown pid 80237 (exit status 0)
2026-01-29 06:39:34,104 INFO reaped unknown pid 80244 (exit status 0)
2026-01-29 06:39:39,105 INFO reaped unknown pid 80251 (exit status 0)
2026-01-29 06:39:45,205 INFO reaped unknown pid 80258 (exit status 0)
2026-01-29 06:39:49,238 INFO reaped unknown pid 80265 (exit status 0)
2026-01-29 06:39:54,286 INFO reaped unknown pid 80272 (exit status 0)
2026-01-29 06:39:59,358 INFO reaped unknown pid 80279 (exit status 0)
2026-01-29 06:40:03,780 INFO reaped unknown pid 80290 (exit status 0)
2026-01-29 06:40:08,853 INFO reaped unknown pid 80297 (exit status 0)
2026-01-29 06:40:13,890 INFO reaped unknown pid 80304 (exit status 0)
2026-01-29 06:40:18,942 INFO reaped unknown pid 80311 (exit status 0)
2026-01-29 06:40:24,034 INFO reaped unknown pid 80318 (exit status 0)
2026-01-29 06:40:29,124 INFO reaped unknown pid 80325 (exit status 0)
2026-01-29 06:40:34,144 INFO reaped unknown pid 80332 (exit status 0)
2026-01-29 06:40:39,139 INFO reaped unknown pid 80339 (exit status 0)
2026-01-29 06:40:45,179 INFO reaped unknown pid 80346 (exit status 0)
2026-01-29 06:40:49,264 INFO reaped unknown pid 80353 (exit status 0)
2026-01-29 06:40:54,355 INFO reaped unknown pid 80360 (exit status 0)
2026-01-29 06:40:59,394 INFO reaped unknown pid 80367 (exit status 0)
2026-01-29 06:41:03,777 INFO reaped unknown pid 80378 (exit status 0)
2026-01-29 06:41:08,816 INFO reaped unknown pid 80385 (exit status 0)
2026-01-29 06:41:13,951 INFO reaped unknown pid 80392 (exit status 0)
2026-01-29 06:41:18,923 INFO reaped unknown pid 80399 (exit status 0)
2026-01-29 06:41:24,011 INFO reaped unknown pid 80406 (exit status 0)
2026-01-29 06:41:29,023 INFO reaped unknown pid 80413 (exit status 0)
2026-01-29 06:41:34,093 INFO reaped unknown pid 80420 (exit status 0)
2026-01-29 06:41:39,116 INFO reaped unknown pid 80427 (exit status 0)
2026-01-29 06:41:44,160 INFO reaped unknown pid 80434 (exit status 0)
2026-01-29 06:41:49,263 INFO reaped unknown pid 80441 (exit status 0)
2026-01-29 06:41:54,364 INFO reaped unknown pid 80448 (exit status 0)
2026-01-29 06:41:59,395 INFO reaped unknown pid 80455 (exit status 0)
2026-01-29 06:42:03,835 INFO reaped unknown pid 80466 (exit status 0)
2026-01-29 06:42:08,880 INFO reaped unknown pid 80473 (exit status 0)
2026-01-29 06:42:13,904 INFO reaped unknown pid 80480 (exit status 0)
2026-01-29 06:42:18,991 INFO reaped unknown pid 80487 (exit status 0)
2026-01-29 06:42:23,998 INFO reaped unknown pid 80494 (exit status 0)
2026-01-29 06:42:29,039 INFO reaped unknown pid 80501 (exit status 0)
2026-01-29 06:42:34,047 INFO reaped unknown pid 80508 (exit status 0)
2026-01-29 06:42:39,048 INFO reaped unknown pid 80515 (exit status 0)
2026-01-29 06:42:44,088 INFO reaped unknown pid 80522 (exit status 0)
2026-01-29 06:42:49,180 INFO reaped unknown pid 80529 (exit status 0)
2026-01-29 06:42:54,191 INFO reaped unknown pid 80536 (exit status 0)
2026-01-29 06:42:59,294 INFO reaped unknown pid 80543 (exit status 0)
2026-01-29 06:43:03,848 INFO reaped unknown pid 80554 (exit status 0)
2026-01-29 06:43:08,833 INFO reaped unknown pid 80561 (exit status 0)
2026-01-29 06:43:13,914 INFO reaped unknown pid 80568 (exit status 0)
2026-01-29 06:43:18,984 INFO reaped unknown pid 80575 (exit status 0)
2026-01-29 06:43:24,004 INFO reaped unknown pid 80582 (exit status 0)
2026-01-29 06:43:29,040 INFO reaped unknown pid 80589 (exit status 0)
2026-01-29 06:43:34,134 INFO reaped unknown pid 80596 (exit status 0)
2026-01-29 06:43:39,168 INFO reaped unknown pid 80603 (exit status 0)
2026-01-29 06:43:44,234 INFO reaped unknown pid 80610 (exit status 0)
2026-01-29 06:43:49,224 INFO reaped unknown pid 80617 (exit status 0)
2026-01-29 06:43:54,305 INFO reaped unknown pid 80624 (exit status 0)
2026-01-29 06:43:59,388 INFO reaped unknown pid 80631 (exit status 0)
2026-01-29 06:44:03,751 INFO reaped unknown pid 80642 (exit status 0)
2026-01-29 06:44:08,838 INFO reaped unknown pid 80649 (exit status 0)
2026-01-29 06:44:13,932 INFO reaped unknown pid 80656 (exit status 0)
2026-01-29 06:44:18,961 INFO reaped unknown pid 80663 (exit status 0)
2026-01-29 06:44:24,009 INFO reaped unknown pid 80670 (exit status 0)
2026-01-29 06:44:29,081 INFO reaped unknown pid 80677 (exit status 0)
2026-01-29 06:44:34,096 INFO reaped unknown pid 80684 (exit status 0)
2026-01-29 06:44:39,178 INFO reaped unknown pid 80691 (exit status 0)
2026-01-29 06:44:45,276 INFO reaped unknown pid 80698 (exit status 0)
2026-01-29 06:44:49,293 INFO reaped unknown pid 80705 (exit status 0)
2026-01-29 06:44:54,291 INFO reaped unknown pid 80712 (exit status 0)
2026-01-29 06:44:59,383 INFO reaped unknown pid 80719 (exit status 0)
2026-01-29 06:45:03,801 INFO reaped unknown pid 80730 (exit status 0)
2026-01-29 06:45:08,906 INFO reaped unknown pid 80737 (exit status 0)
2026-01-29 06:45:14,000 INFO reaped unknown pid 80744 (exit status 0)
2026-01-29 06:45:19,049 INFO reaped unknown pid 80751 (exit status 0)
2026-01-29 06:45:24,057 INFO reaped unknown pid 80758 (exit status 0)
2026-01-29 06:45:29,147 INFO reaped unknown pid 80765 (exit status 0)
2026-01-29 06:45:34,191 INFO reaped unknown pid 80772 (exit status 0)
2026-01-29 06:45:39,242 INFO reaped unknown pid 80779 (exit status 0)
2026-01-29 06:45:45,263 INFO reaped unknown pid 80786 (exit status 0)
2026-01-29 06:45:49,322 INFO reaped unknown pid 80793 (exit status 0)
2026-01-29 06:45:54,390 INFO reaped unknown pid 80800 (exit status 0)
2026-01-29 06:45:59,418 INFO reaped unknown pid 80807 (exit status 0)
2026-01-29 06:46:03,895 INFO reaped unknown pid 80818 (exit status 0)
2026-01-29 06:46:08,910 INFO reaped unknown pid 80825 (exit status 0)
2026-01-29 06:46:14,075 INFO reaped unknown pid 80832 (exit status 0)
2026-01-29 06:46:19,105 INFO reaped unknown pid 80839 (exit status 0)
2026-01-29 06:46:24,193 INFO reaped unknown pid 80846 (exit status 0)
2026-01-29 06:46:29,192 INFO reaped unknown pid 80853 (exit status 0)
2026-01-29 06:46:34,245 INFO reaped unknown pid 80860 (exit status 0)
2026-01-29 06:46:39,305 INFO reaped unknown pid 80867 (exit status 0)
2026-01-29 06:46:44,387 INFO reaped unknown pid 80874 (exit status 0)
2026-01-29 06:46:49,448 INFO reaped unknown pid 80881 (exit status 0)
2026-01-29 06:46:54,456 INFO reaped unknown pid 80888 (exit status 0)
2026-01-29 06:46:59,510 INFO reaped unknown pid 80895 (exit status 0)
2026-01-29 06:47:03,781 INFO reaped unknown pid 80906 (exit status 0)
2026-01-29 06:47:08,817 INFO reaped unknown pid 80913 (exit status 0)
2026-01-29 06:47:13,852 INFO reaped unknown pid 80920 (exit status 0)
2026-01-29 06:47:18,948 INFO reaped unknown pid 80927 (exit status 0)
2026-01-29 06:47:24,005 INFO reaped unknown pid 80934 (exit status 0)
2026-01-29 06:47:29,089 INFO reaped unknown pid 80941 (exit status 0)
2026-01-29 06:47:34,149 INFO reaped unknown pid 80948 (exit status 0)
2026-01-29 06:47:39,143 INFO reaped unknown pid 80955 (exit status 0)
2026-01-29 06:47:44,155 INFO reaped unknown pid 80962 (exit status 0)
2026-01-29 06:47:49,266 INFO reaped unknown pid 80969 (exit status 0)
2026-01-29 06:47:54,299 INFO reaped unknown pid 80976 (exit status 0)
2026-01-29 06:47:59,398 INFO reaped unknown pid 80983 (exit status 0)
2026-01-29 06:48:03,781 INFO reaped unknown pid 80994 (exit status 0)
2026-01-29 06:48:08,789 INFO reaped unknown pid 81001 (exit status 0)
2026-01-29 06:48:13,795 INFO reaped unknown pid 81008 (exit status 0)
2026-01-29 06:48:18,857 INFO reaped unknown pid 81015 (exit status 0)
2026-01-29 06:48:23,889 INFO reaped unknown pid 81022 (exit status 0)
2026-01-29 06:48:28,987 INFO reaped unknown pid 81029 (exit status 0)
2026-01-29 06:48:34,055 INFO reaped unknown pid 81036 (exit status 0)
2026-01-29 06:48:39,168 INFO reaped unknown pid 81043 (exit status 0)
2026-01-29 06:48:44,218 INFO reaped unknown pid 81050 (exit status 0)
2026-01-29 06:48:49,282 INFO reaped unknown pid 81057 (exit status 0)
2026-01-29 06:48:54,324 INFO reaped unknown pid 81064 (exit status 0)
2026-01-29 06:48:59,361 INFO reaped unknown pid 81071 (exit status 0)
2026-01-29 06:49:03,837 INFO reaped unknown pid 81082 (exit status 0)
2026-01-29 06:49:08,917 INFO reaped unknown pid 81089 (exit status 0)
2026-01-29 06:49:14,000 INFO reaped unknown pid 81096 (exit status 0)
2026-01-29 06:49:19,099 INFO reaped unknown pid 81103 (exit status 0)
2026-01-29 06:49:24,170 INFO reaped unknown pid 81110 (exit status 0)
2026-01-29 06:49:29,216 INFO reaped unknown pid 81117 (exit status 0)
2026-01-29 06:49:34,252 INFO reaped unknown pid 81124 (exit status 0)
2026-01-29 06:49:39,315 INFO reaped unknown pid 81131 (exit status 0)
2026-01-29 06:49:44,334 INFO reaped unknown pid 81138 (exit status 0)
2026-01-29 06:49:49,358 INFO reaped unknown pid 81145 (exit status 0)
2026-01-29 06:49:54,449 INFO reaped unknown pid 81152 (exit status 0)
2026-01-29 06:49:59,506 INFO reaped unknown pid 81159 (exit status 0)
2026-01-29 06:50:03,768 INFO reaped unknown pid 81170 (exit status 0)
2026-01-29 06:50:08,863 INFO reaped unknown pid 81177 (exit status 0)
2026-01-29 06:50:13,963 INFO reaped unknown pid 81184 (exit status 0)
2026-01-29 06:50:18,992 INFO reaped unknown pid 81191 (exit status 0)
2026-01-29 06:50:24,057 INFO reaped unknown pid 81198 (exit status 0)
2026-01-29 06:50:29,053 INFO reaped unknown pid 81205 (exit status 0)
2026-01-29 06:50:34,091 INFO reaped unknown pid 81212 (exit status 0)
2026-01-29 06:50:39,108 INFO reaped unknown pid 81219 (exit status 0)
2026-01-29 06:50:44,122 INFO reaped unknown pid 81226 (exit status 0)
2026-01-29 06:50:50,224 INFO reaped unknown pid 81233 (exit status 0)
2026-01-29 06:50:54,296 INFO reaped unknown pid 81240 (exit status 0)
2026-01-29 06:50:59,338 INFO reaped unknown pid 81247 (exit status 0)
2026-01-29 06:51:04,889 INFO reaped unknown pid 81258 (exit status 0)
2026-01-29 06:51:09,871 INFO reaped unknown pid 81265 (exit status 0)
2026-01-29 06:51:21,220 INFO reaped unknown pid 81272 (exit status 0)
2026-01-29 06:51:27,561 INFO reaped unknown pid 81279 (exit status 0)
2026-01-29 06:51:31,393 INFO reaped unknown pid 81286 (exit status 0)
2026-01-29 06:51:37,061 INFO reaped unknown pid 81293 (exit status 0)
2026-01-29 06:51:41,515 INFO reaped unknown pid 81300 (exit status 0)
2026-01-29 06:51:48,575 INFO reaped unknown pid 81307 (exit status 0)
2026-01-29 06:51:51,626 INFO reaped unknown pid 81314 (exit status 0)
2026-01-29 06:51:57,126 INFO reaped unknown pid 81321 (exit status 0)
2026-01-29 06:52:01,963 INFO reaped unknown pid 81328 (exit status 0)
2026-01-29 06:52:04,160 INFO reaped unknown pid 81339 (exit status 0)
2026-01-29 06:52:25,615 INFO reaped unknown pid 81346 (exit status 0)
2026-01-29 06:52:29,686 INFO reaped unknown pid 81353 (exit status 0)
2026-01-29 06:52:34,798 INFO reaped unknown pid 81360 (exit status 0)
2026-01-29 06:52:39,897 INFO reaped unknown pid 81367 (exit status 0)
2026-01-29 06:52:44,992 INFO reaped unknown pid 81374 (exit status 0)
2026-01-29 06:52:50,090 INFO reaped unknown pid 81381 (exit status 0)
2026-01-29 06:52:55,103 INFO reaped unknown pid 81388 (exit status 0)
2026-01-29 06:53:00,013 INFO reaped unknown pid 81395 (exit status 0)
2026-01-29 06:53:04,019 INFO reaped unknown pid 81406 (exit status 0)
2026-01-29 06:53:09,596 INFO reaped unknown pid 81413 (exit status 0)
2026-01-29 06:53:16,154 INFO reaped unknown pid 81420 (exit status 0)
2026-01-29 06:53:22,287 INFO reaped unknown pid 81427 (exit status 0)
2026-01-29 06:58:20,113 INFO reaped unknown pid 81438 (exit status 0)
2026-01-29 06:58:28,988 INFO reaped unknown pid 81445 (exit status 0)
2026-01-29 06:58:32,958 INFO reaped unknown pid 81452 (exit status 0)
2026-01-29 06:58:39,008 INFO reaped unknown pid 81459 (exit status 0)
2026-01-29 06:58:42,082 INFO reaped unknown pid 81466 (exit status 0)
2026-01-29 06:58:47,110 INFO reaped unknown pid 81473 (exit status 0)
2026-01-29 06:58:52,129 INFO reaped unknown pid 81480 (exit status 0)
2026-01-29 06:58:58,138 INFO reaped unknown pid 81487 (exit status 0)
2026-01-29 06:59:08,166 INFO reaped unknown pid 81498 (exit status 0)
2026-01-29 06:59:26,754 INFO reaped unknown pid 81505 (exit status 0)
2026-01-29 06:59:31,770 INFO reaped unknown pid 81512 (exit status 0)
2026-01-29 06:59:36,784 INFO reaped unknown pid 81519 (exit status 0)
2026-01-29 06:59:40,874 INFO reaped unknown pid 81526 (exit status 0)
2026-01-29 06:59:45,971 INFO reaped unknown pid 81533 (exit status 0)
2026-01-29 06:59:51,021 INFO reaped unknown pid 81540 (exit status 0)
2026-01-29 07:16:05,958 INFO reaped unknown pid 81551 (exit status 0)
2026-01-29 07:16:11,018 INFO reaped unknown pid 81558 (exit status 0)
2026-01-29 07:16:16,067 INFO reaped unknown pid 81565 (exit status 0)
2026-01-29 07:16:21,092 INFO reaped unknown pid 81572 (exit status 0)
2026-01-29 07:16:26,109 INFO reaped unknown pid 81579 (exit status 0)
2026-01-29 07:16:31,207 INFO reaped unknown pid 81586 (exit status 0)
2026-01-29 07:16:36,239 INFO reaped unknown pid 81593 (exit status 0)
2026-01-29 07:16:41,258 INFO reaped unknown pid 81600 (exit status 0)
2026-01-29 07:16:46,311 INFO reaped unknown pid 81607 (exit status 0)
2026-01-29 07:16:51,355 INFO reaped unknown pid 81614 (exit status 0)
2026-01-29 07:16:56,425 INFO reaped unknown pid 81621 (exit status 0)
2026-01-29 07:17:01,006 INFO reaped unknown pid 81628 (exit status 0)
2026-01-29 07:25:26,175 INFO reaped unknown pid 81639 (exit status 0)
2026-01-29 07:25:28,191 INFO reaped unknown pid 81650 (exit status 0)
2026-01-29 07:25:33,291 INFO reaped unknown pid 81657 (exit status 0)
2026-01-29 07:25:39,352 INFO reaped unknown pid 81664 (exit status 0)
2026-01-29 07:25:43,395 INFO reaped unknown pid 81671 (exit status 0)
2026-01-29 07:25:49,409 INFO reaped unknown pid 81678 (exit status 0)
2026-01-29 08:52:39,097 INFO reaped unknown pid 81685 (exit status 0)
2026-01-29 08:52:55,938 INFO reaped unknown pid 81696 (exit status 0)
2026-01-29 08:53:03,070 INFO reaped unknown pid 81703 (exit status 0)
2026-01-29 08:53:07,340 INFO reaped unknown pid 81714 (exit status 0)
2026-01-29 08:53:11,947 INFO reaped unknown pid 81721 (exit status 0)
2026-01-29 08:53:15,456 INFO reaped unknown pid 81728 (exit status 0)
2026-01-29 08:53:21,558 INFO reaped unknown pid 81735 (exit status 0)
2026-01-29 08:53:26,703 INFO reaped unknown pid 81742 (exit status 0)
2026-01-29 08:53:37,919 INFO reaped unknown pid 81749 (exit status 0)
2026-01-29 09:53:54,811 INFO reaped unknown pid 81756 (exit status 0)
2026-01-29 09:53:59,899 INFO reaped unknown pid 81767 (exit status 0)
2026-01-29 09:54:03,008 INFO reaped unknown pid 81774 (exit status 0)
2026-01-29 09:54:10,952 INFO reaped unknown pid 81785 (exit status 0)
2026-01-29 09:54:14,916 INFO reaped unknown pid 81792 (exit status 0)
2026-01-29 09:54:21,067 INFO reaped unknown pid 81799 (exit status 0)
2026-01-29 09:54:31,544 INFO reaped unknown pid 81806 (exit status 0)
2026-01-29 09:54:36,319 INFO reaped unknown pid 81813 (exit status 0)
2026-01-29 09:54:40,318 INFO reaped unknown pid 81820 (exit status 0)
2026-01-29 09:54:45,375 INFO reaped unknown pid 81827 (exit status 0)
2026-01-29 09:54:50,441 INFO reaped unknown pid 81834 (exit status 0)
2026-01-29 10:33:57,133 INFO reaped unknown pid 81845 (exit status 0)
2026-01-29 10:34:04,939 INFO reaped unknown pid 81856 (exit status 0)
2026-01-29 10:34:09,929 INFO reaped unknown pid 81863 (exit status 0)
2026-01-29 10:34:14,961 INFO reaped unknown pid 81870 (exit status 0)
2026-01-29 10:34:20,059 INFO reaped unknown pid 81877 (exit status 0)
2026-01-29 10:34:25,155 INFO reaped unknown pid 81884 (exit status 0)
2026-01-29 10:34:30,187 INFO reaped unknown pid 81891 (exit status 0)
2026-01-29 10:34:35,270 INFO reaped unknown pid 81898 (exit status 0)
2026-01-29 10:34:40,356 INFO reaped unknown pid 81905 (exit status 0)
2026-01-29 10:34:45,447 INFO reaped unknown pid 81912 (exit status 0)
2026-01-29 10:34:50,507 INFO reaped unknown pid 81919 (exit status 0)
2026-01-29 10:34:55,538 INFO reaped unknown pid 81926 (exit status 0)
2026-01-29 10:35:01,017 INFO reaped unknown pid 81933 (exit status 0)
2026-01-29 10:35:04,442 INFO reaped unknown pid 81944 (exit status 0)
2026-01-29 10:35:09,444 INFO reaped unknown pid 81951 (exit status 0)
2026-01-29 10:35:14,515 INFO reaped unknown pid 81958 (exit status 0)
2026-01-29 10:35:19,512 INFO reaped unknown pid 81965 (exit status 0)
2026-01-29 10:35:24,586 INFO reaped unknown pid 81972 (exit status 0)
2026-01-29 10:35:29,615 INFO reaped unknown pid 81979 (exit status 0)
2026-01-29 10:35:34,662 INFO reaped unknown pid 81986 (exit status 0)
2026-01-29 10:35:39,733 INFO reaped unknown pid 81993 (exit status 0)
2026-01-29 10:35:44,830 INFO reaped unknown pid 82000 (exit status 0)
2026-01-29 10:35:49,902 INFO reaped unknown pid 82007 (exit status 0)
2026-01-29 10:35:54,950 INFO reaped unknown pid 82014 (exit status 0)
2026-01-29 10:35:59,992 INFO reaped unknown pid 82021 (exit status 0)
2026-01-29 10:36:04,579 INFO reaped unknown pid 82032 (exit status 0)
2026-01-29 10:36:09,659 INFO reaped unknown pid 82039 (exit status 0)
2026-01-29 10:36:14,758 INFO reaped unknown pid 82046 (exit status 0)
2026-01-29 10:36:19,810 INFO reaped unknown pid 82053 (exit status 0)
2026-01-29 10:36:24,823 INFO reaped unknown pid 82060 (exit status 0)
2026-01-29 10:36:29,870 INFO reaped unknown pid 82067 (exit status 0)
2026-01-29 10:36:34,980 INFO reaped unknown pid 82074 (exit status 0)
2026-01-29 10:36:40,995 INFO reaped unknown pid 82081 (exit status 0)
2026-01-29 10:36:45,070 INFO reaped unknown pid 82088 (exit status 0)
2026-01-29 10:36:50,171 INFO reaped unknown pid 82095 (exit status 0)
2026-01-29 10:37:36,062 INFO reaped unknown pid 82106 (exit status 0)
2026-01-29 10:37:41,101 INFO reaped unknown pid 82113 (exit status 0)
2026-01-29 10:37:46,168 INFO reaped unknown pid 82120 (exit status 0)
2026-01-29 10:37:53,263 INFO reaped unknown pid 82127 (exit status 0)
2026-01-29 10:37:56,341 INFO reaped unknown pid 82134 (exit status 0)
2026-01-29 10:38:02,093 INFO reaped unknown pid 82141 (exit status 0)
2026-01-29 10:38:04,179 INFO reaped unknown pid 82152 (exit status 0)
2026-01-29 10:38:10,279 INFO reaped unknown pid 82159 (exit status 0)
2026-01-29 10:38:14,317 INFO reaped unknown pid 82166 (exit status 0)
2026-01-29 10:38:20,417 INFO reaped unknown pid 82173 (exit status 0)
2026-01-29 10:38:24,502 INFO reaped unknown pid 82180 (exit status 0)
2026-01-29 10:38:29,577 INFO reaped unknown pid 82187 (exit status 0)
2026-01-29 10:39:50,548 INFO reaped unknown pid 82198 (exit status 0)
2026-01-29 10:39:55,540 INFO reaped unknown pid 82205 (exit status 0)
2026-01-29 10:40:01,055 INFO reaped unknown pid 82212 (exit status 0)
2026-01-29 10:40:04,793 INFO reaped unknown pid 82223 (exit status 0)
2026-01-29 10:40:08,837 INFO reaped unknown pid 82230 (exit status 0)
2026-01-29 10:40:13,878 INFO reaped unknown pid 82237 (exit status 0)
2026-01-29 10:40:23,277 INFO reaped unknown pid 82244 (exit status 0)
2026-01-29 10:40:28,309 INFO reaped unknown pid 82251 (exit status 0)
2026-01-29 10:40:33,378 INFO reaped unknown pid 82258 (exit status 0)
2026-01-29 10:40:38,421 INFO reaped unknown pid 82265 (exit status 0)
2026-01-29 10:40:43,447 INFO reaped unknown pid 82272 (exit status 0)
2026-01-29 10:40:48,523 INFO reaped unknown pid 82279 (exit status 0)
2026-01-29 10:40:53,591 INFO reaped unknown pid 82286 (exit status 0)
2026-01-29 10:40:58,661 INFO reaped unknown pid 82293 (exit status 0)
2026-01-29 10:41:07,204 INFO reaped unknown pid 82304 (exit status 0)
2026-01-29 10:41:09,214 INFO reaped unknown pid 82311 (exit status 0)
2026-01-29 10:41:15,368 INFO reaped unknown pid 82318 (exit status 0)
2026-01-29 10:41:19,280 INFO reaped unknown pid 82325 (exit status 0)
2026-01-29 10:42:44,571 INFO reaped unknown pid 82336 (exit status 0)
2026-01-29 10:42:49,625 INFO reaped unknown pid 82343 (exit status 0)
2026-01-29 10:42:54,698 INFO reaped unknown pid 82350 (exit status 0)
2026-01-29 10:42:59,756 INFO reaped unknown pid 82357 (exit status 0)
2026-01-29 10:43:04,460 INFO reaped unknown pid 82368 (exit status 0)
2026-01-29 10:43:09,458 INFO reaped unknown pid 82375 (exit status 0)
2026-01-29 10:43:14,527 INFO reaped unknown pid 82382 (exit status 0)
2026-01-29 10:43:19,595 INFO reaped unknown pid 82389 (exit status 0)
2026-01-29 10:43:24,655 INFO reaped unknown pid 82396 (exit status 0)
2026-01-29 10:43:29,658 INFO reaped unknown pid 82403 (exit status 0)
2026-01-29 10:43:34,704 INFO reaped unknown pid 82410 (exit status 0)
2026-01-29 10:43:39,703 INFO reaped unknown pid 82417 (exit status 0)
2026-01-29 10:43:44,709 INFO reaped unknown pid 82424 (exit status 0)
2026-01-29 10:43:49,784 INFO reaped unknown pid 82431 (exit status 0)
2026-01-29 10:43:54,813 INFO reaped unknown pid 82438 (exit status 0)
2026-01-29 10:43:59,898 INFO reaped unknown pid 82445 (exit status 0)
2026-01-29 10:44:04,375 INFO reaped unknown pid 82456 (exit status 0)
2026-01-29 10:44:09,472 INFO reaped unknown pid 82463 (exit status 0)
2026-01-29 10:44:14,532 INFO reaped unknown pid 82470 (exit status 0)
2026-01-29 10:44:19,576 INFO reaped unknown pid 82477 (exit status 0)
2026-01-29 10:44:24,627 INFO reaped unknown pid 82484 (exit status 0)
2026-01-29 10:44:29,707 INFO reaped unknown pid 82491 (exit status 0)
2026-01-29 10:44:34,787 INFO reaped unknown pid 82498 (exit status 0)
2026-01-29 10:44:39,840 INFO reaped unknown pid 82505 (exit status 0)
2026-01-29 10:44:44,929 INFO reaped unknown pid 82512 (exit status 0)
2026-01-29 10:44:50,017 INFO reaped unknown pid 82519 (exit status 0)
2026-01-29 10:44:55,052 INFO reaped unknown pid 82526 (exit status 0)
2026-01-29 10:45:01,081 INFO reaped unknown pid 82533 (exit status 0)
2026-01-29 10:45:05,186 INFO reaped unknown pid 82544 (exit status 0)
2026-01-29 10:45:10,279 INFO reaped unknown pid 82551 (exit status 0)
2026-01-29 10:45:15,339 INFO reaped unknown pid 82558 (exit status 0)
2026-01-29 10:45:20,419 INFO reaped unknown pid 82565 (exit status 0)
2026-01-29 10:45:25,419 INFO reaped unknown pid 82572 (exit status 0)
2026-01-29 10:45:31,497 INFO reaped unknown pid 82579 (exit status 0)
2026-01-29 10:45:35,571 INFO reaped unknown pid 82586 (exit status 0)
2026-01-29 10:45:40,650 INFO reaped unknown pid 82593 (exit status 0)
2026-01-29 10:45:45,698 INFO reaped unknown pid 82600 (exit status 0)
2026-01-29 10:45:50,798 INFO reaped unknown pid 82607 (exit status 0)
2026-01-29 10:45:55,905 INFO reaped unknown pid 82614 (exit status 0)
2026-01-29 10:46:01,077 INFO reaped unknown pid 82621 (exit status 0)
2026-01-29 10:46:04,553 INFO reaped unknown pid 82632 (exit status 0)
2026-01-29 10:46:09,625 INFO reaped unknown pid 82639 (exit status 0)
2026-01-29 10:46:14,718 INFO reaped unknown pid 82646 (exit status 0)
2026-01-29 10:46:19,770 INFO reaped unknown pid 82653 (exit status 0)
2026-01-29 10:46:24,833 INFO reaped unknown pid 82660 (exit status 0)
2026-01-29 10:46:29,853 INFO reaped unknown pid 82667 (exit status 0)
2026-01-29 10:46:34,876 INFO reaped unknown pid 82674 (exit status 0)
2026-01-29 10:46:39,946 INFO reaped unknown pid 82681 (exit status 0)
2026-01-29 10:46:45,000 INFO reaped unknown pid 82688 (exit status 0)
2026-01-29 10:46:50,010 INFO reaped unknown pid 82695 (exit status 0)
2026-01-29 10:46:55,058 INFO reaped unknown pid 82702 (exit status 0)
2026-01-29 10:47:00,055 INFO reaped unknown pid 82709 (exit status 0)
2026-01-29 10:47:04,502 INFO reaped unknown pid 82720 (exit status 0)
2026-01-29 10:47:09,583 INFO reaped unknown pid 82727 (exit status 0)
2026-01-29 10:47:14,688 INFO reaped unknown pid 82734 (exit status 0)
2026-01-29 10:47:19,767 INFO reaped unknown pid 82741 (exit status 0)
2026-01-29 10:47:24,782 INFO reaped unknown pid 82748 (exit status 0)
2026-01-29 10:47:29,890 INFO reaped unknown pid 82755 (exit status 0)
2026-01-29 10:47:34,962 INFO reaped unknown pid 82762 (exit status 0)
2026-01-29 10:47:40,063 INFO reaped unknown pid 82769 (exit status 0)
2026-01-29 10:47:45,142 INFO reaped unknown pid 82776 (exit status 0)
2026-01-29 10:47:50,218 INFO reaped unknown pid 82783 (exit status 0)
2026-01-29 10:47:55,243 INFO reaped unknown pid 82790 (exit status 0)
2026-01-29 10:48:00,041 INFO reaped unknown pid 82797 (exit status 0)
2026-01-29 10:48:04,399 INFO reaped unknown pid 82808 (exit status 0)
2026-01-29 10:48:09,470 INFO reaped unknown pid 82815 (exit status 0)
2026-01-29 10:48:14,469 INFO reaped unknown pid 82822 (exit status 0)
2026-01-29 10:48:19,532 INFO reaped unknown pid 82829 (exit status 0)
2026-01-29 10:48:24,604 INFO reaped unknown pid 82836 (exit status 0)
2026-01-29 10:48:29,681 INFO reaped unknown pid 82843 (exit status 0)
2026-01-29 10:48:34,796 INFO reaped unknown pid 82850 (exit status 0)
2026-01-29 10:48:39,869 INFO reaped unknown pid 82857 (exit status 0)
2026-01-29 10:48:44,891 INFO reaped unknown pid 82864 (exit status 0)
2026-01-29 10:48:49,951 INFO reaped unknown pid 82871 (exit status 0)
2026-01-29 10:48:55,008 INFO reaped unknown pid 82878 (exit status 0)
2026-01-29 10:49:00,059 INFO reaped unknown pid 82885 (exit status 0)
2026-01-29 10:49:04,519 INFO reaped unknown pid 82896 (exit status 0)
2026-01-29 10:49:09,590 INFO reaped unknown pid 82903 (exit status 0)
2026-01-29 10:49:14,676 INFO reaped unknown pid 82910 (exit status 0)
2026-01-29 10:49:19,733 INFO reaped unknown pid 82917 (exit status 0)
2026-01-29 10:49:24,804 INFO reaped unknown pid 82924 (exit status 0)
2026-01-29 10:49:29,853 INFO reaped unknown pid 82931 (exit status 0)
2026-01-29 10:49:34,932 INFO reaped unknown pid 82938 (exit status 0)
2026-01-29 10:49:40,015 INFO reaped unknown pid 82945 (exit status 0)
2026-01-29 10:49:45,012 INFO reaped unknown pid 82952 (exit status 0)
2026-01-29 10:49:50,101 INFO reaped unknown pid 82959 (exit status 0)
2026-01-29 10:49:55,206 INFO reaped unknown pid 82966 (exit status 0)
2026-01-29 10:50:01,020 INFO reaped unknown pid 82973 (exit status 0)
2026-01-29 10:50:04,416 INFO reaped unknown pid 82984 (exit status 0)
2026-01-29 10:50:09,497 INFO reaped unknown pid 82991 (exit status 0)
2026-01-29 10:50:14,584 INFO reaped unknown pid 82998 (exit status 0)
2026-01-29 10:50:19,631 INFO reaped unknown pid 83005 (exit status 0)
2026-01-29 10:50:24,659 INFO reaped unknown pid 83012 (exit status 0)
2026-01-29 10:50:29,731 INFO reaped unknown pid 83019 (exit status 0)
2026-01-29 10:50:35,744 INFO reaped unknown pid 83026 (exit status 0)
2026-01-29 10:50:39,743 INFO reaped unknown pid 83033 (exit status 0)
2026-01-29 10:50:44,829 INFO reaped unknown pid 83040 (exit status 0)
2026-01-29 10:50:49,878 INFO reaped unknown pid 83047 (exit status 0)
2026-01-29 10:50:54,913 INFO reaped unknown pid 83054 (exit status 0)
2026-01-29 10:50:59,992 INFO reaped unknown pid 83061 (exit status 0)
2026-01-29 10:51:04,462 INFO reaped unknown pid 83072 (exit status 0)
2026-01-29 10:51:09,462 INFO reaped unknown pid 83079 (exit status 0)
2026-01-29 10:51:14,566 INFO reaped unknown pid 83086 (exit status 0)
2026-01-29 10:51:19,572 INFO reaped unknown pid 83093 (exit status 0)
2026-01-29 10:51:24,594 INFO reaped unknown pid 83100 (exit status 0)
2026-01-29 10:51:29,691 INFO reaped unknown pid 83107 (exit status 0)
2026-01-29 10:51:34,708 INFO reaped unknown pid 83114 (exit status 0)
2026-01-29 10:51:39,797 INFO reaped unknown pid 83121 (exit status 0)
2026-01-29 10:51:44,898 INFO reaped unknown pid 83128 (exit status 0)
2026-01-29 10:51:49,980 INFO reaped unknown pid 83135 (exit status 0)
2026-01-29 10:51:54,993 INFO reaped unknown pid 83142 (exit status 0)
2026-01-29 10:52:00,036 INFO reaped unknown pid 83149 (exit status 0)
2026-01-29 10:52:04,504 INFO reaped unknown pid 83160 (exit status 0)
2026-01-29 10:52:09,501 INFO reaped unknown pid 83167 (exit status 0)
2026-01-29 10:52:14,513 INFO reaped unknown pid 83174 (exit status 0)
2026-01-29 10:52:19,569 INFO reaped unknown pid 83181 (exit status 0)
2026-01-29 10:52:24,656 INFO reaped unknown pid 83188 (exit status 0)
2026-01-29 10:52:29,659 INFO reaped unknown pid 83195 (exit status 0)
2026-01-29 10:52:34,756 INFO reaped unknown pid 83202 (exit status 0)
2026-01-29 10:52:39,835 INFO reaped unknown pid 83209 (exit status 0)
2026-01-29 10:52:44,912 INFO reaped unknown pid 83216 (exit status 0)
2026-01-29 10:52:49,989 INFO reaped unknown pid 83223 (exit status 0)
2026-01-29 10:52:55,071 INFO reaped unknown pid 83230 (exit status 0)
2026-01-29 10:53:00,051 INFO reaped unknown pid 83237 (exit status 0)
2026-01-29 10:53:04,429 INFO reaped unknown pid 83248 (exit status 0)
2026-01-29 10:53:09,517 INFO reaped unknown pid 83255 (exit status 0)
2026-01-29 10:53:14,598 INFO reaped unknown pid 83262 (exit status 0)
2026-01-29 10:53:19,651 INFO reaped unknown pid 83269 (exit status 0)
2026-01-29 10:53:24,686 INFO reaped unknown pid 83276 (exit status 0)
2026-01-29 10:53:29,774 INFO reaped unknown pid 83283 (exit status 0)
2026-01-29 10:53:34,866 INFO reaped unknown pid 83290 (exit status 0)
2026-01-29 10:53:39,965 INFO reaped unknown pid 83297 (exit status 0)
2026-01-29 10:53:45,008 INFO reaped unknown pid 83304 (exit status 0)
2026-01-29 10:53:50,086 INFO reaped unknown pid 83311 (exit status 0)
2026-01-29 10:53:55,105 INFO reaped unknown pid 83318 (exit status 0)
2026-01-29 10:54:00,058 INFO reaped unknown pid 83325 (exit status 0)
2026-01-29 10:54:04,442 INFO reaped unknown pid 83336 (exit status 0)
2026-01-29 10:54:09,511 INFO reaped unknown pid 83343 (exit status 0)
2026-01-29 10:54:14,576 INFO reaped unknown pid 83350 (exit status 0)
2026-01-29 10:54:19,591 INFO reaped unknown pid 83357 (exit status 0)
2026-01-29 10:54:24,677 INFO reaped unknown pid 83364 (exit status 0)
2026-01-29 10:54:29,757 INFO reaped unknown pid 83371 (exit status 0)
2026-01-29 10:54:34,768 INFO reaped unknown pid 83378 (exit status 0)
2026-01-29 10:54:39,813 INFO reaped unknown pid 83385 (exit status 0)
2026-01-29 10:54:44,902 INFO reaped unknown pid 83392 (exit status 0)
2026-01-29 10:54:49,976 INFO reaped unknown pid 83399 (exit status 0)
2026-01-29 10:54:55,007 INFO reaped unknown pid 83406 (exit status 0)
2026-01-29 10:55:01,045 INFO reaped unknown pid 83413 (exit status 0)
2026-01-29 10:55:04,393 INFO reaped unknown pid 83424 (exit status 0)
2026-01-29 10:55:09,492 INFO reaped unknown pid 83431 (exit status 0)
2026-01-29 10:55:14,575 INFO reaped unknown pid 83438 (exit status 0)
2026-01-29 10:55:19,627 INFO reaped unknown pid 83445 (exit status 0)
2026-01-29 10:55:24,706 INFO reaped unknown pid 83452 (exit status 0)
2026-01-29 10:55:29,758 INFO reaped unknown pid 83459 (exit status 0)
2026-01-29 10:55:35,850 INFO reaped unknown pid 83466 (exit status 0)
2026-01-29 10:55:39,869 INFO reaped unknown pid 83473 (exit status 0)
2026-01-29 10:55:44,932 INFO reaped unknown pid 83480 (exit status 0)
2026-01-29 10:55:49,938 INFO reaped unknown pid 83487 (exit status 0)
2026-01-29 10:55:55,016 INFO reaped unknown pid 83494 (exit status 0)
2026-01-29 10:56:00,062 INFO reaped unknown pid 83501 (exit status 0)
2026-01-29 10:56:04,530 INFO reaped unknown pid 83512 (exit status 0)
2026-01-29 10:56:09,543 INFO reaped unknown pid 83519 (exit status 0)
2026-01-29 10:56:14,558 INFO reaped unknown pid 83526 (exit status 0)
2026-01-29 10:56:19,592 INFO reaped unknown pid 83533 (exit status 0)
2026-01-29 10:56:24,641 INFO reaped unknown pid 83540 (exit status 0)
2026-01-29 10:56:29,713 INFO reaped unknown pid 83547 (exit status 0)
2026-01-29 10:56:34,788 INFO reaped unknown pid 83554 (exit status 0)
2026-01-29 10:56:39,874 INFO reaped unknown pid 83561 (exit status 0)
2026-01-29 10:56:44,977 INFO reaped unknown pid 83568 (exit status 0)
2026-01-29 10:56:50,057 INFO reaped unknown pid 83575 (exit status 0)
2026-01-29 10:56:55,155 INFO reaped unknown pid 83582 (exit status 0)
2026-01-29 10:57:00,075 INFO reaped unknown pid 83589 (exit status 0)
2026-01-29 10:57:04,486 INFO reaped unknown pid 83600 (exit status 0)
2026-01-29 10:57:09,539 INFO reaped unknown pid 83607 (exit status 0)
2026-01-29 10:57:14,609 INFO reaped unknown pid 83614 (exit status 0)
2026-01-29 10:57:19,628 INFO reaped unknown pid 83621 (exit status 0)
2026-01-29 10:57:25,726 INFO reaped unknown pid 83628 (exit status 0)
2026-01-29 10:57:29,826 INFO reaped unknown pid 83635 (exit status 0)
2026-01-29 10:57:34,867 INFO reaped unknown pid 83642 (exit status 0)
2026-01-29 10:57:39,870 INFO reaped unknown pid 83649 (exit status 0)
2026-01-29 10:57:44,900 INFO reaped unknown pid 83656 (exit status 0)
2026-01-29 10:57:49,985 INFO reaped unknown pid 83663 (exit status 0)
2026-01-29 10:57:55,003 INFO reaped unknown pid 83670 (exit status 0)
2026-01-29 10:58:00,024 INFO reaped unknown pid 83677 (exit status 0)
2026-01-29 10:58:04,544 INFO reaped unknown pid 83688 (exit status 0)
2026-01-29 10:58:09,535 INFO reaped unknown pid 83695 (exit status 0)
2026-01-29 10:58:14,550 INFO reaped unknown pid 83702 (exit status 0)
2026-01-29 10:58:19,625 INFO reaped unknown pid 83709 (exit status 0)
2026-01-29 10:58:24,732 INFO reaped unknown pid 83716 (exit status 0)
2026-01-29 10:58:29,834 INFO reaped unknown pid 83723 (exit status 0)
2026-01-29 10:58:34,857 INFO reaped unknown pid 83730 (exit status 0)
2026-01-29 10:58:39,912 INFO reaped unknown pid 83737 (exit status 0)
2026-01-29 10:58:44,940 INFO reaped unknown pid 83744 (exit status 0)
2026-01-29 10:58:50,016 INFO reaped unknown pid 83751 (exit status 0)
2026-01-29 10:58:55,120 INFO reaped unknown pid 83758 (exit status 0)
2026-01-29 10:59:00,051 INFO reaped unknown pid 83765 (exit status 0)
2026-01-29 10:59:04,466 INFO reaped unknown pid 83776 (exit status 0)
2026-01-29 10:59:09,554 INFO reaped unknown pid 83783 (exit status 0)
2026-01-29 10:59:14,586 INFO reaped unknown pid 83790 (exit status 0)
2026-01-29 10:59:19,671 INFO reaped unknown pid 83797 (exit status 0)
2026-01-29 10:59:24,753 INFO reaped unknown pid 83804 (exit status 0)
2026-01-29 10:59:29,751 INFO reaped unknown pid 83811 (exit status 0)
2026-01-29 10:59:34,812 INFO reaped unknown pid 83818 (exit status 0)
2026-01-29 10:59:39,902 INFO reaped unknown pid 83825 (exit status 0)
2026-01-29 10:59:44,910 INFO reaped unknown pid 83832 (exit status 0)
2026-01-29 10:59:50,002 INFO reaped unknown pid 83839 (exit status 0)
2026-01-29 10:59:55,011 INFO reaped unknown pid 83846 (exit status 0)
2026-01-29 11:00:00,048 INFO reaped unknown pid 83853 (exit status 0)
2026-01-29 11:00:05,445 INFO reaped unknown pid 83864 (exit status 0)
2026-01-29 11:00:10,534 INFO reaped unknown pid 83871 (exit status 0)
2026-01-29 11:00:15,547 INFO reaped unknown pid 83878 (exit status 0)
2026-01-29 11:00:20,612 INFO reaped unknown pid 83885 (exit status 0)
2026-01-29 11:00:25,660 INFO reaped unknown pid 83892 (exit status 0)
2026-01-29 11:00:30,719 INFO reaped unknown pid 83899 (exit status 0)
2026-01-29 11:00:36,714 INFO reaped unknown pid 83906 (exit status 0)
2026-01-29 11:00:40,735 INFO reaped unknown pid 83913 (exit status 0)
2026-01-29 11:00:45,765 INFO reaped unknown pid 83920 (exit status 0)
2026-01-29 11:00:50,843 INFO reaped unknown pid 83927 (exit status 0)
2026-01-29 11:00:55,842 INFO reaped unknown pid 83934 (exit status 0)
2026-01-29 11:01:01,023 INFO reaped unknown pid 83941 (exit status 0)
2026-01-29 11:01:04,435 INFO reaped unknown pid 83952 (exit status 0)
2026-01-29 11:01:09,531 INFO reaped unknown pid 83959 (exit status 0)
2026-01-29 11:01:14,598 INFO reaped unknown pid 83966 (exit status 0)
2026-01-29 11:01:19,652 INFO reaped unknown pid 83973 (exit status 0)
2026-01-29 11:01:24,681 INFO reaped unknown pid 83980 (exit status 0)
2026-01-29 11:01:29,762 INFO reaped unknown pid 83987 (exit status 0)
2026-01-29 11:01:34,854 INFO reaped unknown pid 83994 (exit status 0)
2026-01-29 11:01:39,953 INFO reaped unknown pid 84001 (exit status 0)
2026-01-29 11:01:45,028 INFO reaped unknown pid 84008 (exit status 0)
2026-01-29 11:01:50,077 INFO reaped unknown pid 84015 (exit status 0)
2026-01-29 11:01:55,100 INFO reaped unknown pid 84022 (exit status 0)
2026-01-29 11:02:00,043 INFO reaped unknown pid 84029 (exit status 0)
2026-01-29 11:02:04,467 INFO reaped unknown pid 84040 (exit status 0)
2026-01-29 11:02:09,469 INFO reaped unknown pid 84047 (exit status 0)
2026-01-29 11:02:14,541 INFO reaped unknown pid 84054 (exit status 0)
2026-01-29 11:02:19,583 INFO reaped unknown pid 84061 (exit status 0)
2026-01-29 11:02:24,662 INFO reaped unknown pid 84068 (exit status 0)
2026-01-29 11:02:29,725 INFO reaped unknown pid 84075 (exit status 0)
2026-01-29 11:02:34,837 INFO reaped unknown pid 84082 (exit status 0)
2026-01-29 11:02:39,930 INFO reaped unknown pid 84089 (exit status 0)
2026-01-29 11:02:45,017 INFO reaped unknown pid 84096 (exit status 0)
2026-01-29 11:02:50,009 INFO reaped unknown pid 84103 (exit status 0)
2026-01-29 11:02:55,092 INFO reaped unknown pid 84110 (exit status 0)
2026-01-29 11:03:00,024 INFO reaped unknown pid 84117 (exit status 0)
2026-01-29 11:03:04,444 INFO reaped unknown pid 84128 (exit status 0)
2026-01-29 11:03:09,445 INFO reaped unknown pid 84135 (exit status 0)
2026-01-29 11:03:14,552 INFO reaped unknown pid 84142 (exit status 0)
2026-01-29 11:03:19,628 INFO reaped unknown pid 84149 (exit status 0)
2026-01-29 11:03:24,693 INFO reaped unknown pid 84156 (exit status 0)
2026-01-29 11:03:29,784 INFO reaped unknown pid 84163 (exit status 0)
2026-01-29 11:03:34,858 INFO reaped unknown pid 84170 (exit status 0)
2026-01-29 11:03:39,915 INFO reaped unknown pid 84177 (exit status 0)
2026-01-29 11:03:44,928 INFO reaped unknown pid 84184 (exit status 0)
2026-01-29 11:03:50,003 INFO reaped unknown pid 84191 (exit status 0)
2026-01-29 11:03:55,022 INFO reaped unknown pid 84198 (exit status 0)
2026-01-29 11:04:00,038 INFO reaped unknown pid 84205 (exit status 0)
2026-01-29 11:04:04,516 INFO reaped unknown pid 84216 (exit status 0)
2026-01-29 11:04:09,600 INFO reaped unknown pid 84223 (exit status 0)
2026-01-29 11:04:14,643 INFO reaped unknown pid 84230 (exit status 0)
2026-01-29 11:04:19,714 INFO reaped unknown pid 84237 (exit status 0)
2026-01-29 11:04:24,803 INFO reaped unknown pid 84244 (exit status 0)
2026-01-29 11:04:29,890 INFO reaped unknown pid 84251 (exit status 0)
2026-01-29 11:04:34,906 INFO reaped unknown pid 84258 (exit status 0)
2026-01-29 11:04:40,014 INFO reaped unknown pid 84265 (exit status 0)
2026-01-29 11:04:45,090 INFO reaped unknown pid 84272 (exit status 0)
2026-01-29 11:04:50,181 INFO reaped unknown pid 84279 (exit status 0)
2026-01-29 11:04:55,268 INFO reaped unknown pid 84286 (exit status 0)
2026-01-29 11:05:00,077 INFO reaped unknown pid 84293 (exit status 0)
2026-01-29 11:05:05,421 INFO reaped unknown pid 84304 (exit status 0)
2026-01-29 11:05:09,474 INFO reaped unknown pid 84311 (exit status 0)
2026-01-29 11:05:14,543 INFO reaped unknown pid 84318 (exit status 0)
2026-01-29 11:05:19,592 INFO reaped unknown pid 84325 (exit status 0)
2026-01-29 11:05:24,609 INFO reaped unknown pid 84332 (exit status 0)
2026-01-29 11:05:29,712 INFO reaped unknown pid 84339 (exit status 0)
2026-01-29 11:05:34,729 INFO reaped unknown pid 84346 (exit status 0)
2026-01-29 11:05:40,810 INFO reaped unknown pid 84353 (exit status 0)
2026-01-29 11:05:44,871 INFO reaped unknown pid 84360 (exit status 0)
2026-01-29 11:05:49,925 INFO reaped unknown pid 84367 (exit status 0)
2026-01-29 11:05:54,943 INFO reaped unknown pid 84374 (exit status 0)
2026-01-29 11:06:00,009 INFO reaped unknown pid 84381 (exit status 0)
2026-01-29 11:06:04,419 INFO reaped unknown pid 84392 (exit status 0)
2026-01-29 11:06:09,488 INFO reaped unknown pid 84399 (exit status 0)
2026-01-29 11:06:15,591 INFO reaped unknown pid 84406 (exit status 0)
2026-01-29 11:06:19,615 INFO reaped unknown pid 84413 (exit status 0)
2026-01-29 11:06:24,666 INFO reaped unknown pid 84420 (exit status 0)
2026-01-29 11:06:29,763 INFO reaped unknown pid 84427 (exit status 0)
2026-01-29 11:06:34,840 INFO reaped unknown pid 84434 (exit status 0)
2026-01-29 11:06:39,894 INFO reaped unknown pid 84441 (exit status 0)
2026-01-29 11:06:47,968 INFO reaped unknown pid 84448 (exit status 0)
2026-01-29 11:06:54,016 INFO reaped unknown pid 84455 (exit status 0)
2026-01-29 11:06:58,094 INFO reaped unknown pid 84462 (exit status 0)
2026-01-29 11:07:04,295 INFO reaped unknown pid 84473 (exit status 0)
2026-01-29 11:07:09,340 INFO reaped unknown pid 84480 (exit status 0)
2026-01-29 11:07:14,426 INFO reaped unknown pid 84487 (exit status 0)
2026-01-29 11:07:19,473 INFO reaped unknown pid 84494 (exit status 0)
2026-01-29 11:07:24,496 INFO reaped unknown pid 84501 (exit status 0)
2026-01-29 11:07:29,522 INFO reaped unknown pid 84508 (exit status 0)
2026-01-29 11:07:34,552 INFO reaped unknown pid 84515 (exit status 0)
2026-01-29 11:07:39,650 INFO reaped unknown pid 84522 (exit status 0)
2026-01-29 11:07:44,653 INFO reaped unknown pid 84529 (exit status 0)
2026-01-29 11:07:49,732 INFO reaped unknown pid 84536 (exit status 0)
2026-01-29 11:07:54,768 INFO reaped unknown pid 84543 (exit status 0)
2026-01-29 11:07:59,847 INFO reaped unknown pid 84550 (exit status 0)
2026-01-29 11:08:04,226 INFO reaped unknown pid 84561 (exit status 0)
2026-01-29 11:08:09,324 INFO reaped unknown pid 84568 (exit status 0)
2026-01-29 11:08:14,337 INFO reaped unknown pid 84575 (exit status 0)
2026-01-29 11:08:19,396 INFO reaped unknown pid 84582 (exit status 0)
2026-01-29 11:08:24,412 INFO reaped unknown pid 84589 (exit status 0)
2026-01-29 11:08:29,461 INFO reaped unknown pid 84596 (exit status 0)
2026-01-29 11:08:34,561 INFO reaped unknown pid 84603 (exit status 0)
2026-01-29 11:08:39,601 INFO reaped unknown pid 84610 (exit status 0)
2026-01-29 11:08:44,707 INFO reaped unknown pid 84617 (exit status 0)
2026-01-29 11:08:49,764 INFO reaped unknown pid 84624 (exit status 0)
2026-01-29 11:08:54,841 INFO reaped unknown pid 84631 (exit status 0)
2026-01-29 11:08:59,909 INFO reaped unknown pid 84638 (exit status 0)
2026-01-29 11:09:04,292 INFO reaped unknown pid 84649 (exit status 0)
2026-01-29 11:09:09,340 INFO reaped unknown pid 84656 (exit status 0)
2026-01-29 11:09:14,377 INFO reaped unknown pid 84663 (exit status 0)
2026-01-29 11:09:19,461 INFO reaped unknown pid 84670 (exit status 0)
2026-01-29 11:09:24,545 INFO reaped unknown pid 84677 (exit status 0)
2026-01-29 11:09:29,625 INFO reaped unknown pid 84684 (exit status 0)
2026-01-29 11:09:34,676 INFO reaped unknown pid 84691 (exit status 0)
2026-01-29 11:09:39,735 INFO reaped unknown pid 84698 (exit status 0)
2026-01-29 11:09:44,821 INFO reaped unknown pid 84705 (exit status 0)
2026-01-29 11:09:49,869 INFO reaped unknown pid 84712 (exit status 0)
2026-01-29 11:09:54,947 INFO reaped unknown pid 84719 (exit status 0)
2026-01-29 11:10:00,018 INFO reaped unknown pid 84726 (exit status 0)
2026-01-29 11:10:04,677 INFO reaped unknown pid 84737 (exit status 0)
2026-01-29 11:10:10,751 INFO reaped unknown pid 84744 (exit status 0)
2026-01-29 11:10:14,783 INFO reaped unknown pid 84751 (exit status 0)
2026-01-29 11:10:19,801 INFO reaped unknown pid 84758 (exit status 0)
2026-01-29 11:10:24,856 INFO reaped unknown pid 84765 (exit status 0)
2026-01-29 11:10:29,932 INFO reaped unknown pid 84772 (exit status 0)
2026-01-29 11:10:35,025 INFO reaped unknown pid 84779 (exit status 0)
2026-01-29 11:10:40,068 INFO reaped unknown pid 84786 (exit status 0)
2026-01-29 11:10:46,074 INFO reaped unknown pid 84793 (exit status 0)
2026-01-29 11:10:50,114 INFO reaped unknown pid 84800 (exit status 0)
2026-01-29 11:10:55,182 INFO reaped unknown pid 84807 (exit status 0)
2026-01-29 11:11:01,017 INFO reaped unknown pid 84814 (exit status 0)
2026-01-29 11:11:04,306 INFO reaped unknown pid 84825 (exit status 0)
2026-01-29 11:11:09,307 INFO reaped unknown pid 84832 (exit status 0)
2026-01-29 11:11:14,344 INFO reaped unknown pid 84839 (exit status 0)
2026-01-29 11:11:19,425 INFO reaped unknown pid 84846 (exit status 0)
2026-01-29 11:11:24,457 INFO reaped unknown pid 84853 (exit status 0)
2026-01-29 11:11:29,546 INFO reaped unknown pid 84860 (exit status 0)
2026-01-29 11:11:34,629 INFO reaped unknown pid 84867 (exit status 0)
2026-01-29 11:11:39,685 INFO reaped unknown pid 84874 (exit status 0)
2026-01-29 11:11:44,752 INFO reaped unknown pid 84881 (exit status 0)
2026-01-29 11:11:49,815 INFO reaped unknown pid 84888 (exit status 0)
2026-01-29 11:11:54,921 INFO reaped unknown pid 84895 (exit status 0)
2026-01-29 11:12:00,001 INFO reaped unknown pid 84902 (exit status 0)
2026-01-29 11:12:04,292 INFO reaped unknown pid 84913 (exit status 0)
2026-01-29 11:12:09,343 INFO reaped unknown pid 84920 (exit status 0)
2026-01-29 11:12:14,395 INFO reaped unknown pid 84927 (exit status 0)
2026-01-29 11:12:19,462 INFO reaped unknown pid 84934 (exit status 0)
2026-01-29 11:12:24,538 INFO reaped unknown pid 84941 (exit status 0)
2026-01-29 11:12:29,606 INFO reaped unknown pid 84948 (exit status 0)
2026-01-29 11:12:34,639 INFO reaped unknown pid 84955 (exit status 0)
2026-01-29 11:12:39,711 INFO reaped unknown pid 84962 (exit status 0)
2026-01-29 11:12:44,801 INFO reaped unknown pid 84969 (exit status 0)
2026-01-29 11:12:49,901 INFO reaped unknown pid 84976 (exit status 0)
2026-01-29 11:12:54,966 INFO reaped unknown pid 84983 (exit status 0)
2026-01-29 11:13:00,017 INFO reaped unknown pid 84990 (exit status 0)
2026-01-29 11:13:04,285 INFO reaped unknown pid 85001 (exit status 0)
2026-01-29 11:13:09,318 INFO reaped unknown pid 85008 (exit status 0)
2026-01-29 11:13:14,393 INFO reaped unknown pid 85015 (exit status 0)
2026-01-29 11:13:19,462 INFO reaped unknown pid 85022 (exit status 0)
2026-01-29 11:13:24,473 INFO reaped unknown pid 85029 (exit status 0)
2026-01-29 11:13:29,518 INFO reaped unknown pid 85036 (exit status 0)
2026-01-29 11:13:34,589 INFO reaped unknown pid 85043 (exit status 0)
2026-01-29 11:13:39,692 INFO reaped unknown pid 85050 (exit status 0)
2026-01-29 11:13:44,747 INFO reaped unknown pid 85057 (exit status 0)
2026-01-29 11:13:49,820 INFO reaped unknown pid 85064 (exit status 0)
2026-01-29 11:13:54,872 INFO reaped unknown pid 85071 (exit status 0)
2026-01-29 11:13:59,889 INFO reaped unknown pid 85078 (exit status 0)
2026-01-29 11:14:04,330 INFO reaped unknown pid 85089 (exit status 0)
2026-01-29 11:14:09,320 INFO reaped unknown pid 85096 (exit status 0)
2026-01-29 11:14:14,402 INFO reaped unknown pid 85103 (exit status 0)
2026-01-29 11:14:19,403 INFO reaped unknown pid 85110 (exit status 0)
2026-01-29 11:14:24,472 INFO reaped unknown pid 85117 (exit status 0)
2026-01-29 11:14:29,560 INFO reaped unknown pid 85124 (exit status 0)
2026-01-29 11:14:34,656 INFO reaped unknown pid 85131 (exit status 0)
2026-01-29 11:14:39,754 INFO reaped unknown pid 85138 (exit status 0)
2026-01-29 11:14:44,811 INFO reaped unknown pid 85145 (exit status 0)
2026-01-29 11:14:49,872 INFO reaped unknown pid 85152 (exit status 0)
2026-01-29 11:14:54,912 INFO reaped unknown pid 85159 (exit status 0)
2026-01-29 11:14:59,995 INFO reaped unknown pid 85166 (exit status 0)
2026-01-29 11:15:04,566 INFO reaped unknown pid 85177 (exit status 0)
2026-01-29 11:15:09,659 INFO reaped unknown pid 85184 (exit status 0)
2026-01-29 11:15:15,747 INFO reaped unknown pid 85191 (exit status 0)
2026-01-29 11:15:19,782 INFO reaped unknown pid 85198 (exit status 0)
2026-01-29 11:15:24,840 INFO reaped unknown pid 85205 (exit status 0)
2026-01-29 11:15:29,893 INFO reaped unknown pid 85212 (exit status 0)
2026-01-29 11:15:34,998 INFO reaped unknown pid 85219 (exit status 0)
2026-01-29 11:15:40,090 INFO reaped unknown pid 85226 (exit status 0)
2026-01-29 11:15:46,155 INFO reaped unknown pid 85233 (exit status 0)
2026-01-29 11:15:50,161 INFO reaped unknown pid 85240 (exit status 0)
2026-01-29 11:15:55,234 INFO reaped unknown pid 85247 (exit status 0)
2026-01-29 11:16:01,075 INFO reaped unknown pid 85254 (exit status 0)
2026-01-29 11:16:05,413 INFO reaped unknown pid 85265 (exit status 0)
2026-01-29 11:16:10,407 INFO reaped unknown pid 85272 (exit status 0)
2026-01-29 11:16:15,411 INFO reaped unknown pid 85279 (exit status 0)
2026-01-29 11:16:20,474 INFO reaped unknown pid 85286 (exit status 0)
2026-01-29 11:16:25,480 INFO reaped unknown pid 85293 (exit status 0)
2026-01-29 11:16:30,526 INFO reaped unknown pid 85300 (exit status 0)
2026-01-29 11:16:35,557 INFO reaped unknown pid 85307 (exit status 0)
2026-01-29 11:16:40,610 INFO reaped unknown pid 85314 (exit status 0)
2026-01-29 11:16:45,628 INFO reaped unknown pid 85321 (exit status 0)
2026-01-29 11:16:50,713 INFO reaped unknown pid 85328 (exit status 0)
2026-01-29 11:16:55,764 INFO reaped unknown pid 85335 (exit status 0)
2026-01-29 11:17:01,058 INFO reaped unknown pid 85342 (exit status 0)
2026-01-29 11:17:04,307 INFO reaped unknown pid 85353 (exit status 0)
2026-01-29 11:17:09,320 INFO reaped unknown pid 85360 (exit status 0)
2026-01-29 11:17:14,399 INFO reaped unknown pid 85367 (exit status 0)
2026-01-29 11:17:19,465 INFO reaped unknown pid 85374 (exit status 0)
2026-01-29 11:17:24,488 INFO reaped unknown pid 85381 (exit status 0)
2026-01-29 11:17:29,571 INFO reaped unknown pid 85388 (exit status 0)
2026-01-29 11:17:34,624 INFO reaped unknown pid 85395 (exit status 0)
2026-01-29 11:17:39,660 INFO reaped unknown pid 85402 (exit status 0)
2026-01-29 11:17:44,715 INFO reaped unknown pid 85409 (exit status 0)
2026-01-29 11:17:49,721 INFO reaped unknown pid 85416 (exit status 0)
2026-01-29 11:17:54,754 INFO reaped unknown pid 85423 (exit status 0)
2026-01-29 11:17:59,838 INFO reaped unknown pid 85430 (exit status 0)
2026-01-29 11:18:04,334 INFO reaped unknown pid 85441 (exit status 0)
2026-01-29 11:18:09,394 INFO reaped unknown pid 85448 (exit status 0)
2026-01-29 11:18:14,536 INFO reaped unknown pid 85455 (exit status 0)
2026-01-29 11:18:19,673 INFO reaped unknown pid 85462 (exit status 0)
2026-01-29 11:18:24,680 INFO reaped unknown pid 85469 (exit status 0)
2026-01-29 11:18:29,768 INFO reaped unknown pid 85476 (exit status 0)
2026-01-29 11:18:34,874 INFO reaped unknown pid 85483 (exit status 0)
2026-01-29 11:18:39,936 INFO reaped unknown pid 85490 (exit status 0)
2026-01-29 11:18:45,018 INFO reaped unknown pid 85497 (exit status 0)
2026-01-29 11:21:58,844 INFO reaped unknown pid 85508 (exit status 0)
2026-01-29 11:22:03,875 INFO reaped unknown pid 85519 (exit status 0)
2026-01-29 11:22:08,948 INFO reaped unknown pid 85526 (exit status 0)
2026-01-29 11:22:14,008 INFO reaped unknown pid 85533 (exit status 0)
2026-01-29 11:22:19,122 INFO reaped unknown pid 85540 (exit status 0)
2026-01-29 11:47:43,644 INFO reaped unknown pid 85547 (exit status 0)
2026-01-29 11:47:49,796 INFO reaped unknown pid 85558 (exit status 0)
2026-01-29 11:47:55,845 INFO reaped unknown pid 85565 (exit status 0)
2026-01-29 11:47:59,938 INFO reaped unknown pid 85572 (exit status 0)
2026-01-29 11:48:03,877 INFO reaped unknown pid 85583 (exit status 0)
2026-01-29 11:48:08,940 INFO reaped unknown pid 85590 (exit status 0)
2026-01-29 11:48:14,021 INFO reaped unknown pid 85597 (exit status 0)
2026-01-29 11:48:19,064 INFO reaped unknown pid 85604 (exit status 0)
2026-01-29 11:48:24,069 INFO reaped unknown pid 85611 (exit status 0)
2026-01-29 11:48:38,406 INFO reaped unknown pid 85618 (exit status 0)
2026-01-29 12:07:51,608 INFO reaped unknown pid 85625 (exit status 0)
2026-01-29 12:07:52,610 INFO reaped unknown pid 85636 (exit status 0)
2026-01-29 12:07:57,607 INFO reaped unknown pid 85643 (exit status 0)
2026-01-29 12:08:05,852 INFO reaped unknown pid 85654 (exit status 0)
2026-01-29 12:08:09,897 INFO reaped unknown pid 85661 (exit status 0)
2026-01-29 12:08:15,962 INFO reaped unknown pid 85668 (exit status 0)
2026-01-29 12:08:20,037 INFO reaped unknown pid 85675 (exit status 0)
2026-01-29 12:08:27,085 INFO reaped unknown pid 85682 (exit status 0)
2026-01-29 12:08:30,135 INFO reaped unknown pid 85689 (exit status 0)
2026-01-29 12:08:36,189 INFO reaped unknown pid 85696 (exit status 0)
2026-01-29 12:08:40,170 INFO reaped unknown pid 85703 (exit status 0)
2026-01-29 12:08:46,246 INFO reaped unknown pid 85710 (exit status 0)
2026-01-29 12:08:50,256 INFO reaped unknown pid 85717 (exit status 0)
2026-01-29 12:08:55,334 INFO reaped unknown pid 85724 (exit status 0)
2026-01-29 12:09:00,063 INFO reaped unknown pid 85731 (exit status 0)
2026-01-29 12:09:03,842 INFO reaped unknown pid 85742 (exit status 0)
2026-01-29 12:09:08,915 INFO reaped unknown pid 85749 (exit status 0)
2026-01-29 12:09:14,002 INFO reaped unknown pid 85756 (exit status 0)
2026-01-29 12:09:19,072 INFO reaped unknown pid 85763 (exit status 0)
2026-01-29 12:09:24,101 INFO reaped unknown pid 85770 (exit status 0)
2026-01-29 12:09:29,164 INFO reaped unknown pid 85777 (exit status 0)
2026-01-29 12:09:34,217 INFO reaped unknown pid 85784 (exit status 0)
2026-01-29 12:09:39,326 INFO reaped unknown pid 85791 (exit status 0)
2026-01-29 12:09:44,353 INFO reaped unknown pid 85798 (exit status 0)
2026-01-29 12:09:49,410 INFO reaped unknown pid 85805 (exit status 0)
2026-01-29 12:09:54,452 INFO reaped unknown pid 85812 (exit status 0)
2026-01-29 12:09:59,532 INFO reaped unknown pid 85819 (exit status 0)
2026-01-29 12:10:03,703 INFO reaped unknown pid 85830 (exit status 0)
2026-01-29 12:10:08,753 INFO reaped unknown pid 85837 (exit status 0)
2026-01-29 12:10:13,806 INFO reaped unknown pid 85844 (exit status 0)
2026-01-29 12:10:18,883 INFO reaped unknown pid 85851 (exit status 0)
2026-01-29 12:10:23,953 INFO reaped unknown pid 85858 (exit status 0)
2026-01-29 12:10:29,058 INFO reaped unknown pid 85865 (exit status 0)
2026-01-29 12:10:34,094 INFO reaped unknown pid 85872 (exit status 0)
2026-01-29 12:10:39,127 INFO reaped unknown pid 85879 (exit status 0)
2026-01-29 12:10:44,191 INFO reaped unknown pid 85886 (exit status 0)
2026-01-29 12:10:49,290 INFO reaped unknown pid 85893 (exit status 0)
2026-01-29 12:10:54,332 INFO reaped unknown pid 85900 (exit status 0)
2026-01-29 12:10:59,350 INFO reaped unknown pid 85907 (exit status 0)
2026-01-29 12:11:03,726 INFO reaped unknown pid 85918 (exit status 0)
2026-01-29 12:11:08,811 INFO reaped unknown pid 85925 (exit status 0)
2026-01-29 12:11:13,858 INFO reaped unknown pid 85932 (exit status 0)
2026-01-29 12:11:18,910 INFO reaped unknown pid 85939 (exit status 0)
2026-01-29 12:11:23,943 INFO reaped unknown pid 85946 (exit status 0)
2026-01-29 12:11:28,981 INFO reaped unknown pid 85953 (exit status 0)
2026-01-29 12:11:34,053 INFO reaped unknown pid 85960 (exit status 0)
2026-01-29 12:11:39,127 INFO reaped unknown pid 85967 (exit status 0)
2026-01-29 12:11:44,147 INFO reaped unknown pid 85974 (exit status 0)
2026-01-29 12:11:49,193 INFO reaped unknown pid 85981 (exit status 0)
2026-01-29 12:11:54,218 INFO reaped unknown pid 85988 (exit status 0)
2026-01-29 12:11:59,255 INFO reaped unknown pid 85995 (exit status 0)
2026-01-29 12:12:03,718 INFO reaped unknown pid 86006 (exit status 0)
2026-01-29 12:12:08,823 INFO reaped unknown pid 86013 (exit status 0)
2026-01-29 12:12:13,878 INFO reaped unknown pid 86020 (exit status 0)
2026-01-29 12:12:18,926 INFO reaped unknown pid 86027 (exit status 0)
2026-01-29 12:12:23,964 INFO reaped unknown pid 86034 (exit status 0)
2026-01-29 12:12:31,100 INFO reaped unknown pid 86041 (exit status 0)
2026-01-29 12:12:34,083 INFO reaped unknown pid 86048 (exit status 0)
2026-01-29 12:12:39,089 INFO reaped unknown pid 86055 (exit status 0)
2026-01-29 12:12:44,179 INFO reaped unknown pid 86062 (exit status 0)
2026-01-29 12:12:50,248 INFO reaped unknown pid 86069 (exit status 0)
2026-01-29 12:12:54,303 INFO reaped unknown pid 86076 (exit status 0)
2026-01-29 12:12:59,351 INFO reaped unknown pid 86083 (exit status 0)
2026-01-29 12:13:07,695 INFO reaped unknown pid 86094 (exit status 0)
2026-01-29 12:13:10,627 INFO reaped unknown pid 86101 (exit status 0)
2026-01-29 12:13:16,718 INFO reaped unknown pid 86108 (exit status 0)
2026-01-29 12:13:20,743 INFO reaped unknown pid 86115 (exit status 0)
2026-01-29 12:13:25,763 INFO reaped unknown pid 86122 (exit status 0)
2026-01-29 12:13:30,796 INFO reaped unknown pid 86129 (exit status 0)
2026-01-29 12:13:35,852 INFO reaped unknown pid 86136 (exit status 0)
2026-01-29 12:13:40,909 INFO reaped unknown pid 86143 (exit status 0)
2026-01-29 12:13:45,911 INFO reaped unknown pid 86150 (exit status 0)
2026-01-29 12:13:51,022 INFO reaped unknown pid 86157 (exit status 0)
2026-01-29 12:13:56,062 INFO reaped unknown pid 86164 (exit status 0)
2026-01-29 12:14:01,101 INFO reaped unknown pid 86171 (exit status 0)
2026-01-29 12:14:03,858 INFO reaped unknown pid 86182 (exit status 0)
2026-01-29 12:14:08,956 INFO reaped unknown pid 86189 (exit status 0)
2026-01-29 12:14:14,014 INFO reaped unknown pid 86196 (exit status 0)
2026-01-29 12:14:19,037 INFO reaped unknown pid 86203 (exit status 0)
2026-01-29 12:14:24,099 INFO reaped unknown pid 86210 (exit status 0)
2026-01-29 12:14:29,142 INFO reaped unknown pid 86217 (exit status 0)
2026-01-29 12:14:34,213 INFO reaped unknown pid 86224 (exit status 0)
2026-01-29 12:14:39,321 INFO reaped unknown pid 86231 (exit status 0)
2026-01-29 12:14:44,381 INFO reaped unknown pid 86238 (exit status 0)
2026-01-29 12:14:49,359 INFO reaped unknown pid 86245 (exit status 0)
2026-01-29 12:14:54,416 INFO reaped unknown pid 86252 (exit status 0)
2026-01-29 12:14:59,524 INFO reaped unknown pid 86259 (exit status 0)
2026-01-29 12:15:03,742 INFO reaped unknown pid 86270 (exit status 0)
2026-01-29 12:15:08,825 INFO reaped unknown pid 86277 (exit status 0)
2026-01-29 12:15:13,875 INFO reaped unknown pid 86284 (exit status 0)
2026-01-29 12:15:18,890 INFO reaped unknown pid 86291 (exit status 0)
2026-01-29 12:15:23,940 INFO reaped unknown pid 86298 (exit status 0)
2026-01-29 12:15:28,998 INFO reaped unknown pid 86305 (exit status 0)
2026-01-29 12:15:34,078 INFO reaped unknown pid 86312 (exit status 0)
2026-01-29 12:15:39,153 INFO reaped unknown pid 86319 (exit status 0)
2026-01-29 12:15:44,175 INFO reaped unknown pid 86326 (exit status 0)
2026-01-29 12:15:49,276 INFO reaped unknown pid 86333 (exit status 0)
2026-01-29 12:15:54,319 INFO reaped unknown pid 86340 (exit status 0)
2026-01-29 12:15:59,417 INFO reaped unknown pid 86347 (exit status 0)
2026-01-29 12:16:03,709 INFO reaped unknown pid 86358 (exit status 0)
2026-01-29 12:16:08,789 INFO reaped unknown pid 86365 (exit status 0)
2026-01-29 12:16:13,855 INFO reaped unknown pid 86372 (exit status 0)
2026-01-29 12:16:18,913 INFO reaped unknown pid 86379 (exit status 0)
2026-01-29 12:16:23,927 INFO reaped unknown pid 86386 (exit status 0)
2026-01-29 12:16:29,019 INFO reaped unknown pid 86393 (exit status 0)
2026-01-29 12:16:34,075 INFO reaped unknown pid 86400 (exit status 0)
2026-01-29 12:16:39,134 INFO reaped unknown pid 86407 (exit status 0)
2026-01-29 12:16:44,189 INFO reaped unknown pid 86414 (exit status 0)
2026-01-29 12:16:49,275 INFO reaped unknown pid 86421 (exit status 0)
2026-01-29 12:16:54,338 INFO reaped unknown pid 86428 (exit status 0)
2026-01-29 12:16:59,395 INFO reaped unknown pid 86435 (exit status 0)
2026-01-29 12:17:03,773 INFO reaped unknown pid 86446 (exit status 0)
2026-01-29 12:17:08,810 INFO reaped unknown pid 86453 (exit status 0)
2026-01-29 12:17:13,880 INFO reaped unknown pid 86460 (exit status 0)
2026-01-29 12:17:18,928 INFO reaped unknown pid 86467 (exit status 0)
2026-01-29 12:17:23,981 INFO reaped unknown pid 86474 (exit status 0)
2026-01-29 12:17:29,091 INFO reaped unknown pid 86481 (exit status 0)
2026-01-29 12:17:34,189 INFO reaped unknown pid 86488 (exit status 0)
2026-01-29 12:17:39,228 INFO reaped unknown pid 86495 (exit status 0)
2026-01-29 12:17:44,322 INFO reaped unknown pid 86502 (exit status 0)
2026-01-29 12:17:50,416 INFO reaped unknown pid 86509 (exit status 0)
2026-01-29 12:17:54,453 INFO reaped unknown pid 86516 (exit status 0)
2026-01-29 12:17:59,544 INFO reaped unknown pid 86523 (exit status 0)
2026-01-29 12:18:03,795 INFO reaped unknown pid 86534 (exit status 0)
2026-01-29 12:18:08,868 INFO reaped unknown pid 86541 (exit status 0)
2026-01-29 12:18:13,940 INFO reaped unknown pid 86548 (exit status 0)
2026-01-29 12:18:19,039 INFO reaped unknown pid 86555 (exit status 0)
2026-01-29 12:18:24,046 INFO reaped unknown pid 86562 (exit status 0)
2026-01-29 12:18:29,082 INFO reaped unknown pid 86569 (exit status 0)
2026-01-29 12:18:34,152 INFO reaped unknown pid 86576 (exit status 0)
2026-01-29 12:18:39,161 INFO reaped unknown pid 86583 (exit status 0)
2026-01-29 12:18:44,209 INFO reaped unknown pid 86590 (exit status 0)
2026-01-29 12:18:49,281 INFO reaped unknown pid 86597 (exit status 0)
2026-01-29 12:18:54,329 INFO reaped unknown pid 86604 (exit status 0)
2026-01-29 12:18:59,397 INFO reaped unknown pid 86611 (exit status 0)
2026-01-29 12:19:03,872 INFO reaped unknown pid 86622 (exit status 0)
2026-01-29 12:19:08,884 INFO reaped unknown pid 86629 (exit status 0)
2026-01-29 12:19:13,894 INFO reaped unknown pid 86636 (exit status 0)
2026-01-29 12:19:18,930 INFO reaped unknown pid 86643 (exit status 0)
2026-01-29 12:19:24,015 INFO reaped unknown pid 86650 (exit status 0)
2026-01-29 12:19:29,111 INFO reaped unknown pid 86657 (exit status 0)
2026-01-29 12:19:34,119 INFO reaped unknown pid 86664 (exit status 0)
2026-01-29 12:19:39,199 INFO reaped unknown pid 86671 (exit status 0)
2026-01-29 12:19:44,278 INFO reaped unknown pid 86678 (exit status 0)
2026-01-29 12:19:49,310 INFO reaped unknown pid 86685 (exit status 0)
2026-01-29 12:19:54,346 INFO reaped unknown pid 86692 (exit status 0)
2026-01-29 12:19:59,354 INFO reaped unknown pid 86699 (exit status 0)
2026-01-29 12:20:03,794 INFO reaped unknown pid 86710 (exit status 0)
2026-01-29 12:20:08,844 INFO reaped unknown pid 86717 (exit status 0)
2026-01-29 12:20:13,912 INFO reaped unknown pid 86724 (exit status 0)
2026-01-29 12:20:19,032 INFO reaped unknown pid 86731 (exit status 0)
2026-01-29 12:20:24,096 INFO reaped unknown pid 86738 (exit status 0)
2026-01-29 12:20:29,173 INFO reaped unknown pid 86745 (exit status 0)
2026-01-29 12:20:34,237 INFO reaped unknown pid 86752 (exit status 0)
2026-01-29 12:20:39,319 INFO reaped unknown pid 86759 (exit status 0)
2026-01-29 12:20:44,356 INFO reaped unknown pid 86766 (exit status 0)
2026-01-29 12:20:49,462 INFO reaped unknown pid 86773 (exit status 0)
2026-01-29 12:20:54,530 INFO reaped unknown pid 86780 (exit status 0)
2026-01-29 12:20:59,591 INFO reaped unknown pid 86787 (exit status 0)
2026-01-29 12:21:03,796 INFO reaped unknown pid 86798 (exit status 0)
2026-01-29 12:21:08,873 INFO reaped unknown pid 86805 (exit status 0)
2026-01-29 12:21:13,939 INFO reaped unknown pid 86812 (exit status 0)
2026-01-29 12:21:19,004 INFO reaped unknown pid 86819 (exit status 0)
2026-01-29 12:21:24,050 INFO reaped unknown pid 86826 (exit status 0)
2026-01-29 12:21:29,123 INFO reaped unknown pid 86833 (exit status 0)
2026-01-29 12:21:34,182 INFO reaped unknown pid 86840 (exit status 0)
2026-01-29 12:21:39,255 INFO reaped unknown pid 86847 (exit status 0)
2026-01-29 12:21:44,332 INFO reaped unknown pid 86854 (exit status 0)
2026-01-29 12:21:49,407 INFO reaped unknown pid 86861 (exit status 0)
2026-01-29 12:21:54,480 INFO reaped unknown pid 86868 (exit status 0)
2026-01-29 12:21:59,559 INFO reaped unknown pid 86875 (exit status 0)
2026-01-29 12:22:03,794 INFO reaped unknown pid 86886 (exit status 0)
2026-01-29 12:22:08,864 INFO reaped unknown pid 86893 (exit status 0)
2026-01-29 12:22:13,923 INFO reaped unknown pid 86900 (exit status 0)
2026-01-29 12:22:18,957 INFO reaped unknown pid 86907 (exit status 0)
2026-01-29 12:22:24,015 INFO reaped unknown pid 86914 (exit status 0)
2026-01-29 12:22:29,068 INFO reaped unknown pid 86921 (exit status 0)
2026-01-29 12:22:34,145 INFO reaped unknown pid 86928 (exit status 0)
2026-01-29 12:22:39,206 INFO reaped unknown pid 86935 (exit status 0)
2026-01-29 12:22:44,251 INFO reaped unknown pid 86942 (exit status 0)
2026-01-29 12:22:49,331 INFO reaped unknown pid 86949 (exit status 0)
2026-01-29 12:22:54,377 INFO reaped unknown pid 86956 (exit status 0)
2026-01-29 12:22:59,446 INFO reaped unknown pid 86963 (exit status 0)
2026-01-29 12:23:03,760 INFO reaped unknown pid 86974 (exit status 0)
2026-01-29 12:23:08,804 INFO reaped unknown pid 86981 (exit status 0)
2026-01-29 12:23:13,864 INFO reaped unknown pid 86988 (exit status 0)
2026-01-29 12:23:18,961 INFO reaped unknown pid 86995 (exit status 0)
2026-01-29 12:23:24,038 INFO reaped unknown pid 87002 (exit status 0)
2026-01-29 12:23:29,085 INFO reaped unknown pid 87009 (exit status 0)
2026-01-29 12:23:34,119 INFO reaped unknown pid 87016 (exit status 0)
2026-01-29 12:23:39,179 INFO reaped unknown pid 87023 (exit status 0)
2026-01-29 12:23:44,217 INFO reaped unknown pid 87030 (exit status 0)
2026-01-29 12:23:49,320 INFO reaped unknown pid 87037 (exit status 0)
2026-01-29 12:23:54,366 INFO reaped unknown pid 87044 (exit status 0)
2026-01-29 12:23:59,404 INFO reaped unknown pid 87051 (exit status 0)
2026-01-29 12:24:03,841 INFO reaped unknown pid 87062 (exit status 0)
2026-01-29 12:24:08,855 INFO reaped unknown pid 87069 (exit status 0)
2026-01-29 12:24:13,908 INFO reaped unknown pid 87076 (exit status 0)
2026-01-29 12:24:18,906 INFO reaped unknown pid 87083 (exit status 0)
2026-01-29 12:24:23,981 INFO reaped unknown pid 87090 (exit status 0)
2026-01-29 12:24:29,014 INFO reaped unknown pid 87097 (exit status 0)
2026-01-29 12:24:34,073 INFO reaped unknown pid 87104 (exit status 0)
2026-01-29 12:24:39,176 INFO reaped unknown pid 87111 (exit status 0)
2026-01-29 12:24:44,229 INFO reaped unknown pid 87118 (exit status 0)
2026-01-29 12:24:49,326 INFO reaped unknown pid 87125 (exit status 0)
2026-01-29 12:24:54,397 INFO reaped unknown pid 87132 (exit status 0)
2026-01-29 12:24:59,464 INFO reaped unknown pid 87139 (exit status 0)
2026-01-29 12:25:03,767 INFO reaped unknown pid 87150 (exit status 0)
2026-01-29 12:25:08,871 INFO reaped unknown pid 87157 (exit status 0)
2026-01-29 12:25:13,942 INFO reaped unknown pid 87164 (exit status 0)
2026-01-29 12:25:19,009 INFO reaped unknown pid 87171 (exit status 0)
2026-01-29 12:25:24,075 INFO reaped unknown pid 87178 (exit status 0)
2026-01-29 12:25:29,149 INFO reaped unknown pid 87185 (exit status 0)
2026-01-29 12:25:34,215 INFO reaped unknown pid 87192 (exit status 0)
2026-01-29 12:25:39,267 INFO reaped unknown pid 87199 (exit status 0)
2026-01-29 12:25:44,341 INFO reaped unknown pid 87206 (exit status 0)
2026-01-29 12:25:49,430 INFO reaped unknown pid 87213 (exit status 0)
2026-01-29 12:25:54,509 INFO reaped unknown pid 87220 (exit status 0)
2026-01-29 12:25:59,566 INFO reaped unknown pid 87227 (exit status 0)
2026-01-29 12:26:03,803 INFO reaped unknown pid 87238 (exit status 0)
2026-01-29 12:26:08,887 INFO reaped unknown pid 87245 (exit status 0)
2026-01-29 12:26:13,944 INFO reaped unknown pid 87252 (exit status 0)
2026-01-29 12:26:19,008 INFO reaped unknown pid 87259 (exit status 0)
2026-01-29 12:26:24,097 INFO reaped unknown pid 87266 (exit status 0)
2026-01-29 12:26:29,169 INFO reaped unknown pid 87273 (exit status 0)
2026-01-29 12:26:34,302 INFO reaped unknown pid 87280 (exit status 0)
2026-01-29 12:26:39,304 INFO reaped unknown pid 87287 (exit status 0)
2026-01-29 12:26:44,367 INFO reaped unknown pid 87294 (exit status 0)
2026-01-29 12:26:49,405 INFO reaped unknown pid 87301 (exit status 0)
2026-01-29 12:26:54,501 INFO reaped unknown pid 87308 (exit status 0)
2026-01-29 12:26:59,566 INFO reaped unknown pid 87315 (exit status 0)
2026-01-29 12:27:03,803 INFO reaped unknown pid 87326 (exit status 0)
2026-01-29 12:27:08,892 INFO reaped unknown pid 87333 (exit status 0)
2026-01-29 12:27:13,958 INFO reaped unknown pid 87340 (exit status 0)
2026-01-29 12:27:19,040 INFO reaped unknown pid 87347 (exit status 0)
2026-01-29 12:27:24,113 INFO reaped unknown pid 87354 (exit status 0)
2026-01-29 12:27:29,171 INFO reaped unknown pid 87361 (exit status 0)
2026-01-29 12:27:34,239 INFO reaped unknown pid 87368 (exit status 0)
2026-01-29 12:27:39,295 INFO reaped unknown pid 87375 (exit status 0)
2026-01-29 12:27:44,329 INFO reaped unknown pid 87382 (exit status 0)
2026-01-29 12:27:50,357 INFO reaped unknown pid 87389 (exit status 0)
2026-01-29 12:27:54,410 INFO reaped unknown pid 87396 (exit status 0)
2026-01-29 12:27:59,498 INFO reaped unknown pid 87403 (exit status 0)
2026-01-29 12:28:03,774 INFO reaped unknown pid 87414 (exit status 0)
2026-01-29 12:28:08,823 INFO reaped unknown pid 87421 (exit status 0)
2026-01-29 12:28:13,842 INFO reaped unknown pid 87428 (exit status 0)
2026-01-29 12:28:18,945 INFO reaped unknown pid 87435 (exit status 0)
2026-01-29 12:28:24,005 INFO reaped unknown pid 87442 (exit status 0)
2026-01-29 12:28:29,052 INFO reaped unknown pid 87449 (exit status 0)
2026-01-29 12:28:34,133 INFO reaped unknown pid 87456 (exit status 0)
2026-01-29 12:28:39,142 INFO reaped unknown pid 87463 (exit status 0)
2026-01-29 12:28:44,211 INFO reaped unknown pid 87470 (exit status 0)
2026-01-29 12:28:49,295 INFO reaped unknown pid 87477 (exit status 0)
2026-01-29 12:28:54,370 INFO reaped unknown pid 87484 (exit status 0)
2026-01-29 12:28:59,400 INFO reaped unknown pid 87491 (exit status 0)
2026-01-29 12:29:03,753 INFO reaped unknown pid 87502 (exit status 0)
2026-01-29 12:29:08,801 INFO reaped unknown pid 87509 (exit status 0)
2026-01-29 12:29:13,864 INFO reaped unknown pid 87516 (exit status 0)
2026-01-29 12:29:18,961 INFO reaped unknown pid 87523 (exit status 0)
2026-01-29 12:29:23,997 INFO reaped unknown pid 87530 (exit status 0)
2026-01-29 12:29:29,052 INFO reaped unknown pid 87537 (exit status 0)
2026-01-29 12:29:34,136 INFO reaped unknown pid 87544 (exit status 0)
2026-01-29 12:29:39,147 INFO reaped unknown pid 87551 (exit status 0)
2026-01-29 12:29:44,175 INFO reaped unknown pid 87558 (exit status 0)
2026-01-29 12:29:49,271 INFO reaped unknown pid 87565 (exit status 0)
2026-01-29 12:29:54,324 INFO reaped unknown pid 87572 (exit status 0)
2026-01-29 12:29:59,348 INFO reaped unknown pid 87579 (exit status 0)
2026-01-29 12:30:03,768 INFO reaped unknown pid 87590 (exit status 0)
2026-01-29 12:30:08,816 INFO reaped unknown pid 87597 (exit status 0)
2026-01-29 12:30:13,888 INFO reaped unknown pid 87604 (exit status 0)
2026-01-29 12:30:18,892 INFO reaped unknown pid 87611 (exit status 0)
2026-01-29 12:30:23,955 INFO reaped unknown pid 87618 (exit status 0)
2026-01-29 12:30:29,001 INFO reaped unknown pid 87625 (exit status 0)
2026-01-29 12:30:34,060 INFO reaped unknown pid 87632 (exit status 0)
2026-01-29 12:30:39,091 INFO reaped unknown pid 87639 (exit status 0)
2026-01-29 12:30:44,158 INFO reaped unknown pid 87646 (exit status 0)
2026-01-29 12:30:49,218 INFO reaped unknown pid 87653 (exit status 0)
2026-01-29 12:30:54,300 INFO reaped unknown pid 87660 (exit status 0)
2026-01-29 12:30:59,366 INFO reaped unknown pid 87667 (exit status 0)
2026-01-29 12:31:03,800 INFO reaped unknown pid 87678 (exit status 0)
2026-01-29 12:31:08,832 INFO reaped unknown pid 87685 (exit status 0)
2026-01-29 12:31:13,893 INFO reaped unknown pid 87692 (exit status 0)
2026-01-29 12:31:18,961 INFO reaped unknown pid 87699 (exit status 0)
2026-01-29 12:31:23,991 INFO reaped unknown pid 87706 (exit status 0)
2026-01-29 12:31:29,046 INFO reaped unknown pid 87713 (exit status 0)
2026-01-29 12:31:34,108 INFO reaped unknown pid 87720 (exit status 0)
2026-01-29 12:31:39,194 INFO reaped unknown pid 87727 (exit status 0)
2026-01-29 12:31:44,266 INFO reaped unknown pid 87734 (exit status 0)
2026-01-29 12:31:49,322 INFO reaped unknown pid 87741 (exit status 0)
2026-01-29 12:31:54,440 INFO reaped unknown pid 87748 (exit status 0)
2026-01-29 12:31:59,469 INFO reaped unknown pid 87755 (exit status 0)
2026-01-29 12:32:03,733 INFO reaped unknown pid 87766 (exit status 0)
2026-01-29 12:32:08,793 INFO reaped unknown pid 87773 (exit status 0)
2026-01-29 12:32:13,877 INFO reaped unknown pid 87780 (exit status 0)
2026-01-29 12:32:18,943 INFO reaped unknown pid 87787 (exit status 0)
2026-01-29 12:32:24,001 INFO reaped unknown pid 87794 (exit status 0)
2026-01-29 12:32:29,008 INFO reaped unknown pid 87801 (exit status 0)
2026-01-29 12:32:34,094 INFO reaped unknown pid 87808 (exit status 0)
2026-01-29 12:32:39,106 INFO reaped unknown pid 87815 (exit status 0)
2026-01-29 12:32:44,144 INFO reaped unknown pid 87822 (exit status 0)
2026-01-29 12:32:49,208 INFO reaped unknown pid 87829 (exit status 0)
2026-01-29 12:32:55,282 INFO reaped unknown pid 87836 (exit status 0)
2026-01-29 12:32:59,283 INFO reaped unknown pid 87843 (exit status 0)
2026-01-29 12:33:03,807 INFO reaped unknown pid 87854 (exit status 0)
2026-01-29 12:33:08,886 INFO reaped unknown pid 87861 (exit status 0)
2026-01-29 12:33:13,921 INFO reaped unknown pid 87868 (exit status 0)
2026-01-29 12:33:19,013 INFO reaped unknown pid 87875 (exit status 0)
2026-01-29 12:33:24,111 INFO reaped unknown pid 87882 (exit status 0)
2026-01-29 12:33:29,121 INFO reaped unknown pid 87889 (exit status 0)
2026-01-29 12:33:34,157 INFO reaped unknown pid 87896 (exit status 0)
2026-01-29 12:33:39,251 INFO reaped unknown pid 87903 (exit status 0)
2026-01-29 12:33:44,263 INFO reaped unknown pid 87910 (exit status 0)
2026-01-29 12:33:49,320 INFO reaped unknown pid 87917 (exit status 0)
2026-01-29 12:33:54,387 INFO reaped unknown pid 87924 (exit status 0)
2026-01-29 12:33:59,422 INFO reaped unknown pid 87931 (exit status 0)
2026-01-29 12:34:03,829 INFO reaped unknown pid 87942 (exit status 0)
2026-01-29 12:34:08,857 INFO reaped unknown pid 87949 (exit status 0)
2026-01-29 12:34:13,933 INFO reaped unknown pid 87956 (exit status 0)
2026-01-29 12:34:18,928 INFO reaped unknown pid 87963 (exit status 0)
2026-01-29 12:34:24,013 INFO reaped unknown pid 87970 (exit status 0)
2026-01-29 12:34:29,064 INFO reaped unknown pid 87977 (exit status 0)
2026-01-29 12:34:34,118 INFO reaped unknown pid 87984 (exit status 0)
2026-01-29 12:34:39,191 INFO reaped unknown pid 87991 (exit status 0)
2026-01-29 12:34:44,266 INFO reaped unknown pid 87998 (exit status 0)
2026-01-29 12:34:49,376 INFO reaped unknown pid 88005 (exit status 0)
2026-01-29 12:34:54,436 INFO reaped unknown pid 88012 (exit status 0)
2026-01-29 12:34:59,503 INFO reaped unknown pid 88019 (exit status 0)
2026-01-29 12:35:03,879 INFO reaped unknown pid 88030 (exit status 0)
2026-01-29 12:35:08,870 INFO reaped unknown pid 88037 (exit status 0)
2026-01-29 12:35:13,874 INFO reaped unknown pid 88044 (exit status 0)
2026-01-29 12:35:18,935 INFO reaped unknown pid 88051 (exit status 0)
2026-01-29 12:35:24,014 INFO reaped unknown pid 88058 (exit status 0)
2026-01-29 12:35:29,092 INFO reaped unknown pid 88065 (exit status 0)
2026-01-29 12:35:34,110 INFO reaped unknown pid 88072 (exit status 0)
2026-01-29 12:35:39,157 INFO reaped unknown pid 88079 (exit status 0)
2026-01-29 12:35:44,249 INFO reaped unknown pid 88086 (exit status 0)
2026-01-29 12:35:49,353 INFO reaped unknown pid 88093 (exit status 0)
2026-01-29 12:35:54,444 INFO reaped unknown pid 88100 (exit status 0)
2026-01-29 12:35:59,526 INFO reaped unknown pid 88107 (exit status 0)
2026-01-29 12:36:03,720 INFO reaped unknown pid 88118 (exit status 0)
2026-01-29 12:36:08,738 INFO reaped unknown pid 88125 (exit status 0)
2026-01-29 12:36:13,766 INFO reaped unknown pid 88132 (exit status 0)
2026-01-29 12:36:18,816 INFO reaped unknown pid 88139 (exit status 0)
2026-01-29 12:36:23,903 INFO reaped unknown pid 88146 (exit status 0)
2026-01-29 12:36:28,908 INFO reaped unknown pid 88153 (exit status 0)
2026-01-29 12:36:33,987 INFO reaped unknown pid 88160 (exit status 0)
2026-01-29 12:36:39,087 INFO reaped unknown pid 88167 (exit status 0)
2026-01-29 12:36:44,175 INFO reaped unknown pid 88174 (exit status 0)
2026-01-29 12:36:49,238 INFO reaped unknown pid 88181 (exit status 0)
2026-01-29 12:36:54,342 INFO reaped unknown pid 88188 (exit status 0)
2026-01-29 12:36:59,378 INFO reaped unknown pid 88195 (exit status 0)
2026-01-29 12:37:03,801 INFO reaped unknown pid 88206 (exit status 0)
2026-01-29 12:37:08,866 INFO reaped unknown pid 88213 (exit status 0)
2026-01-29 12:37:13,872 INFO reaped unknown pid 88220 (exit status 0)
2026-01-29 12:37:18,919 INFO reaped unknown pid 88227 (exit status 0)
2026-01-29 12:37:23,999 INFO reaped unknown pid 88234 (exit status 0)
2026-01-29 12:37:28,989 INFO reaped unknown pid 88241 (exit status 0)
2026-01-29 12:37:34,017 INFO reaped unknown pid 88248 (exit status 0)
2026-01-29 12:37:39,036 INFO reaped unknown pid 88255 (exit status 0)
2026-01-29 12:37:44,113 INFO reaped unknown pid 88262 (exit status 0)
2026-01-29 12:37:49,132 INFO reaped unknown pid 88269 (exit status 0)
2026-01-29 12:37:55,213 INFO reaped unknown pid 88276 (exit status 0)
2026-01-29 12:37:59,300 INFO reaped unknown pid 88283 (exit status 0)
2026-01-29 12:38:03,861 INFO reaped unknown pid 88294 (exit status 0)
2026-01-29 12:38:08,941 INFO reaped unknown pid 88301 (exit status 0)
2026-01-29 12:38:13,976 INFO reaped unknown pid 88308 (exit status 0)
2026-01-29 12:38:19,074 INFO reaped unknown pid 88315 (exit status 0)
2026-01-29 12:38:24,119 INFO reaped unknown pid 88322 (exit status 0)
2026-01-29 12:38:29,166 INFO reaped unknown pid 88329 (exit status 0)
2026-01-29 12:38:34,249 INFO reaped unknown pid 88336 (exit status 0)
2026-01-29 12:38:39,371 INFO reaped unknown pid 88343 (exit status 0)
2026-01-29 12:38:44,377 INFO reaped unknown pid 88350 (exit status 0)
2026-01-29 12:38:49,403 INFO reaped unknown pid 88357 (exit status 0)
2026-01-29 12:38:54,408 INFO reaped unknown pid 88364 (exit status 0)
2026-01-29 12:38:59,476 INFO reaped unknown pid 88371 (exit status 0)
2026-01-29 12:39:03,838 INFO reaped unknown pid 88382 (exit status 0)
2026-01-29 12:39:08,906 INFO reaped unknown pid 88389 (exit status 0)
2026-01-29 12:39:13,961 INFO reaped unknown pid 88396 (exit status 0)
2026-01-29 12:39:19,065 INFO reaped unknown pid 88403 (exit status 0)
2026-01-29 12:39:24,104 INFO reaped unknown pid 88410 (exit status 0)
2026-01-29 12:39:29,192 INFO reaped unknown pid 88417 (exit status 0)
2026-01-29 12:39:34,259 INFO reaped unknown pid 88424 (exit status 0)
2026-01-29 12:39:39,265 INFO reaped unknown pid 88431 (exit status 0)
2026-01-29 12:39:44,304 INFO reaped unknown pid 88438 (exit status 0)
2026-01-29 12:39:49,397 INFO reaped unknown pid 88445 (exit status 0)
2026-01-29 12:39:54,498 INFO reaped unknown pid 88452 (exit status 0)
2026-01-29 12:39:59,567 INFO reaped unknown pid 88459 (exit status 0)
2026-01-29 12:40:03,815 INFO reaped unknown pid 88470 (exit status 0)
2026-01-29 12:40:08,907 INFO reaped unknown pid 88477 (exit status 0)
2026-01-29 12:40:13,992 INFO reaped unknown pid 88484 (exit status 0)
2026-01-29 12:40:19,043 INFO reaped unknown pid 88491 (exit status 0)
2026-01-29 12:40:24,047 INFO reaped unknown pid 88498 (exit status 0)
2026-01-29 12:40:29,101 INFO reaped unknown pid 88505 (exit status 0)
2026-01-29 12:40:34,150 INFO reaped unknown pid 88512 (exit status 0)
2026-01-29 12:40:39,211 INFO reaped unknown pid 88519 (exit status 0)
2026-01-29 12:40:44,302 INFO reaped unknown pid 88526 (exit status 0)
2026-01-29 12:40:49,353 INFO reaped unknown pid 88533 (exit status 0)
2026-01-29 12:40:54,367 INFO reaped unknown pid 88540 (exit status 0)
2026-01-29 12:40:59,402 INFO reaped unknown pid 88547 (exit status 0)
2026-01-29 12:41:03,897 INFO reaped unknown pid 88558 (exit status 0)
2026-01-29 12:41:08,982 INFO reaped unknown pid 88565 (exit status 0)
2026-01-29 12:41:14,073 INFO reaped unknown pid 88572 (exit status 0)
2026-01-29 12:41:19,140 INFO reaped unknown pid 88579 (exit status 0)
2026-01-29 12:41:24,245 INFO reaped unknown pid 88586 (exit status 0)
2026-01-29 12:41:29,314 INFO reaped unknown pid 88593 (exit status 0)
2026-01-29 12:41:34,404 INFO reaped unknown pid 88600 (exit status 0)
2026-01-29 12:41:39,442 INFO reaped unknown pid 88607 (exit status 0)
2026-01-29 12:41:44,530 INFO reaped unknown pid 88614 (exit status 0)
2026-01-29 12:41:49,597 INFO reaped unknown pid 88621 (exit status 0)
2026-01-29 12:41:54,645 INFO reaped unknown pid 88628 (exit status 0)
2026-01-29 12:41:59,726 INFO reaped unknown pid 88635 (exit status 0)
2026-01-29 12:42:03,741 INFO reaped unknown pid 88646 (exit status 0)
2026-01-29 12:42:08,785 INFO reaped unknown pid 88653 (exit status 0)
2026-01-29 12:42:13,834 INFO reaped unknown pid 88660 (exit status 0)
2026-01-29 12:42:18,899 INFO reaped unknown pid 88667 (exit status 0)
2026-01-29 12:42:23,964 INFO reaped unknown pid 88674 (exit status 0)
2026-01-29 12:42:29,047 INFO reaped unknown pid 88681 (exit status 0)
2026-01-29 12:42:34,109 INFO reaped unknown pid 88688 (exit status 0)
2026-01-29 12:42:39,187 INFO reaped unknown pid 88695 (exit status 0)
2026-01-29 12:42:44,248 INFO reaped unknown pid 88702 (exit status 0)
2026-01-29 12:42:49,271 INFO reaped unknown pid 88709 (exit status 0)
2026-01-29 12:42:55,336 INFO reaped unknown pid 88716 (exit status 0)
2026-01-29 12:42:59,351 INFO reaped unknown pid 88723 (exit status 0)
2026-01-29 12:43:03,778 INFO reaped unknown pid 88734 (exit status 0)
2026-01-29 12:43:08,833 INFO reaped unknown pid 88741 (exit status 0)
2026-01-29 12:43:13,899 INFO reaped unknown pid 88748 (exit status 0)
2026-01-29 12:43:18,928 INFO reaped unknown pid 88755 (exit status 0)
2026-01-29 12:43:23,958 INFO reaped unknown pid 88762 (exit status 0)
2026-01-29 12:43:28,987 INFO reaped unknown pid 88769 (exit status 0)
2026-01-29 12:43:33,983 INFO reaped unknown pid 88776 (exit status 0)
2026-01-29 12:43:39,062 INFO reaped unknown pid 88783 (exit status 0)
2026-01-29 12:43:44,140 INFO reaped unknown pid 88790 (exit status 0)
2026-01-29 12:43:49,133 INFO reaped unknown pid 88797 (exit status 0)
2026-01-29 12:43:54,219 INFO reaped unknown pid 88804 (exit status 0)
2026-01-29 12:43:59,328 INFO reaped unknown pid 88811 (exit status 0)
2026-01-29 12:44:03,858 INFO reaped unknown pid 88822 (exit status 0)
2026-01-29 12:44:08,954 INFO reaped unknown pid 88829 (exit status 0)
2026-01-29 12:44:14,000 INFO reaped unknown pid 88836 (exit status 0)
2026-01-29 12:44:19,037 INFO reaped unknown pid 88843 (exit status 0)
2026-01-29 12:44:24,105 INFO reaped unknown pid 88850 (exit status 0)
2026-01-29 12:44:29,101 INFO reaped unknown pid 88857 (exit status 0)
2026-01-29 12:44:34,162 INFO reaped unknown pid 88864 (exit status 0)
2026-01-29 12:44:39,206 INFO reaped unknown pid 88871 (exit status 0)
2026-01-29 12:44:44,280 INFO reaped unknown pid 88878 (exit status 0)
2026-01-29 12:44:49,349 INFO reaped unknown pid 88885 (exit status 0)
2026-01-29 12:44:54,438 INFO reaped unknown pid 88892 (exit status 0)
2026-01-29 12:44:59,466 INFO reaped unknown pid 88899 (exit status 0)
2026-01-29 12:45:03,786 INFO reaped unknown pid 88910 (exit status 0)
2026-01-29 12:45:08,820 INFO reaped unknown pid 88917 (exit status 0)
2026-01-29 12:45:13,823 INFO reaped unknown pid 88924 (exit status 0)
2026-01-29 12:45:18,863 INFO reaped unknown pid 88931 (exit status 0)
2026-01-29 12:45:23,960 INFO reaped unknown pid 88938 (exit status 0)
2026-01-29 12:45:28,997 INFO reaped unknown pid 88945 (exit status 0)
2026-01-29 12:45:34,003 INFO reaped unknown pid 88952 (exit status 0)
2026-01-29 12:45:39,103 INFO reaped unknown pid 88959 (exit status 0)
2026-01-29 12:45:44,181 INFO reaped unknown pid 88966 (exit status 0)
2026-01-29 12:45:49,193 INFO reaped unknown pid 88973 (exit status 0)
2026-01-29 12:45:54,277 INFO reaped unknown pid 88980 (exit status 0)
2026-01-29 12:45:59,342 INFO reaped unknown pid 88987 (exit status 0)
2026-01-29 12:46:03,726 INFO reaped unknown pid 88998 (exit status 0)
2026-01-29 12:46:08,733 INFO reaped unknown pid 89005 (exit status 0)
2026-01-29 12:46:13,808 INFO reaped unknown pid 89012 (exit status 0)
2026-01-29 12:46:18,851 INFO reaped unknown pid 89019 (exit status 0)
2026-01-29 12:46:23,895 INFO reaped unknown pid 89026 (exit status 0)
2026-01-29 12:46:28,987 INFO reaped unknown pid 89033 (exit status 0)
2026-01-29 12:46:34,024 INFO reaped unknown pid 89040 (exit status 0)
2026-01-29 12:46:39,036 INFO reaped unknown pid 89047 (exit status 0)
2026-01-29 12:46:44,094 INFO reaped unknown pid 89054 (exit status 0)
2026-01-29 12:46:49,198 INFO reaped unknown pid 89061 (exit status 0)
2026-01-29 12:46:54,254 INFO reaped unknown pid 89068 (exit status 0)
2026-01-29 12:46:59,322 INFO reaped unknown pid 89075 (exit status 0)
2026-01-29 12:47:03,722 INFO reaped unknown pid 89086 (exit status 0)
2026-01-29 12:47:08,774 INFO reaped unknown pid 89093 (exit status 0)
2026-01-29 12:47:13,868 INFO reaped unknown pid 89100 (exit status 0)
2026-01-29 12:47:18,908 INFO reaped unknown pid 89107 (exit status 0)
2026-01-29 12:47:23,984 INFO reaped unknown pid 89114 (exit status 0)
2026-01-29 12:47:29,047 INFO reaped unknown pid 89121 (exit status 0)
2026-01-29 12:47:34,137 INFO reaped unknown pid 89128 (exit status 0)
2026-01-29 12:47:39,146 INFO reaped unknown pid 89135 (exit status 0)
2026-01-29 12:47:44,212 INFO reaped unknown pid 89142 (exit status 0)
2026-01-29 12:47:49,306 INFO reaped unknown pid 89149 (exit status 0)
2026-01-29 12:47:54,366 INFO reaped unknown pid 89156 (exit status 0)
2026-01-29 12:48:00,015 INFO reaped unknown pid 89163 (exit status 0)
2026-01-29 12:48:03,831 INFO reaped unknown pid 89174 (exit status 0)
2026-01-29 12:48:09,906 INFO reaped unknown pid 89181 (exit status 0)
2026-01-29 12:48:13,958 INFO reaped unknown pid 89188 (exit status 0)
2026-01-29 12:48:19,031 INFO reaped unknown pid 89195 (exit status 0)
2026-01-29 12:48:24,140 INFO reaped unknown pid 89202 (exit status 0)
2026-01-29 12:48:29,294 INFO reaped unknown pid 89209 (exit status 0)
2026-01-29 12:48:34,290 INFO reaped unknown pid 89216 (exit status 0)
2026-01-29 12:48:39,343 INFO reaped unknown pid 89223 (exit status 0)
2026-01-29 12:48:44,453 INFO reaped unknown pid 89230 (exit status 0)
2026-01-29 12:48:49,540 INFO reaped unknown pid 89237 (exit status 0)
2026-01-29 12:48:54,636 INFO reaped unknown pid 89244 (exit status 0)
2026-01-29 12:48:59,641 INFO reaped unknown pid 89251 (exit status 0)
2026-01-29 12:49:03,856 INFO reaped unknown pid 89262 (exit status 0)
2026-01-29 12:49:08,936 INFO reaped unknown pid 89269 (exit status 0)
2026-01-29 12:49:13,990 INFO reaped unknown pid 89276 (exit status 0)
2026-01-29 12:49:19,049 INFO reaped unknown pid 89283 (exit status 0)
2026-01-29 12:49:24,059 INFO reaped unknown pid 89290 (exit status 0)
2026-01-29 12:49:29,061 INFO reaped unknown pid 89297 (exit status 0)
2026-01-29 12:49:34,089 INFO reaped unknown pid 89304 (exit status 0)
2026-01-29 12:49:39,177 INFO reaped unknown pid 89311 (exit status 0)
2026-01-29 12:49:44,201 INFO reaped unknown pid 89318 (exit status 0)
2026-01-29 12:49:49,239 INFO reaped unknown pid 89325 (exit status 0)
2026-01-29 12:49:54,260 INFO reaped unknown pid 89332 (exit status 0)
2026-01-29 12:49:59,318 INFO reaped unknown pid 89339 (exit status 0)
2026-01-29 12:50:03,794 INFO reaped unknown pid 89350 (exit status 0)
2026-01-29 12:50:08,796 INFO reaped unknown pid 89357 (exit status 0)
2026-01-29 12:50:13,816 INFO reaped unknown pid 89364 (exit status 0)
2026-01-29 12:50:18,879 INFO reaped unknown pid 89371 (exit status 0)
2026-01-29 12:50:23,891 INFO reaped unknown pid 89378 (exit status 0)
2026-01-29 12:50:28,907 INFO reaped unknown pid 89385 (exit status 0)
2026-01-29 12:50:33,996 INFO reaped unknown pid 89392 (exit status 0)
2026-01-29 12:50:39,069 INFO reaped unknown pid 89399 (exit status 0)
2026-01-29 12:50:44,074 INFO reaped unknown pid 89406 (exit status 0)
2026-01-29 12:50:49,092 INFO reaped unknown pid 89413 (exit status 0)
2026-01-29 12:50:54,095 INFO reaped unknown pid 89420 (exit status 0)
2026-01-29 12:50:59,172 INFO reaped unknown pid 89427 (exit status 0)
2026-01-29 12:51:03,740 INFO reaped unknown pid 89438 (exit status 0)
2026-01-29 12:51:08,804 INFO reaped unknown pid 89445 (exit status 0)
2026-01-29 12:51:13,830 INFO reaped unknown pid 89452 (exit status 0)
2026-01-29 12:51:18,929 INFO reaped unknown pid 89459 (exit status 0)
2026-01-29 12:51:24,050 INFO reaped unknown pid 89466 (exit status 0)
2026-01-29 12:51:29,050 INFO reaped unknown pid 89473 (exit status 0)
2026-01-29 12:51:34,159 INFO reaped unknown pid 89480 (exit status 0)
2026-01-29 12:51:39,205 INFO reaped unknown pid 89487 (exit status 0)
2026-01-29 12:51:44,255 INFO reaped unknown pid 89494 (exit status 0)
2026-01-29 12:51:49,255 INFO reaped unknown pid 89501 (exit status 0)
2026-01-29 12:51:54,344 INFO reaped unknown pid 89508 (exit status 0)
2026-01-29 12:51:59,415 INFO reaped unknown pid 89515 (exit status 0)
2026-01-29 12:52:03,787 INFO reaped unknown pid 89526 (exit status 0)
2026-01-29 12:52:08,867 INFO reaped unknown pid 89533 (exit status 0)
2026-01-29 12:52:13,870 INFO reaped unknown pid 89540 (exit status 0)
2026-01-29 12:52:18,965 INFO reaped unknown pid 89547 (exit status 0)
2026-01-29 12:52:23,965 INFO reaped unknown pid 89554 (exit status 0)
2026-01-29 12:52:29,006 INFO reaped unknown pid 89561 (exit status 0)
2026-01-29 12:52:34,042 INFO reaped unknown pid 89568 (exit status 0)
2026-01-29 12:52:39,061 INFO reaped unknown pid 89575 (exit status 0)
2026-01-29 12:52:44,104 INFO reaped unknown pid 89582 (exit status 0)
2026-01-29 12:52:49,226 INFO reaped unknown pid 89589 (exit status 0)
2026-01-29 12:52:54,272 INFO reaped unknown pid 89596 (exit status 0)
2026-01-29 12:53:00,098 INFO reaped unknown pid 89603 (exit status 0)
2026-01-29 12:53:04,146 INFO reaped unknown pid 89614 (exit status 0)
2026-01-29 12:53:10,179 INFO reaped unknown pid 89621 (exit status 0)
2026-01-29 12:53:15,203 INFO reaped unknown pid 89628 (exit status 0)
2026-01-29 12:53:19,321 INFO reaped unknown pid 89635 (exit status 0)
2026-01-29 12:53:24,414 INFO reaped unknown pid 89642 (exit status 0)
2026-01-29 12:53:29,421 INFO reaped unknown pid 89649 (exit status 0)
2026-01-29 12:53:34,437 INFO reaped unknown pid 89656 (exit status 0)
2026-01-29 12:53:39,459 INFO reaped unknown pid 89663 (exit status 0)
2026-01-29 12:53:44,489 INFO reaped unknown pid 89670 (exit status 0)
2026-01-29 12:53:49,589 INFO reaped unknown pid 89677 (exit status 0)
2026-01-29 12:53:54,597 INFO reaped unknown pid 89684 (exit status 0)
2026-01-29 12:53:59,641 INFO reaped unknown pid 89691 (exit status 0)
2026-01-29 12:54:03,841 INFO reaped unknown pid 89702 (exit status 0)
2026-01-29 12:54:08,912 INFO reaped unknown pid 89709 (exit status 0)
2026-01-29 12:54:13,931 INFO reaped unknown pid 89716 (exit status 0)
2026-01-29 12:54:18,971 INFO reaped unknown pid 89723 (exit status 0)
2026-01-29 12:54:24,012 INFO reaped unknown pid 89730 (exit status 0)
2026-01-29 12:54:29,058 INFO reaped unknown pid 89737 (exit status 0)
2026-01-29 12:54:34,112 INFO reaped unknown pid 89744 (exit status 0)
2026-01-29 12:54:39,169 INFO reaped unknown pid 89751 (exit status 0)
2026-01-29 12:54:44,220 INFO reaped unknown pid 89758 (exit status 0)
2026-01-29 12:54:49,333 INFO reaped unknown pid 89765 (exit status 0)
2026-01-29 12:54:54,406 INFO reaped unknown pid 89772 (exit status 0)
2026-01-29 12:54:59,502 INFO reaped unknown pid 89779 (exit status 0)
2026-01-29 12:55:03,758 INFO reaped unknown pid 89790 (exit status 0)
2026-01-29 12:55:08,811 INFO reaped unknown pid 89797 (exit status 0)
2026-01-29 12:55:13,912 INFO reaped unknown pid 89804 (exit status 0)
2026-01-29 12:55:18,919 INFO reaped unknown pid 89811 (exit status 0)
2026-01-29 12:55:24,019 INFO reaped unknown pid 89818 (exit status 0)
2026-01-29 12:55:29,120 INFO reaped unknown pid 89825 (exit status 0)
2026-01-29 12:55:34,193 INFO reaped unknown pid 89832 (exit status 0)
2026-01-29 12:55:39,246 INFO reaped unknown pid 89839 (exit status 0)
2026-01-29 12:55:44,269 INFO reaped unknown pid 89846 (exit status 0)
2026-01-29 12:55:49,297 INFO reaped unknown pid 89853 (exit status 0)
2026-01-29 12:55:54,406 INFO reaped unknown pid 89860 (exit status 0)
2026-01-29 12:55:59,482 INFO reaped unknown pid 89867 (exit status 0)
2026-01-29 12:56:03,829 INFO reaped unknown pid 89878 (exit status 0)
2026-01-29 12:56:08,913 INFO reaped unknown pid 89885 (exit status 0)
2026-01-29 12:56:14,018 INFO reaped unknown pid 89892 (exit status 0)
2026-01-29 12:56:19,012 INFO reaped unknown pid 89899 (exit status 0)
2026-01-29 12:56:24,098 INFO reaped unknown pid 89906 (exit status 0)
2026-01-29 12:56:29,145 INFO reaped unknown pid 89913 (exit status 0)
2026-01-29 12:56:34,227 INFO reaped unknown pid 89920 (exit status 0)
2026-01-29 12:56:39,244 INFO reaped unknown pid 89927 (exit status 0)
2026-01-29 12:56:44,256 INFO reaped unknown pid 89934 (exit status 0)
2026-01-29 12:56:49,304 INFO reaped unknown pid 89941 (exit status 0)
2026-01-29 12:56:54,326 INFO reaped unknown pid 89948 (exit status 0)
2026-01-29 12:56:59,404 INFO reaped unknown pid 89955 (exit status 0)
2026-01-29 12:57:03,790 INFO reaped unknown pid 89966 (exit status 0)
2026-01-29 12:57:08,843 INFO reaped unknown pid 89973 (exit status 0)
2026-01-29 12:57:13,840 INFO reaped unknown pid 89980 (exit status 0)
2026-01-29 12:57:18,930 INFO reaped unknown pid 89987 (exit status 0)
2026-01-29 12:57:24,002 INFO reaped unknown pid 89994 (exit status 0)
2026-01-29 12:57:29,084 INFO reaped unknown pid 90001 (exit status 0)
2026-01-29 12:57:34,112 INFO reaped unknown pid 90008 (exit status 0)
2026-01-29 12:57:39,181 INFO reaped unknown pid 90015 (exit status 0)
2026-01-29 12:57:44,287 INFO reaped unknown pid 90022 (exit status 0)
2026-01-29 12:57:49,354 INFO reaped unknown pid 90029 (exit status 0)
2026-01-29 12:57:54,378 INFO reaped unknown pid 90036 (exit status 0)
2026-01-29 12:57:59,399 INFO reaped unknown pid 90043 (exit status 0)
2026-01-29 12:58:04,669 INFO reaped unknown pid 90054 (exit status 0)
2026-01-29 12:58:10,677 INFO reaped unknown pid 90061 (exit status 0)
2026-01-29 12:58:14,704 INFO reaped unknown pid 90068 (exit status 0)
2026-01-29 12:58:19,734 INFO reaped unknown pid 90075 (exit status 0)
2026-01-29 12:58:24,840 INFO reaped unknown pid 90082 (exit status 0)
2026-01-29 12:58:29,899 INFO reaped unknown pid 90089 (exit status 0)
2026-01-29 12:58:34,924 INFO reaped unknown pid 90096 (exit status 0)
2026-01-29 12:58:39,969 INFO reaped unknown pid 90103 (exit status 0)
2026-01-29 12:58:45,046 INFO reaped unknown pid 90110 (exit status 0)
2026-01-29 12:58:50,129 INFO reaped unknown pid 90117 (exit status 0)
2026-01-29 12:58:55,132 INFO reaped unknown pid 90124 (exit status 0)
2026-01-29 12:59:00,073 INFO reaped unknown pid 90131 (exit status 0)
2026-01-29 12:59:03,790 INFO reaped unknown pid 90142 (exit status 0)
2026-01-29 12:59:08,862 INFO reaped unknown pid 90149 (exit status 0)
2026-01-29 12:59:13,856 INFO reaped unknown pid 90156 (exit status 0)
2026-01-29 12:59:18,891 INFO reaped unknown pid 90163 (exit status 0)
2026-01-29 12:59:23,881 INFO reaped unknown pid 90170 (exit status 0)
2026-01-29 12:59:28,917 INFO reaped unknown pid 90177 (exit status 0)
2026-01-29 12:59:33,995 INFO reaped unknown pid 90184 (exit status 0)
2026-01-29 12:59:39,073 INFO reaped unknown pid 90191 (exit status 0)
2026-01-29 12:59:44,128 INFO reaped unknown pid 90198 (exit status 0)
2026-01-29 12:59:49,184 INFO reaped unknown pid 90205 (exit status 0)
2026-01-29 12:59:54,180 INFO reaped unknown pid 90212 (exit status 0)
2026-01-29 12:59:59,206 INFO reaped unknown pid 90219 (exit status 0)
2026-01-29 13:00:03,827 INFO reaped unknown pid 90230 (exit status 0)
2026-01-29 13:00:08,926 INFO reaped unknown pid 90237 (exit status 0)
2026-01-29 13:00:14,035 INFO reaped unknown pid 90244 (exit status 0)
2026-01-29 13:00:19,134 INFO reaped unknown pid 90251 (exit status 0)
2026-01-29 13:00:24,192 INFO reaped unknown pid 90258 (exit status 0)
2026-01-29 13:00:29,283 INFO reaped unknown pid 90265 (exit status 0)
2026-01-29 13:00:34,373 INFO reaped unknown pid 90272 (exit status 0)
2026-01-29 13:00:39,420 INFO reaped unknown pid 90279 (exit status 0)
2026-01-29 13:00:44,481 INFO reaped unknown pid 90286 (exit status 0)
2026-01-29 13:00:49,531 INFO reaped unknown pid 90293 (exit status 0)
2026-01-29 13:00:54,547 INFO reaped unknown pid 90300 (exit status 0)
2026-01-29 13:00:59,647 INFO reaped unknown pid 90307 (exit status 0)
2026-01-29 13:01:03,769 INFO reaped unknown pid 90318 (exit status 0)
2026-01-29 13:01:08,813 INFO reaped unknown pid 90325 (exit status 0)
2026-01-29 13:01:13,889 INFO reaped unknown pid 90332 (exit status 0)
2026-01-29 13:01:18,914 INFO reaped unknown pid 90339 (exit status 0)
2026-01-29 13:01:24,010 INFO reaped unknown pid 90346 (exit status 0)
2026-01-29 13:01:29,084 INFO reaped unknown pid 90353 (exit status 0)
2026-01-29 13:01:34,118 INFO reaped unknown pid 90360 (exit status 0)
2026-01-29 13:01:39,196 INFO reaped unknown pid 90367 (exit status 0)
2026-01-29 13:01:44,286 INFO reaped unknown pid 90374 (exit status 0)
2026-01-29 13:01:49,352 INFO reaped unknown pid 90381 (exit status 0)
2026-01-29 13:01:54,420 INFO reaped unknown pid 90388 (exit status 0)
2026-01-29 13:01:59,479 INFO reaped unknown pid 90395 (exit status 0)
2026-01-29 13:02:03,866 INFO reaped unknown pid 90406 (exit status 0)
2026-01-29 13:02:08,892 INFO reaped unknown pid 90413 (exit status 0)
2026-01-29 13:02:13,959 INFO reaped unknown pid 90420 (exit status 0)
2026-01-29 13:02:18,967 INFO reaped unknown pid 90427 (exit status 0)
2026-01-29 13:02:24,049 INFO reaped unknown pid 90434 (exit status 0)
2026-01-29 13:02:29,095 INFO reaped unknown pid 90441 (exit status 0)
2026-01-29 13:02:34,157 INFO reaped unknown pid 90448 (exit status 0)
2026-01-29 13:02:39,165 INFO reaped unknown pid 90455 (exit status 0)
2026-01-29 13:02:44,238 INFO reaped unknown pid 90462 (exit status 0)
2026-01-29 13:02:49,255 INFO reaped unknown pid 90469 (exit status 0)
2026-01-29 13:02:54,351 INFO reaped unknown pid 90476 (exit status 0)
2026-01-29 13:02:59,405 INFO reaped unknown pid 90483 (exit status 0)
2026-01-29 13:03:04,783 INFO reaped unknown pid 90494 (exit status 0)
2026-01-29 13:03:08,832 INFO reaped unknown pid 90501 (exit status 0)
2026-01-29 13:03:14,930 INFO reaped unknown pid 90508 (exit status 0)
2026-01-29 13:03:18,986 INFO reaped unknown pid 90515 (exit status 0)
2026-01-29 13:03:23,993 INFO reaped unknown pid 90522 (exit status 0)
2026-01-29 13:03:29,025 INFO reaped unknown pid 90529 (exit status 0)
2026-01-29 13:03:34,048 INFO reaped unknown pid 90536 (exit status 0)
2026-01-29 13:03:39,084 INFO reaped unknown pid 90543 (exit status 0)
2026-01-29 13:03:44,087 INFO reaped unknown pid 90550 (exit status 0)
2026-01-29 13:03:49,128 INFO reaped unknown pid 90557 (exit status 0)
2026-01-29 13:03:54,144 INFO reaped unknown pid 90564 (exit status 0)
2026-01-29 13:03:59,139 INFO reaped unknown pid 90571 (exit status 0)
2026-01-29 13:04:03,869 INFO reaped unknown pid 90582 (exit status 0)
2026-01-29 13:04:08,892 INFO reaped unknown pid 90589 (exit status 0)
2026-01-29 13:04:13,994 INFO reaped unknown pid 90596 (exit status 0)
2026-01-29 13:04:18,995 INFO reaped unknown pid 90603 (exit status 0)
2026-01-29 13:04:24,077 INFO reaped unknown pid 90610 (exit status 0)
2026-01-29 13:04:29,168 INFO reaped unknown pid 90617 (exit status 0)
2026-01-29 13:04:34,274 INFO reaped unknown pid 90624 (exit status 0)
2026-01-29 13:04:39,368 INFO reaped unknown pid 90631 (exit status 0)
2026-01-29 13:04:44,465 INFO reaped unknown pid 90638 (exit status 0)
2026-01-29 13:04:49,473 INFO reaped unknown pid 90645 (exit status 0)
2026-01-29 13:04:54,474 INFO reaped unknown pid 90652 (exit status 0)
2026-01-29 13:04:59,509 INFO reaped unknown pid 90659 (exit status 0)
2026-01-29 13:05:03,955 INFO reaped unknown pid 90670 (exit status 0)
2026-01-29 13:05:09,014 INFO reaped unknown pid 90677 (exit status 0)
2026-01-29 13:05:14,016 INFO reaped unknown pid 90684 (exit status 0)
2026-01-29 13:05:19,123 INFO reaped unknown pid 90691 (exit status 0)
2026-01-29 13:05:24,138 INFO reaped unknown pid 90698 (exit status 0)
2026-01-29 13:05:29,159 INFO reaped unknown pid 90705 (exit status 0)
2026-01-29 13:05:34,263 INFO reaped unknown pid 90712 (exit status 0)
2026-01-29 13:05:39,291 INFO reaped unknown pid 90719 (exit status 0)
2026-01-29 13:05:44,331 INFO reaped unknown pid 90726 (exit status 0)
2026-01-29 13:05:49,375 INFO reaped unknown pid 90733 (exit status 0)
2026-01-29 13:05:54,381 INFO reaped unknown pid 90740 (exit status 0)
2026-01-29 13:05:59,493 INFO reaped unknown pid 90747 (exit status 0)
2026-01-29 13:06:03,832 INFO reaped unknown pid 90758 (exit status 0)
2026-01-29 13:06:08,848 INFO reaped unknown pid 90765 (exit status 0)
2026-01-29 13:06:13,874 INFO reaped unknown pid 90772 (exit status 0)
2026-01-29 13:06:18,969 INFO reaped unknown pid 90779 (exit status 0)
2026-01-29 13:06:24,015 INFO reaped unknown pid 90786 (exit status 0)
2026-01-29 13:06:29,099 INFO reaped unknown pid 90793 (exit status 0)
2026-01-29 13:06:34,100 INFO reaped unknown pid 90800 (exit status 0)
2026-01-29 13:06:39,126 INFO reaped unknown pid 90807 (exit status 0)
2026-01-29 13:06:44,144 INFO reaped unknown pid 90814 (exit status 0)
2026-01-29 13:06:49,202 INFO reaped unknown pid 90821 (exit status 0)
2026-01-29 13:06:54,234 INFO reaped unknown pid 90828 (exit status 0)
2026-01-29 13:06:59,298 INFO reaped unknown pid 90835 (exit status 0)
2026-01-29 13:07:03,758 INFO reaped unknown pid 90846 (exit status 0)
2026-01-29 13:07:08,859 INFO reaped unknown pid 90853 (exit status 0)
2026-01-29 13:07:13,930 INFO reaped unknown pid 90860 (exit status 0)
2026-01-29 13:07:18,957 INFO reaped unknown pid 90867 (exit status 0)
2026-01-29 13:07:24,008 INFO reaped unknown pid 90874 (exit status 0)
2026-01-29 13:07:29,121 INFO reaped unknown pid 90881 (exit status 0)
2026-01-29 13:07:34,202 INFO reaped unknown pid 90888 (exit status 0)
2026-01-29 13:07:39,285 INFO reaped unknown pid 90895 (exit status 0)
2026-01-29 13:07:44,314 INFO reaped unknown pid 90902 (exit status 0)
2026-01-29 13:07:49,391 INFO reaped unknown pid 90909 (exit status 0)
2026-01-29 13:07:54,407 INFO reaped unknown pid 90916 (exit status 0)
2026-01-29 13:07:59,460 INFO reaped unknown pid 90923 (exit status 0)
2026-01-29 13:08:04,788 INFO reaped unknown pid 90934 (exit status 0)
2026-01-29 13:08:08,874 INFO reaped unknown pid 90941 (exit status 0)
2026-01-29 13:08:14,880 INFO reaped unknown pid 90948 (exit status 0)
2026-01-29 13:08:18,892 INFO reaped unknown pid 90955 (exit status 0)
2026-01-29 13:08:23,936 INFO reaped unknown pid 90962 (exit status 0)
2026-01-29 13:08:29,038 INFO reaped unknown pid 90969 (exit status 0)
2026-01-29 13:08:34,108 INFO reaped unknown pid 90976 (exit status 0)
2026-01-29 13:08:39,130 INFO reaped unknown pid 90983 (exit status 0)
2026-01-29 13:08:44,192 INFO reaped unknown pid 90990 (exit status 0)
2026-01-29 13:08:50,212 INFO reaped unknown pid 90997 (exit status 0)
2026-01-29 13:08:54,259 INFO reaped unknown pid 91004 (exit status 0)
2026-01-29 13:08:59,284 INFO reaped unknown pid 91011 (exit status 0)
2026-01-29 13:09:03,892 INFO reaped unknown pid 91022 (exit status 0)
2026-01-29 13:09:08,977 INFO reaped unknown pid 91029 (exit status 0)
2026-01-29 13:09:14,016 INFO reaped unknown pid 91036 (exit status 0)
2026-01-29 13:09:19,114 INFO reaped unknown pid 91043 (exit status 0)
2026-01-29 13:09:24,107 INFO reaped unknown pid 91050 (exit status 0)
2026-01-29 13:09:29,159 INFO reaped unknown pid 91057 (exit status 0)
2026-01-29 13:09:34,183 INFO reaped unknown pid 91064 (exit status 0)
2026-01-29 13:09:39,246 INFO reaped unknown pid 91071 (exit status 0)
2026-01-29 13:09:44,271 INFO reaped unknown pid 91078 (exit status 0)
2026-01-29 13:09:49,348 INFO reaped unknown pid 91085 (exit status 0)
2026-01-29 13:09:54,412 INFO reaped unknown pid 91092 (exit status 0)
2026-01-29 13:09:59,510 INFO reaped unknown pid 91099 (exit status 0)
2026-01-29 13:10:03,840 INFO reaped unknown pid 91110 (exit status 0)
2026-01-29 13:10:08,921 INFO reaped unknown pid 91117 (exit status 0)
2026-01-29 13:10:14,004 INFO reaped unknown pid 91124 (exit status 0)
2026-01-29 13:10:19,105 INFO reaped unknown pid 91131 (exit status 0)
2026-01-29 13:10:24,146 INFO reaped unknown pid 91138 (exit status 0)
2026-01-29 13:10:29,166 INFO reaped unknown pid 91145 (exit status 0)
2026-01-29 13:10:34,234 INFO reaped unknown pid 91152 (exit status 0)
2026-01-29 13:10:39,292 INFO reaped unknown pid 91159 (exit status 0)
2026-01-29 13:10:44,328 INFO reaped unknown pid 91166 (exit status 0)
2026-01-29 13:10:49,368 INFO reaped unknown pid 91173 (exit status 0)
2026-01-29 13:10:54,463 INFO reaped unknown pid 91180 (exit status 0)
2026-01-29 13:10:59,544 INFO reaped unknown pid 91187 (exit status 0)
2026-01-29 13:11:03,721 INFO reaped unknown pid 91198 (exit status 0)
2026-01-29 13:11:08,773 INFO reaped unknown pid 91205 (exit status 0)
2026-01-29 13:11:13,839 INFO reaped unknown pid 91212 (exit status 0)
2026-01-29 13:11:18,898 INFO reaped unknown pid 91219 (exit status 0)
2026-01-29 13:11:23,979 INFO reaped unknown pid 91226 (exit status 0)
2026-01-29 13:11:29,028 INFO reaped unknown pid 91233 (exit status 0)
2026-01-29 13:11:34,101 INFO reaped unknown pid 91240 (exit status 0)
2026-01-29 13:11:39,176 INFO reaped unknown pid 91247 (exit status 0)
2026-01-29 13:11:44,238 INFO reaped unknown pid 91254 (exit status 0)
2026-01-29 13:11:49,313 INFO reaped unknown pid 91261 (exit status 0)
2026-01-29 13:11:54,356 INFO reaped unknown pid 91268 (exit status 0)
2026-01-29 13:11:59,388 INFO reaped unknown pid 91275 (exit status 0)
2026-01-29 13:12:03,836 INFO reaped unknown pid 91286 (exit status 0)
2026-01-29 13:12:08,892 INFO reaped unknown pid 91293 (exit status 0)
2026-01-29 13:12:13,945 INFO reaped unknown pid 91300 (exit status 0)
2026-01-29 13:12:18,950 INFO reaped unknown pid 91307 (exit status 0)
2026-01-29 13:12:23,961 INFO reaped unknown pid 91314 (exit status 0)
2026-01-29 13:12:28,967 INFO reaped unknown pid 91321 (exit status 0)
2026-01-29 13:12:34,060 INFO reaped unknown pid 91328 (exit status 0)
2026-01-29 13:12:39,094 INFO reaped unknown pid 91335 (exit status 0)
2026-01-29 13:12:44,122 INFO reaped unknown pid 91342 (exit status 0)
2026-01-29 13:12:49,222 INFO reaped unknown pid 91349 (exit status 0)
2026-01-29 13:12:54,292 INFO reaped unknown pid 91356 (exit status 0)
2026-01-29 13:12:59,395 INFO reaped unknown pid 91363 (exit status 0)
2026-01-29 13:13:04,855 INFO reaped unknown pid 91374 (exit status 0)
2026-01-29 13:13:08,934 INFO reaped unknown pid 91381 (exit status 0)
2026-01-29 13:13:13,991 INFO reaped unknown pid 91388 (exit status 0)
2026-01-29 13:13:19,082 INFO reaped unknown pid 91395 (exit status 0)
2026-01-29 13:13:24,105 INFO reaped unknown pid 91402 (exit status 0)
2026-01-29 13:13:29,144 INFO reaped unknown pid 91409 (exit status 0)
2026-01-29 13:13:34,163 INFO reaped unknown pid 91416 (exit status 0)
2026-01-29 13:13:39,177 INFO reaped unknown pid 91423 (exit status 0)
2026-01-29 13:13:44,271 INFO reaped unknown pid 91430 (exit status 0)
2026-01-29 13:13:49,364 INFO reaped unknown pid 91437 (exit status 0)
2026-01-29 13:13:54,399 INFO reaped unknown pid 91444 (exit status 0)
2026-01-29 13:13:59,504 INFO reaped unknown pid 91451 (exit status 0)
2026-01-29 13:14:03,782 INFO reaped unknown pid 91462 (exit status 0)
2026-01-29 13:14:08,790 INFO reaped unknown pid 91469 (exit status 0)
2026-01-29 13:14:13,880 INFO reaped unknown pid 91476 (exit status 0)
2026-01-29 13:14:18,946 INFO reaped unknown pid 91483 (exit status 0)
2026-01-29 13:14:23,993 INFO reaped unknown pid 91490 (exit status 0)
2026-01-29 13:14:29,062 INFO reaped unknown pid 91497 (exit status 0)
2026-01-29 13:14:34,069 INFO reaped unknown pid 91504 (exit status 0)
2026-01-29 13:14:39,143 INFO reaped unknown pid 91511 (exit status 0)
2026-01-29 13:14:44,249 INFO reaped unknown pid 91518 (exit status 0)
2026-01-29 13:14:49,241 INFO reaped unknown pid 91525 (exit status 0)
2026-01-29 13:14:54,307 INFO reaped unknown pid 91532 (exit status 0)
2026-01-29 13:14:59,345 INFO reaped unknown pid 91539 (exit status 0)
2026-01-29 13:15:04,139 INFO reaped unknown pid 91550 (exit status 0)
2026-01-29 13:15:09,155 INFO reaped unknown pid 91557 (exit status 0)
2026-01-29 13:15:14,175 INFO reaped unknown pid 91564 (exit status 0)
2026-01-29 13:15:19,186 INFO reaped unknown pid 91571 (exit status 0)
2026-01-29 13:15:24,188 INFO reaped unknown pid 91578 (exit status 0)
2026-01-29 13:15:29,301 INFO reaped unknown pid 91585 (exit status 0)
2026-01-29 13:15:34,336 INFO reaped unknown pid 91592 (exit status 0)
2026-01-29 13:15:39,363 INFO reaped unknown pid 91599 (exit status 0)
2026-01-29 13:15:44,370 INFO reaped unknown pid 91606 (exit status 0)
2026-01-29 13:15:49,389 INFO reaped unknown pid 91613 (exit status 0)
2026-01-29 13:15:54,440 INFO reaped unknown pid 91620 (exit status 0)
2026-01-29 13:15:59,477 INFO reaped unknown pid 91627 (exit status 0)
2026-01-29 13:16:03,804 INFO reaped unknown pid 91638 (exit status 0)
2026-01-29 13:16:08,824 INFO reaped unknown pid 91645 (exit status 0)
2026-01-29 13:16:13,840 INFO reaped unknown pid 91652 (exit status 0)
2026-01-29 13:16:18,842 INFO reaped unknown pid 91659 (exit status 0)
2026-01-29 13:16:23,880 INFO reaped unknown pid 91666 (exit status 0)
2026-01-29 13:16:28,859 INFO reaped unknown pid 91673 (exit status 0)
2026-01-29 13:16:33,972 INFO reaped unknown pid 91680 (exit status 0)
2026-01-29 13:16:38,976 INFO reaped unknown pid 91687 (exit status 0)
2026-01-29 13:16:44,067 INFO reaped unknown pid 91694 (exit status 0)
2026-01-29 13:16:49,100 INFO reaped unknown pid 91701 (exit status 0)
2026-01-29 13:16:54,126 INFO reaped unknown pid 91708 (exit status 0)
2026-01-29 13:16:59,187 INFO reaped unknown pid 91715 (exit status 0)
2026-01-29 13:17:03,833 INFO reaped unknown pid 91726 (exit status 0)
2026-01-29 13:17:08,905 INFO reaped unknown pid 91733 (exit status 0)
2026-01-29 13:17:13,978 INFO reaped unknown pid 91740 (exit status 0)
2026-01-29 13:17:19,055 INFO reaped unknown pid 91747 (exit status 0)
2026-01-29 13:17:24,137 INFO reaped unknown pid 91754 (exit status 0)
2026-01-29 13:17:29,216 INFO reaped unknown pid 91761 (exit status 0)
2026-01-29 13:17:34,265 INFO reaped unknown pid 91768 (exit status 0)
2026-01-29 13:17:39,362 INFO reaped unknown pid 91775 (exit status 0)
2026-01-29 13:17:44,438 INFO reaped unknown pid 91782 (exit status 0)
2026-01-29 13:17:49,539 INFO reaped unknown pid 91789 (exit status 0)
2026-01-29 13:17:54,622 INFO reaped unknown pid 91796 (exit status 0)
2026-01-29 13:17:59,622 INFO reaped unknown pid 91803 (exit status 0)
2026-01-29 13:18:04,827 INFO reaped unknown pid 91814 (exit status 0)
2026-01-29 13:18:08,831 INFO reaped unknown pid 91821 (exit status 0)
2026-01-29 13:18:14,932 INFO reaped unknown pid 91828 (exit status 0)
2026-01-29 13:18:18,945 INFO reaped unknown pid 91835 (exit status 0)
2026-01-29 13:18:23,969 INFO reaped unknown pid 91842 (exit status 0)
2026-01-29 13:18:28,999 INFO reaped unknown pid 91849 (exit status 0)
2026-01-29 13:18:34,056 INFO reaped unknown pid 91856 (exit status 0)
2026-01-29 13:18:39,112 INFO reaped unknown pid 91863 (exit status 0)
2026-01-29 13:18:44,164 INFO reaped unknown pid 91870 (exit status 0)
2026-01-29 13:18:50,262 INFO reaped unknown pid 91877 (exit status 0)
2026-01-29 13:18:54,335 INFO reaped unknown pid 91884 (exit status 0)
2026-01-29 13:18:59,404 INFO reaped unknown pid 91891 (exit status 0)
2026-01-29 13:19:03,881 INFO reaped unknown pid 91902 (exit status 0)
2026-01-29 13:19:08,887 INFO reaped unknown pid 91909 (exit status 0)
2026-01-29 13:19:13,910 INFO reaped unknown pid 91916 (exit status 0)
2026-01-29 13:19:18,909 INFO reaped unknown pid 91923 (exit status 0)
2026-01-29 13:19:23,940 INFO reaped unknown pid 91930 (exit status 0)
2026-01-29 13:19:29,053 INFO reaped unknown pid 91937 (exit status 0)
2026-01-29 13:19:34,123 INFO reaped unknown pid 91944 (exit status 0)
2026-01-29 13:19:39,147 INFO reaped unknown pid 91951 (exit status 0)
2026-01-29 13:19:44,204 INFO reaped unknown pid 91958 (exit status 0)
2026-01-29 13:19:49,252 INFO reaped unknown pid 91965 (exit status 0)
2026-01-29 13:19:54,284 INFO reaped unknown pid 91972 (exit status 0)
2026-01-29 13:19:59,286 INFO reaped unknown pid 91979 (exit status 0)
2026-01-29 13:20:03,744 INFO reaped unknown pid 91990 (exit status 0)
2026-01-29 13:20:08,847 INFO reaped unknown pid 91997 (exit status 0)
2026-01-29 13:20:13,880 INFO reaped unknown pid 92004 (exit status 0)
2026-01-29 13:20:18,978 INFO reaped unknown pid 92011 (exit status 0)
2026-01-29 13:20:24,084 INFO reaped unknown pid 92018 (exit status 0)
2026-01-29 13:20:29,126 INFO reaped unknown pid 92025 (exit status 0)
2026-01-29 13:20:34,221 INFO reaped unknown pid 92032 (exit status 0)
2026-01-29 13:20:39,309 INFO reaped unknown pid 92039 (exit status 0)
2026-01-29 13:20:44,338 INFO reaped unknown pid 92046 (exit status 0)
2026-01-29 13:20:49,437 INFO reaped unknown pid 92053 (exit status 0)
2026-01-29 13:20:54,465 INFO reaped unknown pid 92060 (exit status 0)
2026-01-29 13:20:59,557 INFO reaped unknown pid 92067 (exit status 0)
2026-01-29 13:21:03,835 INFO reaped unknown pid 92078 (exit status 0)
2026-01-29 13:21:08,858 INFO reaped unknown pid 92085 (exit status 0)
2026-01-29 13:21:13,874 INFO reaped unknown pid 92092 (exit status 0)
2026-01-29 13:21:18,895 INFO reaped unknown pid 92099 (exit status 0)
2026-01-29 13:21:23,922 INFO reaped unknown pid 92106 (exit status 0)
2026-01-29 13:21:29,001 INFO reaped unknown pid 92113 (exit status 0)
2026-01-29 13:21:34,024 INFO reaped unknown pid 92120 (exit status 0)
2026-01-29 13:21:39,058 INFO reaped unknown pid 92127 (exit status 0)
2026-01-29 13:21:44,123 INFO reaped unknown pid 92134 (exit status 0)
2026-01-29 13:21:49,153 INFO reaped unknown pid 92141 (exit status 0)
2026-01-29 13:21:54,254 INFO reaped unknown pid 92148 (exit status 0)
2026-01-29 13:21:59,325 INFO reaped unknown pid 92155 (exit status 0)
2026-01-29 13:22:03,817 INFO reaped unknown pid 92166 (exit status 0)
2026-01-29 13:22:08,893 INFO reaped unknown pid 92173 (exit status 0)
2026-01-29 13:22:13,969 INFO reaped unknown pid 92180 (exit status 0)
2026-01-29 13:22:19,022 INFO reaped unknown pid 92187 (exit status 0)
2026-01-29 13:22:24,040 INFO reaped unknown pid 92194 (exit status 0)
2026-01-29 13:22:29,040 INFO reaped unknown pid 92201 (exit status 0)
2026-01-29 13:22:34,074 INFO reaped unknown pid 92208 (exit status 0)
2026-01-29 13:22:39,094 INFO reaped unknown pid 92215 (exit status 0)
2026-01-29 13:22:44,116 INFO reaped unknown pid 92222 (exit status 0)
2026-01-29 13:22:49,137 INFO reaped unknown pid 92229 (exit status 0)
2026-01-29 13:22:54,162 INFO reaped unknown pid 92236 (exit status 0)
2026-01-29 13:22:59,270 INFO reaped unknown pid 92243 (exit status 0)
2026-01-29 13:23:03,876 INFO reaped unknown pid 92254 (exit status 0)
2026-01-29 13:23:08,891 INFO reaped unknown pid 92261 (exit status 0)
2026-01-29 13:23:13,928 INFO reaped unknown pid 92268 (exit status 0)
2026-01-29 13:23:19,971 INFO reaped unknown pid 92275 (exit status 0)
2026-01-29 13:23:24,056 INFO reaped unknown pid 92282 (exit status 0)
2026-01-29 13:23:29,093 INFO reaped unknown pid 92289 (exit status 0)
2026-01-29 13:23:34,173 INFO reaped unknown pid 92296 (exit status 0)
2026-01-29 13:23:39,198 INFO reaped unknown pid 92303 (exit status 0)
2026-01-29 13:23:44,225 INFO reaped unknown pid 92310 (exit status 0)
2026-01-29 13:23:49,304 INFO reaped unknown pid 92317 (exit status 0)
2026-01-29 13:23:54,302 INFO reaped unknown pid 92324 (exit status 0)
2026-01-29 13:23:59,324 INFO reaped unknown pid 92331 (exit status 0)
2026-01-29 13:24:03,889 INFO reaped unknown pid 92342 (exit status 0)
2026-01-29 13:24:08,890 INFO reaped unknown pid 92349 (exit status 0)
2026-01-29 13:24:13,913 INFO reaped unknown pid 92356 (exit status 0)
2026-01-29 13:24:18,914 INFO reaped unknown pid 92363 (exit status 0)
2026-01-29 13:24:24,020 INFO reaped unknown pid 92370 (exit status 0)
2026-01-29 13:24:29,122 INFO reaped unknown pid 92377 (exit status 0)
2026-01-29 13:24:34,155 INFO reaped unknown pid 92384 (exit status 0)
2026-01-29 13:24:39,157 INFO reaped unknown pid 92391 (exit status 0)
2026-01-29 13:24:44,162 INFO reaped unknown pid 92398 (exit status 0)
2026-01-29 13:24:49,170 INFO reaped unknown pid 92405 (exit status 0)
2026-01-29 13:24:54,274 INFO reaped unknown pid 92412 (exit status 0)
2026-01-29 13:24:59,285 INFO reaped unknown pid 92419 (exit status 0)
2026-01-29 13:25:03,794 INFO reaped unknown pid 92430 (exit status 0)
2026-01-29 13:25:08,830 INFO reaped unknown pid 92437 (exit status 0)
2026-01-29 13:25:13,916 INFO reaped unknown pid 92444 (exit status 0)
2026-01-29 13:25:18,992 INFO reaped unknown pid 92451 (exit status 0)
2026-01-29 13:25:24,113 INFO reaped unknown pid 92458 (exit status 0)
2026-01-29 13:25:29,178 INFO reaped unknown pid 92465 (exit status 0)
2026-01-29 13:25:34,277 INFO reaped unknown pid 92472 (exit status 0)
2026-01-29 13:25:39,358 INFO reaped unknown pid 92479 (exit status 0)
2026-01-29 13:25:44,435 INFO reaped unknown pid 92486 (exit status 0)
2026-01-29 13:25:49,468 INFO reaped unknown pid 92493 (exit status 0)
2026-01-29 13:25:54,538 INFO reaped unknown pid 92500 (exit status 0)
2026-01-29 13:25:59,617 INFO reaped unknown pid 92507 (exit status 0)
2026-01-29 13:26:03,870 INFO reaped unknown pid 92518 (exit status 0)
2026-01-29 13:26:08,953 INFO reaped unknown pid 92525 (exit status 0)
2026-01-29 13:26:13,985 INFO reaped unknown pid 92532 (exit status 0)
2026-01-29 13:26:19,062 INFO reaped unknown pid 92539 (exit status 0)
2026-01-29 13:26:24,156 INFO reaped unknown pid 92546 (exit status 0)
2026-01-29 13:26:29,218 INFO reaped unknown pid 92553 (exit status 0)
2026-01-29 13:26:34,293 INFO reaped unknown pid 92560 (exit status 0)
2026-01-29 13:26:39,330 INFO reaped unknown pid 92567 (exit status 0)
2026-01-29 13:26:44,356 INFO reaped unknown pid 92574 (exit status 0)
2026-01-29 13:26:49,371 INFO reaped unknown pid 92581 (exit status 0)
2026-01-29 13:26:54,404 INFO reaped unknown pid 92588 (exit status 0)
2026-01-29 13:26:59,471 INFO reaped unknown pid 92595 (exit status 0)
2026-01-29 13:27:03,917 INFO reaped unknown pid 92606 (exit status 0)
2026-01-29 13:27:08,954 INFO reaped unknown pid 92613 (exit status 0)
2026-01-29 13:27:13,974 INFO reaped unknown pid 92620 (exit status 0)
2026-01-29 13:27:19,014 INFO reaped unknown pid 92627 (exit status 0)
2026-01-29 13:27:24,047 INFO reaped unknown pid 92634 (exit status 0)
2026-01-29 13:27:29,061 INFO reaped unknown pid 92641 (exit status 0)
2026-01-29 13:27:34,073 INFO reaped unknown pid 92648 (exit status 0)
2026-01-29 13:27:39,110 INFO reaped unknown pid 92655 (exit status 0)
2026-01-29 13:27:44,133 INFO reaped unknown pid 92662 (exit status 0)
2026-01-29 13:27:49,171 INFO reaped unknown pid 92669 (exit status 0)
2026-01-29 13:27:54,213 INFO reaped unknown pid 92676 (exit status 0)
2026-01-29 13:27:59,239 INFO reaped unknown pid 92683 (exit status 0)
2026-01-29 13:28:03,914 INFO reaped unknown pid 92694 (exit status 0)
2026-01-29 13:28:09,922 INFO reaped unknown pid 92701 (exit status 0)
2026-01-29 13:28:13,927 INFO reaped unknown pid 92708 (exit status 0)
2026-01-29 13:28:19,945 INFO reaped unknown pid 92715 (exit status 0)
2026-01-29 13:28:24,038 INFO reaped unknown pid 92722 (exit status 0)
2026-01-29 13:28:29,145 INFO reaped unknown pid 92729 (exit status 0)
2026-01-29 13:28:34,199 INFO reaped unknown pid 92736 (exit status 0)
2026-01-29 13:28:39,239 INFO reaped unknown pid 92743 (exit status 0)
2026-01-29 13:28:44,335 INFO reaped unknown pid 92750 (exit status 0)
2026-01-29 13:28:50,447 INFO reaped unknown pid 92757 (exit status 0)
2026-01-29 13:28:54,447 INFO reaped unknown pid 92764 (exit status 0)
2026-01-29 13:28:59,466 INFO reaped unknown pid 92771 (exit status 0)
2026-01-29 13:29:03,859 INFO reaped unknown pid 92782 (exit status 0)
2026-01-29 13:29:08,901 INFO reaped unknown pid 92789 (exit status 0)
2026-01-29 13:29:13,932 INFO reaped unknown pid 92796 (exit status 0)
2026-01-29 13:29:18,973 INFO reaped unknown pid 92803 (exit status 0)
2026-01-29 13:29:24,066 INFO reaped unknown pid 92810 (exit status 0)
2026-01-29 13:29:29,121 INFO reaped unknown pid 92817 (exit status 0)
2026-01-29 13:29:34,170 INFO reaped unknown pid 92824 (exit status 0)
2026-01-29 13:29:39,240 INFO reaped unknown pid 92831 (exit status 0)
2026-01-29 13:29:44,314 INFO reaped unknown pid 92838 (exit status 0)
2026-01-29 13:29:49,314 INFO reaped unknown pid 92845 (exit status 0)
2026-01-29 13:29:54,368 INFO reaped unknown pid 92852 (exit status 0)
2026-01-29 13:29:59,401 INFO reaped unknown pid 92859 (exit status 0)
2026-01-29 13:30:03,875 INFO reaped unknown pid 92870 (exit status 0)
2026-01-29 13:30:08,878 INFO reaped unknown pid 92877 (exit status 0)
2026-01-29 13:30:13,976 INFO reaped unknown pid 92884 (exit status 0)
2026-01-29 13:30:19,080 INFO reaped unknown pid 92891 (exit status 0)
2026-01-29 13:30:24,151 INFO reaped unknown pid 92898 (exit status 0)
2026-01-29 13:30:29,202 INFO reaped unknown pid 92905 (exit status 0)
2026-01-29 13:30:34,283 INFO reaped unknown pid 92912 (exit status 0)
2026-01-29 13:30:39,362 INFO reaped unknown pid 92919 (exit status 0)
2026-01-29 13:30:44,472 INFO reaped unknown pid 92926 (exit status 0)
2026-01-29 13:30:49,569 INFO reaped unknown pid 92933 (exit status 0)
2026-01-29 13:30:54,658 INFO reaped unknown pid 92940 (exit status 0)
2026-01-29 13:30:59,742 INFO reaped unknown pid 92947 (exit status 0)
2026-01-29 13:31:03,762 INFO reaped unknown pid 92958 (exit status 0)
2026-01-29 13:31:08,827 INFO reaped unknown pid 92965 (exit status 0)
2026-01-29 13:31:13,936 INFO reaped unknown pid 92972 (exit status 0)
2026-01-29 13:31:18,938 INFO reaped unknown pid 92979 (exit status 0)
2026-01-29 13:31:23,940 INFO reaped unknown pid 92986 (exit status 0)
2026-01-29 13:31:28,997 INFO reaped unknown pid 92993 (exit status 0)
2026-01-29 13:31:34,103 INFO reaped unknown pid 93000 (exit status 0)
2026-01-29 13:31:39,176 INFO reaped unknown pid 93007 (exit status 0)
2026-01-29 13:31:44,235 INFO reaped unknown pid 93014 (exit status 0)
2026-01-29 13:31:49,315 INFO reaped unknown pid 93021 (exit status 0)
2026-01-29 13:31:54,370 INFO reaped unknown pid 93028 (exit status 0)
2026-01-29 13:31:59,450 INFO reaped unknown pid 93035 (exit status 0)
2026-01-29 13:32:03,794 INFO reaped unknown pid 93046 (exit status 0)
2026-01-29 13:32:08,797 INFO reaped unknown pid 93053 (exit status 0)
2026-01-29 13:32:13,903 INFO reaped unknown pid 93060 (exit status 0)
2026-01-29 13:32:18,993 INFO reaped unknown pid 93067 (exit status 0)
2026-01-29 13:32:24,072 INFO reaped unknown pid 93074 (exit status 0)
2026-01-29 13:32:29,158 INFO reaped unknown pid 93081 (exit status 0)
2026-01-29 13:32:34,232 INFO reaped unknown pid 93088 (exit status 0)
2026-01-29 13:32:39,285 INFO reaped unknown pid 93095 (exit status 0)
2026-01-29 13:32:44,390 INFO reaped unknown pid 93102 (exit status 0)
2026-01-29 13:32:49,461 INFO reaped unknown pid 93109 (exit status 0)
2026-01-29 13:32:54,538 INFO reaped unknown pid 93116 (exit status 0)
2026-01-29 13:32:59,545 INFO reaped unknown pid 93123 (exit status 0)
2026-01-29 13:33:03,887 INFO reaped unknown pid 93134 (exit status 0)
2026-01-29 13:33:09,899 INFO reaped unknown pid 93141 (exit status 0)
2026-01-29 13:33:13,979 INFO reaped unknown pid 93148 (exit status 0)
2026-01-29 13:33:18,987 INFO reaped unknown pid 93155 (exit status 0)
2026-01-29 13:33:25,074 INFO reaped unknown pid 93162 (exit status 0)
2026-01-29 13:33:29,118 INFO reaped unknown pid 93169 (exit status 0)
2026-01-29 13:33:34,193 INFO reaped unknown pid 93176 (exit status 0)
2026-01-29 13:33:39,293 INFO reaped unknown pid 93183 (exit status 0)
2026-01-29 13:33:44,367 INFO reaped unknown pid 93190 (exit status 0)
2026-01-29 13:33:49,414 INFO reaped unknown pid 93197 (exit status 0)
2026-01-29 13:33:54,425 INFO reaped unknown pid 93204 (exit status 0)
2026-01-29 13:33:59,495 INFO reaped unknown pid 93211 (exit status 0)
2026-01-29 13:34:03,797 INFO reaped unknown pid 93222 (exit status 0)
2026-01-29 13:34:08,790 INFO reaped unknown pid 93229 (exit status 0)
2026-01-29 13:34:13,833 INFO reaped unknown pid 93236 (exit status 0)
2026-01-29 13:34:18,879 INFO reaped unknown pid 93243 (exit status 0)
2026-01-29 13:34:23,966 INFO reaped unknown pid 93250 (exit status 0)
2026-01-29 13:34:28,984 INFO reaped unknown pid 93257 (exit status 0)
2026-01-29 13:34:34,046 INFO reaped unknown pid 93264 (exit status 0)
2026-01-29 13:34:39,128 INFO reaped unknown pid 93271 (exit status 0)
2026-01-29 13:34:44,186 INFO reaped unknown pid 93278 (exit status 0)
2026-01-29 13:34:49,265 INFO reaped unknown pid 93285 (exit status 0)
2026-01-29 13:34:54,319 INFO reaped unknown pid 93292 (exit status 0)
2026-01-29 13:34:59,374 INFO reaped unknown pid 93299 (exit status 0)
2026-01-29 13:35:03,848 INFO reaped unknown pid 93310 (exit status 0)
2026-01-29 13:35:08,892 INFO reaped unknown pid 93317 (exit status 0)
2026-01-29 13:35:13,899 INFO reaped unknown pid 93324 (exit status 0)
2026-01-29 13:35:19,002 INFO reaped unknown pid 93331 (exit status 0)
2026-01-29 13:35:24,013 INFO reaped unknown pid 93338 (exit status 0)
2026-01-29 13:35:29,100 INFO reaped unknown pid 93345 (exit status 0)
2026-01-29 13:35:34,107 INFO reaped unknown pid 93352 (exit status 0)
2026-01-29 13:35:39,130 INFO reaped unknown pid 93359 (exit status 0)
2026-01-29 13:35:44,138 INFO reaped unknown pid 93366 (exit status 0)
2026-01-29 13:35:49,217 INFO reaped unknown pid 93373 (exit status 0)
2026-01-29 13:35:54,288 INFO reaped unknown pid 93380 (exit status 0)
2026-01-29 13:35:59,360 INFO reaped unknown pid 93387 (exit status 0)
2026-01-29 13:36:03,845 INFO reaped unknown pid 93398 (exit status 0)
2026-01-29 13:36:08,950 INFO reaped unknown pid 93405 (exit status 0)
2026-01-29 13:36:13,961 INFO reaped unknown pid 93412 (exit status 0)
2026-01-29 13:36:19,018 INFO reaped unknown pid 93419 (exit status 0)
2026-01-29 13:36:24,008 INFO reaped unknown pid 93426 (exit status 0)
2026-01-29 13:36:29,064 INFO reaped unknown pid 93433 (exit status 0)
2026-01-29 13:36:34,089 INFO reaped unknown pid 93440 (exit status 0)
2026-01-29 13:36:39,089 INFO reaped unknown pid 93447 (exit status 0)
2026-01-29 13:36:44,189 INFO reaped unknown pid 93454 (exit status 0)
2026-01-29 13:36:49,294 INFO reaped unknown pid 93461 (exit status 0)
2026-01-29 13:36:54,378 INFO reaped unknown pid 93468 (exit status 0)
2026-01-29 13:36:59,482 INFO reaped unknown pid 93475 (exit status 0)
2026-01-29 13:37:03,842 INFO reaped unknown pid 93486 (exit status 0)
2026-01-29 13:37:08,931 INFO reaped unknown pid 93493 (exit status 0)
2026-01-29 13:37:14,027 INFO reaped unknown pid 93500 (exit status 0)
2026-01-29 13:37:19,030 INFO reaped unknown pid 93507 (exit status 0)
2026-01-29 13:37:24,132 INFO reaped unknown pid 93514 (exit status 0)
2026-01-29 13:37:29,213 INFO reaped unknown pid 93521 (exit status 0)
2026-01-29 13:37:34,232 INFO reaped unknown pid 93528 (exit status 0)
2026-01-29 13:37:39,306 INFO reaped unknown pid 93535 (exit status 0)
2026-01-29 13:37:44,349 INFO reaped unknown pid 93542 (exit status 0)
2026-01-29 13:37:49,447 INFO reaped unknown pid 93549 (exit status 0)
2026-01-29 13:37:54,540 INFO reaped unknown pid 93556 (exit status 0)
2026-01-29 13:37:59,642 INFO reaped unknown pid 93563 (exit status 0)
2026-01-29 13:38:03,825 INFO reaped unknown pid 93574 (exit status 0)
2026-01-29 13:38:09,842 INFO reaped unknown pid 93581 (exit status 0)
2026-01-29 13:38:13,900 INFO reaped unknown pid 93588 (exit status 0)
2026-01-29 13:38:18,912 INFO reaped unknown pid 93595 (exit status 0)
2026-01-29 13:38:24,917 INFO reaped unknown pid 93602 (exit status 0)
2026-01-29 13:38:28,975 INFO reaped unknown pid 93609 (exit status 0)
2026-01-29 13:38:34,085 INFO reaped unknown pid 93616 (exit status 0)
2026-01-29 13:38:39,095 INFO reaped unknown pid 93623 (exit status 0)
2026-01-29 13:38:44,084 INFO reaped unknown pid 93630 (exit status 0)
2026-01-29 13:38:49,148 INFO reaped unknown pid 93637 (exit status 0)
2026-01-29 13:38:54,194 INFO reaped unknown pid 93644 (exit status 0)
2026-01-29 13:38:59,196 INFO reaped unknown pid 93651 (exit status 0)
2026-01-29 13:39:03,805 INFO reaped unknown pid 93662 (exit status 0)
2026-01-29 13:39:08,913 INFO reaped unknown pid 93669 (exit status 0)
2026-01-29 13:39:13,923 INFO reaped unknown pid 93676 (exit status 0)
2026-01-29 13:39:18,933 INFO reaped unknown pid 93683 (exit status 0)
2026-01-29 13:39:23,971 INFO reaped unknown pid 93690 (exit status 0)
2026-01-29 13:39:29,024 INFO reaped unknown pid 93697 (exit status 0)
2026-01-29 13:39:34,064 INFO reaped unknown pid 93704 (exit status 0)
2026-01-29 13:39:39,152 INFO reaped unknown pid 93711 (exit status 0)
2026-01-29 13:39:44,241 INFO reaped unknown pid 93718 (exit status 0)
2026-01-29 13:39:49,257 INFO reaped unknown pid 93725 (exit status 0)
2026-01-29 13:39:54,314 INFO reaped unknown pid 93732 (exit status 0)
2026-01-29 13:39:59,346 INFO reaped unknown pid 93739 (exit status 0)
2026-01-29 13:40:03,838 INFO reaped unknown pid 93750 (exit status 0)
2026-01-29 13:40:08,841 INFO reaped unknown pid 93757 (exit status 0)
2026-01-29 13:40:13,876 INFO reaped unknown pid 93764 (exit status 0)
2026-01-29 13:40:18,906 INFO reaped unknown pid 93771 (exit status 0)
2026-01-29 13:40:23,922 INFO reaped unknown pid 93778 (exit status 0)
2026-01-29 13:40:29,026 INFO reaped unknown pid 93785 (exit status 0)
2026-01-29 13:40:34,123 INFO reaped unknown pid 93792 (exit status 0)
2026-01-29 13:40:39,161 INFO reaped unknown pid 93799 (exit status 0)
2026-01-29 13:40:44,172 INFO reaped unknown pid 93806 (exit status 0)
2026-01-29 13:40:49,258 INFO reaped unknown pid 93813 (exit status 0)
2026-01-29 13:40:54,291 INFO reaped unknown pid 93820 (exit status 0)
2026-01-29 13:40:59,317 INFO reaped unknown pid 93827 (exit status 0)
2026-01-29 13:41:03,819 INFO reaped unknown pid 93838 (exit status 0)
2026-01-29 13:41:08,909 INFO reaped unknown pid 93845 (exit status 0)
2026-01-29 13:41:13,915 INFO reaped unknown pid 93852 (exit status 0)
2026-01-29 13:41:18,958 INFO reaped unknown pid 93859 (exit status 0)
2026-01-29 13:41:24,020 INFO reaped unknown pid 93866 (exit status 0)
2026-01-29 13:41:29,102 INFO reaped unknown pid 93873 (exit status 0)
2026-01-29 13:41:34,145 INFO reaped unknown pid 93880 (exit status 0)
2026-01-29 13:41:39,171 INFO reaped unknown pid 93887 (exit status 0)
2026-01-29 13:41:44,203 INFO reaped unknown pid 93894 (exit status 0)
2026-01-29 13:41:49,292 INFO reaped unknown pid 93901 (exit status 0)
2026-01-29 13:41:54,314 INFO reaped unknown pid 93908 (exit status 0)
2026-01-29 13:41:59,337 INFO reaped unknown pid 93915 (exit status 0)
2026-01-29 13:42:03,797 INFO reaped unknown pid 93926 (exit status 0)
2026-01-29 13:42:08,816 INFO reaped unknown pid 93933 (exit status 0)
2026-01-29 13:42:13,825 INFO reaped unknown pid 93940 (exit status 0)
2026-01-29 13:42:18,848 INFO reaped unknown pid 93947 (exit status 0)
2026-01-29 13:42:23,954 INFO reaped unknown pid 93954 (exit status 0)
2026-01-29 13:42:29,028 INFO reaped unknown pid 93961 (exit status 0)
2026-01-29 13:42:34,040 INFO reaped unknown pid 93968 (exit status 0)
2026-01-29 13:42:39,117 INFO reaped unknown pid 93975 (exit status 0)
2026-01-29 13:42:44,216 INFO reaped unknown pid 93982 (exit status 0)
2026-01-29 13:42:49,291 INFO reaped unknown pid 93989 (exit status 0)
2026-01-29 13:42:54,340 INFO reaped unknown pid 93996 (exit status 0)
2026-01-29 13:42:59,370 INFO reaped unknown pid 94003 (exit status 0)
2026-01-29 13:43:03,910 INFO reaped unknown pid 94014 (exit status 0)
2026-01-29 13:43:09,998 INFO reaped unknown pid 94021 (exit status 0)
2026-01-29 13:43:14,053 INFO reaped unknown pid 94028 (exit status 0)
2026-01-29 13:43:19,138 INFO reaped unknown pid 94035 (exit status 0)
2026-01-29 13:43:25,149 INFO reaped unknown pid 94042 (exit status 0)
2026-01-29 13:43:29,244 INFO reaped unknown pid 94049 (exit status 0)
2026-01-29 13:43:34,339 INFO reaped unknown pid 94056 (exit status 0)
2026-01-29 13:43:39,404 INFO reaped unknown pid 94063 (exit status 0)
2026-01-29 13:43:44,408 INFO reaped unknown pid 94070 (exit status 0)
2026-01-29 13:43:49,432 INFO reaped unknown pid 94077 (exit status 0)
2026-01-29 13:43:54,474 INFO reaped unknown pid 94084 (exit status 0)
2026-01-29 13:43:59,475 INFO reaped unknown pid 94091 (exit status 0)
2026-01-29 13:44:03,836 INFO reaped unknown pid 94102 (exit status 0)
2026-01-29 13:44:08,863 INFO reaped unknown pid 94109 (exit status 0)
2026-01-29 13:44:13,896 INFO reaped unknown pid 94116 (exit status 0)
2026-01-29 13:44:19,004 INFO reaped unknown pid 94123 (exit status 0)
2026-01-29 13:44:24,011 INFO reaped unknown pid 94130 (exit status 0)
2026-01-29 13:44:29,105 INFO reaped unknown pid 94137 (exit status 0)
2026-01-29 13:44:34,113 INFO reaped unknown pid 94144 (exit status 0)
2026-01-29 13:44:39,126 INFO reaped unknown pid 94151 (exit status 0)
2026-01-29 13:44:44,182 INFO reaped unknown pid 94158 (exit status 0)
2026-01-29 13:44:49,253 INFO reaped unknown pid 94165 (exit status 0)
2026-01-29 13:44:54,268 INFO reaped unknown pid 94172 (exit status 0)
2026-01-29 13:44:59,353 INFO reaped unknown pid 94179 (exit status 0)
2026-01-29 13:45:03,823 INFO reaped unknown pid 94190 (exit status 0)
2026-01-29 13:45:08,887 INFO reaped unknown pid 94197 (exit status 0)
2026-01-29 13:45:13,939 INFO reaped unknown pid 94204 (exit status 0)
2026-01-29 13:45:19,024 INFO reaped unknown pid 94211 (exit status 0)
2026-01-29 13:45:24,109 INFO reaped unknown pid 94218 (exit status 0)
2026-01-29 13:45:29,159 INFO reaped unknown pid 94225 (exit status 0)
2026-01-29 13:45:34,230 INFO reaped unknown pid 94232 (exit status 0)
2026-01-29 13:45:39,270 INFO reaped unknown pid 94239 (exit status 0)
2026-01-29 13:45:44,338 INFO reaped unknown pid 94246 (exit status 0)
2026-01-29 13:45:49,431 INFO reaped unknown pid 94253 (exit status 0)
2026-01-29 13:45:54,472 INFO reaped unknown pid 94260 (exit status 0)
2026-01-29 13:45:59,508 INFO reaped unknown pid 94267 (exit status 0)
2026-01-29 13:46:03,825 INFO reaped unknown pid 94278 (exit status 0)
2026-01-29 13:46:08,901 INFO reaped unknown pid 94285 (exit status 0)
2026-01-29 13:46:13,950 INFO reaped unknown pid 94292 (exit status 0)
2026-01-29 13:46:18,970 INFO reaped unknown pid 94299 (exit status 0)
2026-01-29 13:46:24,042 INFO reaped unknown pid 94306 (exit status 0)
2026-01-29 13:46:29,098 INFO reaped unknown pid 94313 (exit status 0)
2026-01-29 13:46:34,167 INFO reaped unknown pid 94320 (exit status 0)
2026-01-29 13:46:39,230 INFO reaped unknown pid 94327 (exit status 0)
2026-01-29 13:46:44,272 INFO reaped unknown pid 94334 (exit status 0)
2026-01-29 13:46:49,366 INFO reaped unknown pid 94341 (exit status 0)
2026-01-29 13:46:54,370 INFO reaped unknown pid 94348 (exit status 0)
2026-01-29 13:46:59,455 INFO reaped unknown pid 94355 (exit status 0)
2026-01-29 13:47:03,837 INFO reaped unknown pid 94366 (exit status 0)
2026-01-29 13:47:08,922 INFO reaped unknown pid 94373 (exit status 0)
2026-01-29 13:47:13,979 INFO reaped unknown pid 94380 (exit status 0)
2026-01-29 13:47:19,063 INFO reaped unknown pid 94387 (exit status 0)
2026-01-29 13:47:24,146 INFO reaped unknown pid 94394 (exit status 0)
2026-01-29 13:47:29,182 INFO reaped unknown pid 94401 (exit status 0)
2026-01-29 13:47:34,252 INFO reaped unknown pid 94408 (exit status 0)
2026-01-29 13:47:39,335 INFO reaped unknown pid 94415 (exit status 0)
2026-01-29 13:47:44,403 INFO reaped unknown pid 94422 (exit status 0)
2026-01-29 13:47:49,395 INFO reaped unknown pid 94429 (exit status 0)
2026-01-29 13:47:54,495 INFO reaped unknown pid 94436 (exit status 0)
2026-01-29 13:47:59,546 INFO reaped unknown pid 94443 (exit status 0)
2026-01-29 13:48:03,871 INFO reaped unknown pid 94454 (exit status 0)
2026-01-29 13:48:08,920 INFO reaped unknown pid 94461 (exit status 0)
2026-01-29 13:48:15,000 INFO reaped unknown pid 94468 (exit status 0)
2026-01-29 13:48:19,014 INFO reaped unknown pid 94475 (exit status 0)
2026-01-29 13:48:24,075 INFO reaped unknown pid 94482 (exit status 0)
2026-01-29 13:48:30,123 INFO reaped unknown pid 94489 (exit status 0)
2026-01-29 13:48:34,173 INFO reaped unknown pid 94496 (exit status 0)
2026-01-29 13:48:39,264 INFO reaped unknown pid 94503 (exit status 0)
2026-01-29 13:48:44,309 INFO reaped unknown pid 94510 (exit status 0)
2026-01-29 13:48:50,379 INFO reaped unknown pid 94517 (exit status 0)
2026-01-29 13:48:54,438 INFO reaped unknown pid 94524 (exit status 0)
2026-01-29 13:48:59,522 INFO reaped unknown pid 94531 (exit status 0)
2026-01-29 13:49:03,815 INFO reaped unknown pid 94542 (exit status 0)
2026-01-29 13:49:08,843 INFO reaped unknown pid 94549 (exit status 0)
2026-01-29 13:49:13,854 INFO reaped unknown pid 94556 (exit status 0)
2026-01-29 13:49:18,884 INFO reaped unknown pid 94563 (exit status 0)
2026-01-29 13:49:23,947 INFO reaped unknown pid 94570 (exit status 0)
2026-01-29 13:49:28,982 INFO reaped unknown pid 94577 (exit status 0)
2026-01-29 13:49:34,063 INFO reaped unknown pid 94584 (exit status 0)
2026-01-29 13:49:39,098 INFO reaped unknown pid 94591 (exit status 0)
2026-01-29 13:49:44,150 INFO reaped unknown pid 94598 (exit status 0)
2026-01-29 13:49:49,218 INFO reaped unknown pid 94605 (exit status 0)
2026-01-29 13:49:54,225 INFO reaped unknown pid 94612 (exit status 0)
2026-01-29 13:49:59,273 INFO reaped unknown pid 94619 (exit status 0)
2026-01-29 13:50:03,889 INFO reaped unknown pid 94630 (exit status 0)
2026-01-29 13:50:08,950 INFO reaped unknown pid 94637 (exit status 0)
2026-01-29 13:50:14,039 INFO reaped unknown pid 94644 (exit status 0)
2026-01-29 13:50:19,141 INFO reaped unknown pid 94651 (exit status 0)
2026-01-29 13:50:24,251 INFO reaped unknown pid 94658 (exit status 0)
2026-01-29 13:50:29,324 INFO reaped unknown pid 94665 (exit status 0)
2026-01-29 13:50:34,425 INFO reaped unknown pid 94672 (exit status 0)
2026-01-29 13:50:39,524 INFO reaped unknown pid 94679 (exit status 0)
2026-01-29 13:50:44,607 INFO reaped unknown pid 94686 (exit status 0)
2026-01-29 13:50:49,683 INFO reaped unknown pid 94693 (exit status 0)
2026-01-29 13:50:54,703 INFO reaped unknown pid 94700 (exit status 0)
2026-01-29 13:50:59,821 INFO reaped unknown pid 94707 (exit status 0)
2026-01-29 13:51:03,840 INFO reaped unknown pid 94718 (exit status 0)
2026-01-29 13:51:08,948 INFO reaped unknown pid 94725 (exit status 0)
2026-01-29 13:51:13,981 INFO reaped unknown pid 94732 (exit status 0)
2026-01-29 13:51:19,054 INFO reaped unknown pid 94739 (exit status 0)
2026-01-29 13:51:24,063 INFO reaped unknown pid 94746 (exit status 0)
2026-01-29 13:51:29,149 INFO reaped unknown pid 94753 (exit status 0)
2026-01-29 13:51:34,248 INFO reaped unknown pid 94760 (exit status 0)
2026-01-29 13:51:39,318 INFO reaped unknown pid 94767 (exit status 0)
2026-01-29 13:51:44,385 INFO reaped unknown pid 94774 (exit status 0)
2026-01-29 13:51:49,425 INFO reaped unknown pid 94781 (exit status 0)
2026-01-29 13:51:54,475 INFO reaped unknown pid 94788 (exit status 0)
2026-01-29 13:51:59,544 INFO reaped unknown pid 94795 (exit status 0)
2026-01-29 13:52:03,770 INFO reaped unknown pid 94806 (exit status 0)
2026-01-29 13:52:08,840 INFO reaped unknown pid 94813 (exit status 0)
2026-01-29 13:52:13,892 INFO reaped unknown pid 94820 (exit status 0)
2026-01-29 13:52:18,928 INFO reaped unknown pid 94827 (exit status 0)
2026-01-29 13:52:24,005 INFO reaped unknown pid 94834 (exit status 0)
2026-01-29 13:52:29,090 INFO reaped unknown pid 94841 (exit status 0)
2026-01-29 13:52:34,140 INFO reaped unknown pid 94848 (exit status 0)
2026-01-29 13:52:39,206 INFO reaped unknown pid 94855 (exit status 0)
2026-01-29 13:52:44,250 INFO reaped unknown pid 94862 (exit status 0)
2026-01-29 13:52:49,288 INFO reaped unknown pid 94869 (exit status 0)
2026-01-29 13:52:54,340 INFO reaped unknown pid 94876 (exit status 0)
2026-01-29 13:52:59,406 INFO reaped unknown pid 94883 (exit status 0)
2026-01-29 13:53:03,822 INFO reaped unknown pid 94894 (exit status 0)
2026-01-29 13:53:08,856 INFO reaped unknown pid 94901 (exit status 0)
2026-01-29 13:53:14,912 INFO reaped unknown pid 94908 (exit status 0)
2026-01-29 13:53:18,954 INFO reaped unknown pid 94915 (exit status 0)
2026-01-29 13:53:24,031 INFO reaped unknown pid 94922 (exit status 0)
2026-01-29 13:53:30,083 INFO reaped unknown pid 94929 (exit status 0)
2026-01-29 13:53:34,122 INFO reaped unknown pid 94936 (exit status 0)
2026-01-29 13:53:39,158 INFO reaped unknown pid 94943 (exit status 0)
2026-01-29 13:53:44,223 INFO reaped unknown pid 94950 (exit status 0)
2026-01-29 13:53:49,289 INFO reaped unknown pid 94957 (exit status 0)
2026-01-29 13:53:54,349 INFO reaped unknown pid 94964 (exit status 0)
2026-01-29 13:53:59,451 INFO reaped unknown pid 94971 (exit status 0)
2026-01-29 13:54:03,774 INFO reaped unknown pid 94982 (exit status 0)
2026-01-29 13:54:08,833 INFO reaped unknown pid 94989 (exit status 0)
2026-01-29 13:54:13,884 INFO reaped unknown pid 94996 (exit status 0)
2026-01-29 13:54:18,979 INFO reaped unknown pid 95003 (exit status 0)
2026-01-29 13:54:24,034 INFO reaped unknown pid 95010 (exit status 0)
2026-01-29 13:54:29,107 INFO reaped unknown pid 95017 (exit status 0)
2026-01-29 13:54:34,191 INFO reaped unknown pid 95024 (exit status 0)
2026-01-29 13:54:39,284 INFO reaped unknown pid 95031 (exit status 0)
2026-01-29 13:54:44,320 INFO reaped unknown pid 95038 (exit status 0)
2026-01-29 13:54:49,395 INFO reaped unknown pid 95045 (exit status 0)
2026-01-29 13:54:54,430 INFO reaped unknown pid 95052 (exit status 0)
2026-01-29 13:54:59,514 INFO reaped unknown pid 95059 (exit status 0)
2026-01-29 13:55:03,914 INFO reaped unknown pid 95070 (exit status 0)
2026-01-29 13:55:08,939 INFO reaped unknown pid 95077 (exit status 0)
2026-01-29 13:55:13,989 INFO reaped unknown pid 95084 (exit status 0)
2026-01-29 13:55:19,049 INFO reaped unknown pid 95091 (exit status 0)
2026-01-29 13:55:24,086 INFO reaped unknown pid 95098 (exit status 0)
2026-01-29 13:55:29,123 INFO reaped unknown pid 95105 (exit status 0)
2026-01-29 13:55:34,185 INFO reaped unknown pid 95112 (exit status 0)
2026-01-29 13:55:39,236 INFO reaped unknown pid 95119 (exit status 0)
2026-01-29 13:55:44,306 INFO reaped unknown pid 95126 (exit status 0)
2026-01-29 13:55:49,362 INFO reaped unknown pid 95133 (exit status 0)
2026-01-29 13:55:54,445 INFO reaped unknown pid 95140 (exit status 0)
2026-01-29 13:55:59,514 INFO reaped unknown pid 95147 (exit status 0)
2026-01-29 13:56:03,787 INFO reaped unknown pid 95158 (exit status 0)
2026-01-29 13:56:08,829 INFO reaped unknown pid 95165 (exit status 0)
2026-01-29 13:56:13,919 INFO reaped unknown pid 95172 (exit status 0)
2026-01-29 13:56:18,974 INFO reaped unknown pid 95179 (exit status 0)
2026-01-29 13:56:24,032 INFO reaped unknown pid 95186 (exit status 0)
2026-01-29 13:56:29,086 INFO reaped unknown pid 95193 (exit status 0)
2026-01-29 13:56:34,156 INFO reaped unknown pid 95200 (exit status 0)
2026-01-29 13:56:39,224 INFO reaped unknown pid 95207 (exit status 0)
2026-01-29 13:56:44,295 INFO reaped unknown pid 95214 (exit status 0)
2026-01-29 13:56:49,357 INFO reaped unknown pid 95221 (exit status 0)
2026-01-29 13:56:54,401 INFO reaped unknown pid 95228 (exit status 0)
2026-01-29 13:56:59,458 INFO reaped unknown pid 95235 (exit status 0)
2026-01-29 13:57:03,825 INFO reaped unknown pid 95246 (exit status 0)
2026-01-29 13:57:08,843 INFO reaped unknown pid 95253 (exit status 0)
2026-01-29 13:57:13,934 INFO reaped unknown pid 95260 (exit status 0)
2026-01-29 13:57:18,946 INFO reaped unknown pid 95267 (exit status 0)
2026-01-29 13:57:23,949 INFO reaped unknown pid 95274 (exit status 0)
2026-01-29 13:57:29,042 INFO reaped unknown pid 95281 (exit status 0)
2026-01-29 13:57:34,067 INFO reaped unknown pid 95288 (exit status 0)
2026-01-29 13:57:39,170 INFO reaped unknown pid 95295 (exit status 0)
2026-01-29 13:57:44,276 INFO reaped unknown pid 95302 (exit status 0)
2026-01-29 13:57:49,383 INFO reaped unknown pid 95309 (exit status 0)
2026-01-29 13:57:54,403 INFO reaped unknown pid 95316 (exit status 0)
2026-01-29 13:57:59,403 INFO reaped unknown pid 95323 (exit status 0)
2026-01-29 13:58:03,790 INFO reaped unknown pid 95334 (exit status 0)
2026-01-29 13:58:08,884 INFO reaped unknown pid 95341 (exit status 0)
2026-01-29 13:58:14,957 INFO reaped unknown pid 95348 (exit status 0)
2026-01-29 13:58:19,012 INFO reaped unknown pid 95355 (exit status 0)
2026-01-29 13:58:24,091 INFO reaped unknown pid 95362 (exit status 0)
2026-01-29 13:58:30,167 INFO reaped unknown pid 95369 (exit status 0)
2026-01-29 13:58:34,253 INFO reaped unknown pid 95376 (exit status 0)
2026-01-29 13:58:39,322 INFO reaped unknown pid 95383 (exit status 0)
2026-01-29 13:58:44,415 INFO reaped unknown pid 95390 (exit status 0)
2026-01-29 13:58:49,507 INFO reaped unknown pid 95397 (exit status 0)
2026-01-29 13:58:54,517 INFO reaped unknown pid 95404 (exit status 0)
2026-01-29 13:58:59,520 INFO reaped unknown pid 95411 (exit status 0)
2026-01-29 13:59:03,776 INFO reaped unknown pid 95422 (exit status 0)
2026-01-29 13:59:08,870 INFO reaped unknown pid 95429 (exit status 0)
2026-01-29 13:59:13,972 INFO reaped unknown pid 95436 (exit status 0)
2026-01-29 13:59:18,978 INFO reaped unknown pid 95443 (exit status 0)
2026-01-29 13:59:23,976 INFO reaped unknown pid 95450 (exit status 0)
2026-01-29 13:59:29,052 INFO reaped unknown pid 95457 (exit status 0)
2026-01-29 13:59:34,120 INFO reaped unknown pid 95464 (exit status 0)
2026-01-29 13:59:39,178 INFO reaped unknown pid 95471 (exit status 0)
2026-01-29 13:59:44,281 INFO reaped unknown pid 95478 (exit status 0)
2026-01-29 13:59:49,305 INFO reaped unknown pid 95485 (exit status 0)
2026-01-29 13:59:54,308 INFO reaped unknown pid 95492 (exit status 0)
2026-01-29 13:59:59,401 INFO reaped unknown pid 95499 (exit status 0)
2026-01-29 14:00:03,748 INFO reaped unknown pid 95510 (exit status 0)
2026-01-29 14:00:08,750 INFO reaped unknown pid 95517 (exit status 0)
2026-01-29 14:00:13,770 INFO reaped unknown pid 95524 (exit status 0)
2026-01-29 14:00:18,788 INFO reaped unknown pid 95531 (exit status 0)
2026-01-29 14:00:23,800 INFO reaped unknown pid 95538 (exit status 0)
2026-01-29 14:00:28,884 INFO reaped unknown pid 95545 (exit status 0)
2026-01-29 14:00:33,917 INFO reaped unknown pid 95552 (exit status 0)
2026-01-29 14:00:38,919 INFO reaped unknown pid 95559 (exit status 0)
2026-01-29 14:00:43,923 INFO reaped unknown pid 95566 (exit status 0)
2026-01-29 14:00:48,956 INFO reaped unknown pid 95573 (exit status 0)
2026-01-29 14:00:53,969 INFO reaped unknown pid 95580 (exit status 0)
2026-01-29 14:00:59,078 INFO reaped unknown pid 95587 (exit status 0)
2026-01-29 14:01:03,835 INFO reaped unknown pid 95598 (exit status 0)
2026-01-29 14:01:08,912 INFO reaped unknown pid 95605 (exit status 0)
2026-01-29 14:01:13,939 INFO reaped unknown pid 95612 (exit status 0)
2026-01-29 14:01:19,048 INFO reaped unknown pid 95619 (exit status 0)
2026-01-29 14:01:24,148 INFO reaped unknown pid 95626 (exit status 0)
2026-01-29 14:01:29,225 INFO reaped unknown pid 95633 (exit status 0)
2026-01-29 14:01:34,253 INFO reaped unknown pid 95640 (exit status 0)
2026-01-29 14:01:39,262 INFO reaped unknown pid 95647 (exit status 0)
2026-01-29 14:01:44,268 INFO reaped unknown pid 95654 (exit status 0)
2026-01-29 14:01:49,302 INFO reaped unknown pid 95661 (exit status 0)
2026-01-29 14:01:54,369 INFO reaped unknown pid 95668 (exit status 0)
2026-01-29 14:01:59,404 INFO reaped unknown pid 95675 (exit status 0)
2026-01-29 14:02:03,760 INFO reaped unknown pid 95686 (exit status 0)
2026-01-29 14:02:08,812 INFO reaped unknown pid 95693 (exit status 0)
2026-01-29 14:02:13,917 INFO reaped unknown pid 95700 (exit status 0)
2026-01-29 14:02:18,979 INFO reaped unknown pid 95707 (exit status 0)
2026-01-29 14:02:24,046 INFO reaped unknown pid 95714 (exit status 0)
2026-01-29 14:02:29,041 INFO reaped unknown pid 95721 (exit status 0)
2026-01-29 14:02:34,097 INFO reaped unknown pid 95728 (exit status 0)
2026-01-29 14:02:39,167 INFO reaped unknown pid 95735 (exit status 0)
2026-01-29 14:02:44,233 INFO reaped unknown pid 95742 (exit status 0)
2026-01-29 14:02:49,285 INFO reaped unknown pid 95749 (exit status 0)
2026-01-29 14:02:54,315 INFO reaped unknown pid 95756 (exit status 0)
2026-01-29 14:02:59,326 INFO reaped unknown pid 95763 (exit status 0)
2026-01-29 14:03:03,824 INFO reaped unknown pid 95774 (exit status 0)
2026-01-29 14:03:08,834 INFO reaped unknown pid 95781 (exit status 0)
2026-01-29 14:03:13,890 INFO reaped unknown pid 95788 (exit status 0)
2026-01-29 14:03:19,909 INFO reaped unknown pid 95795 (exit status 0)
2026-01-29 14:03:23,970 INFO reaped unknown pid 95802 (exit status 0)
2026-01-29 14:03:28,970 INFO reaped unknown pid 95809 (exit status 0)
2026-01-29 14:03:35,043 INFO reaped unknown pid 95816 (exit status 0)
2026-01-29 14:03:39,126 INFO reaped unknown pid 95823 (exit status 0)
2026-01-29 14:03:44,139 INFO reaped unknown pid 95830 (exit status 0)
2026-01-29 14:03:49,245 INFO reaped unknown pid 95837 (exit status 0)
2026-01-29 14:03:54,322 INFO reaped unknown pid 95844 (exit status 0)
2026-01-29 14:03:59,355 INFO reaped unknown pid 95851 (exit status 0)
2026-01-29 14:04:03,743 INFO reaped unknown pid 95862 (exit status 0)
2026-01-29 14:04:08,763 INFO reaped unknown pid 95869 (exit status 0)
2026-01-29 14:04:13,862 INFO reaped unknown pid 95876 (exit status 0)
2026-01-29 14:04:18,862 INFO reaped unknown pid 95883 (exit status 0)
2026-01-29 14:04:23,873 INFO reaped unknown pid 95890 (exit status 0)
2026-01-29 14:04:28,875 INFO reaped unknown pid 95897 (exit status 0)
2026-01-29 14:04:33,886 INFO reaped unknown pid 95904 (exit status 0)
2026-01-29 14:04:38,980 INFO reaped unknown pid 95911 (exit status 0)
2026-01-29 14:04:43,995 INFO reaped unknown pid 95918 (exit status 0)
2026-01-29 14:04:49,075 INFO reaped unknown pid 95925 (exit status 0)
2026-01-29 14:04:54,170 INFO reaped unknown pid 95932 (exit status 0)
2026-01-29 14:04:59,192 INFO reaped unknown pid 95939 (exit status 0)
2026-01-29 14:05:03,754 INFO reaped unknown pid 95950 (exit status 0)
2026-01-29 14:05:08,764 INFO reaped unknown pid 95957 (exit status 0)
2026-01-29 14:05:13,807 INFO reaped unknown pid 95964 (exit status 0)
2026-01-29 14:05:18,861 INFO reaped unknown pid 95971 (exit status 0)
2026-01-29 14:05:23,901 INFO reaped unknown pid 95978 (exit status 0)
2026-01-29 14:05:28,930 INFO reaped unknown pid 95985 (exit status 0)
2026-01-29 14:05:33,970 INFO reaped unknown pid 95992 (exit status 0)
2026-01-29 14:05:38,987 INFO reaped unknown pid 95999 (exit status 0)
2026-01-29 14:05:44,008 INFO reaped unknown pid 96006 (exit status 0)
2026-01-29 14:05:49,056 INFO reaped unknown pid 96013 (exit status 0)
2026-01-29 14:05:54,093 INFO reaped unknown pid 96020 (exit status 0)
2026-01-29 14:05:59,132 INFO reaped unknown pid 96027 (exit status 0)
2026-01-29 14:06:03,847 INFO reaped unknown pid 96038 (exit status 0)
2026-01-29 14:06:08,877 INFO reaped unknown pid 96045 (exit status 0)
2026-01-29 14:06:13,958 INFO reaped unknown pid 96052 (exit status 0)
2026-01-29 14:06:18,980 INFO reaped unknown pid 96059 (exit status 0)
2026-01-29 14:06:24,036 INFO reaped unknown pid 96066 (exit status 0)
2026-01-29 14:06:29,074 INFO reaped unknown pid 96073 (exit status 0)
2026-01-29 14:06:34,068 INFO reaped unknown pid 96080 (exit status 0)
2026-01-29 14:06:39,155 INFO reaped unknown pid 96087 (exit status 0)
2026-01-29 14:06:44,185 INFO reaped unknown pid 96094 (exit status 0)
2026-01-29 14:06:49,219 INFO reaped unknown pid 96101 (exit status 0)
2026-01-29 14:06:54,252 INFO reaped unknown pid 96108 (exit status 0)
2026-01-29 14:06:59,328 INFO reaped unknown pid 96115 (exit status 0)
2026-01-29 14:07:03,871 INFO reaped unknown pid 96126 (exit status 0)
2026-01-29 14:07:08,887 INFO reaped unknown pid 96133 (exit status 0)
2026-01-29 14:07:13,965 INFO reaped unknown pid 96140 (exit status 0)
2026-01-29 14:07:19,059 INFO reaped unknown pid 96147 (exit status 0)
2026-01-29 14:07:24,114 INFO reaped unknown pid 96154 (exit status 0)
2026-01-29 14:07:29,171 INFO reaped unknown pid 96161 (exit status 0)
2026-01-29 14:07:34,229 INFO reaped unknown pid 96168 (exit status 0)
2026-01-29 14:07:39,299 INFO reaped unknown pid 96175 (exit status 0)
2026-01-29 14:07:44,305 INFO reaped unknown pid 96182 (exit status 0)
2026-01-29 14:07:49,355 INFO reaped unknown pid 96189 (exit status 0)
2026-01-29 14:07:54,388 INFO reaped unknown pid 96196 (exit status 0)
2026-01-29 14:07:59,441 INFO reaped unknown pid 96203 (exit status 0)
2026-01-29 14:08:03,888 INFO reaped unknown pid 96214 (exit status 0)
2026-01-29 14:08:08,960 INFO reaped unknown pid 96221 (exit status 0)
2026-01-29 14:08:13,975 INFO reaped unknown pid 96228 (exit status 0)
2026-01-29 14:08:20,081 INFO reaped unknown pid 96235 (exit status 0)
2026-01-29 14:08:24,178 INFO reaped unknown pid 96242 (exit status 0)
2026-01-29 14:08:29,211 INFO reaped unknown pid 96249 (exit status 0)
2026-01-29 14:08:35,269 INFO reaped unknown pid 96256 (exit status 0)
2026-01-29 14:08:39,382 INFO reaped unknown pid 96263 (exit status 0)
2026-01-29 14:08:44,465 INFO reaped unknown pid 96270 (exit status 0)
2026-01-29 14:08:49,490 INFO reaped unknown pid 96277 (exit status 0)
2026-01-29 14:08:54,563 INFO reaped unknown pid 96284 (exit status 0)
2026-01-29 14:08:59,658 INFO reaped unknown pid 96291 (exit status 0)
2026-01-29 14:09:03,851 INFO reaped unknown pid 96302 (exit status 0)
2026-01-29 14:09:08,864 INFO reaped unknown pid 96309 (exit status 0)
2026-01-29 14:09:13,930 INFO reaped unknown pid 96316 (exit status 0)
2026-01-29 14:09:18,937 INFO reaped unknown pid 96323 (exit status 0)
2026-01-29 14:09:24,038 INFO reaped unknown pid 96330 (exit status 0)
2026-01-29 14:09:29,064 INFO reaped unknown pid 96337 (exit status 0)
2026-01-29 14:09:34,074 INFO reaped unknown pid 96344 (exit status 0)
2026-01-29 14:09:39,118 INFO reaped unknown pid 96351 (exit status 0)
2026-01-29 14:09:44,190 INFO reaped unknown pid 96358 (exit status 0)
2026-01-29 14:09:49,239 INFO reaped unknown pid 96365 (exit status 0)
2026-01-29 14:09:54,256 INFO reaped unknown pid 96372 (exit status 0)
2026-01-29 14:09:59,260 INFO reaped unknown pid 96379 (exit status 0)
2026-01-29 14:10:04,435 INFO reaped unknown pid 96390 (exit status 0)
2026-01-29 14:10:09,476 INFO reaped unknown pid 96397 (exit status 0)
2026-01-29 14:10:14,515 INFO reaped unknown pid 96404 (exit status 0)
2026-01-29 14:10:19,595 INFO reaped unknown pid 96411 (exit status 0)
2026-01-29 14:10:24,629 INFO reaped unknown pid 96418 (exit status 0)
2026-01-29 14:10:29,704 INFO reaped unknown pid 96425 (exit status 0)
2026-01-29 14:10:34,779 INFO reaped unknown pid 96432 (exit status 0)
2026-01-29 14:10:39,825 INFO reaped unknown pid 96439 (exit status 0)
2026-01-29 14:10:44,911 INFO reaped unknown pid 96446 (exit status 0)
2026-01-29 14:10:49,967 INFO reaped unknown pid 96453 (exit status 0)
2026-01-29 14:10:55,008 INFO reaped unknown pid 96460 (exit status 0)
2026-01-29 14:11:00,034 INFO reaped unknown pid 96467 (exit status 0)
2026-01-29 14:11:03,893 INFO reaped unknown pid 96478 (exit status 0)
2026-01-29 14:11:08,960 INFO reaped unknown pid 96485 (exit status 0)
2026-01-29 14:11:13,956 INFO reaped unknown pid 96492 (exit status 0)
2026-01-29 14:11:19,009 INFO reaped unknown pid 96499 (exit status 0)
2026-01-29 14:11:24,043 INFO reaped unknown pid 96506 (exit status 0)
2026-01-29 14:11:29,063 INFO reaped unknown pid 96513 (exit status 0)
2026-01-29 14:11:34,108 INFO reaped unknown pid 96520 (exit status 0)
2026-01-29 14:11:39,166 INFO reaped unknown pid 96527 (exit status 0)
2026-01-29 14:11:44,225 INFO reaped unknown pid 96534 (exit status 0)
2026-01-29 14:11:49,286 INFO reaped unknown pid 96541 (exit status 0)
2026-01-29 14:11:54,329 INFO reaped unknown pid 96548 (exit status 0)
2026-01-29 14:11:59,346 INFO reaped unknown pid 96555 (exit status 0)
2026-01-29 14:12:03,788 INFO reaped unknown pid 96566 (exit status 0)
2026-01-29 14:12:08,798 INFO reaped unknown pid 96573 (exit status 0)
2026-01-29 14:12:13,814 INFO reaped unknown pid 96580 (exit status 0)
2026-01-29 14:12:18,862 INFO reaped unknown pid 96587 (exit status 0)
2026-01-29 14:12:23,947 INFO reaped unknown pid 96594 (exit status 0)
2026-01-29 14:12:29,022 INFO reaped unknown pid 96601 (exit status 0)
2026-01-29 14:12:34,052 INFO reaped unknown pid 96608 (exit status 0)
2026-01-29 14:12:39,109 INFO reaped unknown pid 96615 (exit status 0)
2026-01-29 14:12:44,197 INFO reaped unknown pid 96622 (exit status 0)
2026-01-29 14:12:49,235 INFO reaped unknown pid 96629 (exit status 0)
2026-01-29 14:12:54,268 INFO reaped unknown pid 96636 (exit status 0)
2026-01-29 14:12:59,318 INFO reaped unknown pid 96643 (exit status 0)
2026-01-29 14:13:03,854 INFO reaped unknown pid 96654 (exit status 0)
2026-01-29 14:13:08,856 INFO reaped unknown pid 96661 (exit status 0)
2026-01-29 14:13:13,885 INFO reaped unknown pid 96668 (exit status 0)
2026-01-29 14:13:19,964 INFO reaped unknown pid 96675 (exit status 0)
2026-01-29 14:13:24,069 INFO reaped unknown pid 96682 (exit status 0)
2026-01-29 14:13:29,173 INFO reaped unknown pid 96689 (exit status 0)
2026-01-29 14:13:35,196 INFO reaped unknown pid 96696 (exit status 0)
2026-01-29 14:13:39,301 INFO reaped unknown pid 96703 (exit status 0)
2026-01-29 14:13:44,406 INFO reaped unknown pid 96710 (exit status 0)
2026-01-29 14:13:49,492 INFO reaped unknown pid 96717 (exit status 0)
2026-01-29 14:13:54,518 INFO reaped unknown pid 96724 (exit status 0)
2026-01-29 14:13:59,624 INFO reaped unknown pid 96731 (exit status 0)
2026-01-29 14:14:03,763 INFO reaped unknown pid 96742 (exit status 0)
2026-01-29 14:14:08,774 INFO reaped unknown pid 96749 (exit status 0)
2026-01-29 14:14:13,793 INFO reaped unknown pid 96756 (exit status 0)
2026-01-29 14:14:18,800 INFO reaped unknown pid 96763 (exit status 0)
2026-01-29 14:14:23,834 INFO reaped unknown pid 96770 (exit status 0)
2026-01-29 14:14:28,846 INFO reaped unknown pid 96777 (exit status 0)
2026-01-29 14:14:33,900 INFO reaped unknown pid 96784 (exit status 0)
2026-01-29 14:14:38,905 INFO reaped unknown pid 96791 (exit status 0)
2026-01-29 14:14:43,993 INFO reaped unknown pid 96798 (exit status 0)
2026-01-29 14:14:49,006 INFO reaped unknown pid 96805 (exit status 0)
2026-01-29 14:14:54,054 INFO reaped unknown pid 96812 (exit status 0)
2026-01-29 14:14:59,121 INFO reaped unknown pid 96819 (exit status 0)
2026-01-29 14:15:03,760 INFO reaped unknown pid 96830 (exit status 0)
2026-01-29 14:15:08,774 INFO reaped unknown pid 96837 (exit status 0)
2026-01-29 14:15:13,829 INFO reaped unknown pid 96844 (exit status 0)
2026-01-29 14:15:18,888 INFO reaped unknown pid 96851 (exit status 0)
2026-01-29 14:15:23,944 INFO reaped unknown pid 96858 (exit status 0)
2026-01-29 14:15:28,969 INFO reaped unknown pid 96865 (exit status 0)
2026-01-29 14:15:34,040 INFO reaped unknown pid 96872 (exit status 0)
2026-01-29 14:15:39,071 INFO reaped unknown pid 96879 (exit status 0)
2026-01-29 14:15:44,095 INFO reaped unknown pid 96886 (exit status 0)
2026-01-29 14:15:49,104 INFO reaped unknown pid 96893 (exit status 0)
2026-01-29 14:15:54,178 INFO reaped unknown pid 96900 (exit status 0)
2026-01-29 14:15:59,233 INFO reaped unknown pid 96907 (exit status 0)
2026-01-29 14:16:03,771 INFO reaped unknown pid 96918 (exit status 0)
2026-01-29 14:16:08,800 INFO reaped unknown pid 96925 (exit status 0)
2026-01-29 14:16:13,901 INFO reaped unknown pid 96932 (exit status 0)
2026-01-29 14:16:18,909 INFO reaped unknown pid 96939 (exit status 0)
2026-01-29 14:16:23,918 INFO reaped unknown pid 96946 (exit status 0)
2026-01-29 14:16:28,922 INFO reaped unknown pid 96953 (exit status 0)
2026-01-29 14:16:33,989 INFO reaped unknown pid 96960 (exit status 0)
2026-01-29 14:16:39,012 INFO reaped unknown pid 96967 (exit status 0)
2026-01-29 14:16:44,063 INFO reaped unknown pid 96974 (exit status 0)
2026-01-29 14:16:49,135 INFO reaped unknown pid 96981 (exit status 0)
2026-01-29 14:16:54,153 INFO reaped unknown pid 96988 (exit status 0)
2026-01-29 14:16:59,185 INFO reaped unknown pid 96995 (exit status 0)
2026-01-29 14:17:03,827 INFO reaped unknown pid 97006 (exit status 0)
2026-01-29 14:17:08,875 INFO reaped unknown pid 97013 (exit status 0)
2026-01-29 14:17:13,887 INFO reaped unknown pid 97020 (exit status 0)
2026-01-29 14:17:18,894 INFO reaped unknown pid 97027 (exit status 0)
2026-01-29 14:17:23,984 INFO reaped unknown pid 97034 (exit status 0)
2026-01-29 14:17:29,032 INFO reaped unknown pid 97041 (exit status 0)
2026-01-29 14:17:34,051 INFO reaped unknown pid 97048 (exit status 0)
2026-01-29 14:17:39,057 INFO reaped unknown pid 97055 (exit status 0)
2026-01-29 14:17:44,076 INFO reaped unknown pid 97062 (exit status 0)
2026-01-29 14:17:49,083 INFO reaped unknown pid 97069 (exit status 0)
2026-01-29 14:17:54,099 INFO reaped unknown pid 97076 (exit status 0)
2026-01-29 14:17:59,118 INFO reaped unknown pid 97083 (exit status 0)
2026-01-29 14:18:03,788 INFO reaped unknown pid 97094 (exit status 0)
2026-01-29 14:18:08,821 INFO reaped unknown pid 97101 (exit status 0)
2026-01-29 14:18:13,856 INFO reaped unknown pid 97108 (exit status 0)
2026-01-29 14:18:18,877 INFO reaped unknown pid 97115 (exit status 0)
2026-01-29 14:18:24,879 INFO reaped unknown pid 97122 (exit status 0)
2026-01-29 14:18:28,931 INFO reaped unknown pid 97129 (exit status 0)
2026-01-29 14:18:33,952 INFO reaped unknown pid 97136 (exit status 0)
2026-01-29 14:18:39,993 INFO reaped unknown pid 97143 (exit status 0)
2026-01-29 14:18:44,075 INFO reaped unknown pid 97150 (exit status 0)
2026-01-29 14:18:49,144 INFO reaped unknown pid 97157 (exit status 0)
2026-01-29 14:18:54,143 INFO reaped unknown pid 97164 (exit status 0)
2026-01-29 14:18:59,169 INFO reaped unknown pid 97171 (exit status 0)
2026-01-29 14:19:03,742 INFO reaped unknown pid 97182 (exit status 0)
2026-01-29 14:19:08,764 INFO reaped unknown pid 97189 (exit status 0)
2026-01-29 14:19:13,869 INFO reaped unknown pid 97196 (exit status 0)
2026-01-29 14:19:18,980 INFO reaped unknown pid 97203 (exit status 0)
2026-01-29 14:19:24,038 INFO reaped unknown pid 97210 (exit status 0)
2026-01-29 14:19:29,134 INFO reaped unknown pid 97217 (exit status 0)
2026-01-29 14:19:34,142 INFO reaped unknown pid 97224 (exit status 0)
2026-01-29 14:19:39,164 INFO reaped unknown pid 97231 (exit status 0)
2026-01-29 14:19:44,265 INFO reaped unknown pid 97238 (exit status 0)
2026-01-29 14:19:49,349 INFO reaped unknown pid 97245 (exit status 0)
2026-01-29 14:19:54,356 INFO reaped unknown pid 97252 (exit status 0)
2026-01-29 14:19:59,458 INFO reaped unknown pid 97259 (exit status 0)
2026-01-29 14:20:03,787 INFO reaped unknown pid 97270 (exit status 0)
2026-01-29 14:20:08,819 INFO reaped unknown pid 97277 (exit status 0)
2026-01-29 14:20:13,830 INFO reaped unknown pid 97284 (exit status 0)
2026-01-29 14:20:18,846 INFO reaped unknown pid 97291 (exit status 0)
2026-01-29 14:20:23,939 INFO reaped unknown pid 97298 (exit status 0)
2026-01-29 14:20:28,962 INFO reaped unknown pid 97305 (exit status 0)
2026-01-29 14:20:34,049 INFO reaped unknown pid 97312 (exit status 0)
2026-01-29 14:20:39,061 INFO reaped unknown pid 97319 (exit status 0)
2026-01-29 14:20:44,121 INFO reaped unknown pid 97326 (exit status 0)
2026-01-29 14:20:49,225 INFO reaped unknown pid 97333 (exit status 0)
2026-01-29 14:20:54,234 INFO reaped unknown pid 97340 (exit status 0)
2026-01-29 14:20:59,246 INFO reaped unknown pid 97347 (exit status 0)
2026-01-29 14:21:03,755 INFO reaped unknown pid 97358 (exit status 0)
2026-01-29 14:21:08,860 INFO reaped unknown pid 97365 (exit status 0)
2026-01-29 14:21:13,866 INFO reaped unknown pid 97372 (exit status 0)
2026-01-29 14:21:18,943 INFO reaped unknown pid 97379 (exit status 0)
2026-01-29 14:21:24,035 INFO reaped unknown pid 97386 (exit status 0)
2026-01-29 14:21:29,125 INFO reaped unknown pid 97393 (exit status 0)
2026-01-29 14:21:34,199 INFO reaped unknown pid 97400 (exit status 0)
2026-01-29 14:21:39,285 INFO reaped unknown pid 97407 (exit status 0)
2026-01-29 14:21:44,327 INFO reaped unknown pid 97414 (exit status 0)
2026-01-29 14:21:49,421 INFO reaped unknown pid 97421 (exit status 0)
2026-01-29 14:21:54,491 INFO reaped unknown pid 97428 (exit status 0)
2026-01-29 14:21:59,540 INFO reaped unknown pid 97435 (exit status 0)
2026-01-29 14:22:03,701 INFO reaped unknown pid 97446 (exit status 0)
2026-01-29 14:22:08,777 INFO reaped unknown pid 97453 (exit status 0)
2026-01-29 14:22:13,850 INFO reaped unknown pid 97460 (exit status 0)
2026-01-29 14:22:18,899 INFO reaped unknown pid 97467 (exit status 0)
2026-01-29 14:22:23,919 INFO reaped unknown pid 97474 (exit status 0)
2026-01-29 14:22:29,017 INFO reaped unknown pid 97481 (exit status 0)
2026-01-29 14:22:34,106 INFO reaped unknown pid 97488 (exit status 0)
2026-01-29 14:22:39,195 INFO reaped unknown pid 97495 (exit status 0)
2026-01-29 14:22:44,235 INFO reaped unknown pid 97502 (exit status 0)
2026-01-29 14:22:49,257 INFO reaped unknown pid 97509 (exit status 0)
2026-01-29 14:22:54,357 INFO reaped unknown pid 97516 (exit status 0)
2026-01-29 14:22:59,460 INFO reaped unknown pid 97523 (exit status 0)
2026-01-29 14:23:03,782 INFO reaped unknown pid 97534 (exit status 0)
2026-01-29 14:23:08,883 INFO reaped unknown pid 97541 (exit status 0)
2026-01-29 14:23:13,963 INFO reaped unknown pid 97548 (exit status 0)
2026-01-29 14:23:19,039 INFO reaped unknown pid 97555 (exit status 0)
2026-01-29 14:23:25,115 INFO reaped unknown pid 97562 (exit status 0)
2026-01-29 14:23:29,132 INFO reaped unknown pid 97569 (exit status 0)
2026-01-29 14:23:34,225 INFO reaped unknown pid 97576 (exit status 0)
2026-01-29 14:23:39,281 INFO reaped unknown pid 97583 (exit status 0)
2026-01-29 14:23:44,325 INFO reaped unknown pid 97590 (exit status 0)
2026-01-29 14:23:49,393 INFO reaped unknown pid 97597 (exit status 0)
2026-01-29 14:23:54,444 INFO reaped unknown pid 97604 (exit status 0)
2026-01-29 14:23:59,448 INFO reaped unknown pid 97611 (exit status 0)
2026-01-29 14:24:03,740 INFO reaped unknown pid 97622 (exit status 0)
2026-01-29 14:24:08,816 INFO reaped unknown pid 97629 (exit status 0)
2026-01-29 14:24:13,821 INFO reaped unknown pid 97636 (exit status 0)
2026-01-29 14:24:18,839 INFO reaped unknown pid 97643 (exit status 0)
2026-01-29 14:24:23,852 INFO reaped unknown pid 97650 (exit status 0)
2026-01-29 14:24:28,929 INFO reaped unknown pid 97657 (exit status 0)
2026-01-29 14:24:34,011 INFO reaped unknown pid 97664 (exit status 0)
2026-01-29 14:24:39,042 INFO reaped unknown pid 97671 (exit status 0)
2026-01-29 14:24:44,083 INFO reaped unknown pid 97678 (exit status 0)
2026-01-29 14:24:49,144 INFO reaped unknown pid 97685 (exit status 0)
2026-01-29 14:24:54,193 INFO reaped unknown pid 97692 (exit status 0)
2026-01-29 14:24:59,259 INFO reaped unknown pid 97699 (exit status 0)
2026-01-29 14:25:03,736 INFO reaped unknown pid 97710 (exit status 0)
2026-01-29 14:25:08,800 INFO reaped unknown pid 97717 (exit status 0)
2026-01-29 14:25:13,833 INFO reaped unknown pid 97724 (exit status 0)
2026-01-29 14:25:18,879 INFO reaped unknown pid 97731 (exit status 0)
2026-01-29 14:25:23,947 INFO reaped unknown pid 97738 (exit status 0)
2026-01-29 14:25:28,972 INFO reaped unknown pid 97745 (exit status 0)
2026-01-29 14:25:34,033 INFO reaped unknown pid 97752 (exit status 0)
2026-01-29 14:25:39,098 INFO reaped unknown pid 97759 (exit status 0)
2026-01-29 14:25:44,114 INFO reaped unknown pid 97766 (exit status 0)
2026-01-29 14:25:49,153 INFO reaped unknown pid 97773 (exit status 0)
2026-01-29 14:25:54,223 INFO reaped unknown pid 97780 (exit status 0)
2026-01-29 14:25:59,298 INFO reaped unknown pid 97787 (exit status 0)
2026-01-29 14:26:03,843 INFO reaped unknown pid 97798 (exit status 0)
2026-01-29 14:26:08,857 INFO reaped unknown pid 97805 (exit status 0)
2026-01-29 14:26:13,937 INFO reaped unknown pid 97812 (exit status 0)
2026-01-29 14:26:18,953 INFO reaped unknown pid 97819 (exit status 0)
2026-01-29 14:26:23,987 INFO reaped unknown pid 97826 (exit status 0)
2026-01-29 14:26:28,989 INFO reaped unknown pid 97833 (exit status 0)
2026-01-29 14:26:34,076 INFO reaped unknown pid 97840 (exit status 0)
2026-01-29 14:26:39,106 INFO reaped unknown pid 97847 (exit status 0)
2026-01-29 14:26:44,154 INFO reaped unknown pid 97854 (exit status 0)
2026-01-29 14:26:49,197 INFO reaped unknown pid 97861 (exit status 0)
2026-01-29 14:26:54,215 INFO reaped unknown pid 97868 (exit status 0)
2026-01-29 14:26:59,237 INFO reaped unknown pid 97875 (exit status 0)
2026-01-29 14:27:03,948 INFO reaped unknown pid 97886 (exit status 0)
2026-01-29 14:27:08,998 INFO reaped unknown pid 97893 (exit status 0)
2026-01-29 14:27:14,062 INFO reaped unknown pid 97900 (exit status 0)
2026-01-29 14:27:19,113 INFO reaped unknown pid 97907 (exit status 0)
2026-01-29 14:27:24,211 INFO reaped unknown pid 97914 (exit status 0)
2026-01-29 14:27:29,293 INFO reaped unknown pid 97921 (exit status 0)
2026-01-29 14:27:34,339 INFO reaped unknown pid 97928 (exit status 0)
2026-01-29 14:27:39,382 INFO reaped unknown pid 97935 (exit status 0)
2026-01-29 14:27:44,408 INFO reaped unknown pid 97942 (exit status 0)
2026-01-29 14:27:49,498 INFO reaped unknown pid 97949 (exit status 0)
2026-01-29 14:27:54,541 INFO reaped unknown pid 97956 (exit status 0)
2026-01-29 14:27:59,610 INFO reaped unknown pid 97963 (exit status 0)
2026-01-29 14:28:03,974 INFO reaped unknown pid 97974 (exit status 0)
2026-01-29 14:28:09,019 INFO reaped unknown pid 97981 (exit status 0)
2026-01-29 14:28:14,063 INFO reaped unknown pid 97988 (exit status 0)
2026-01-29 14:28:19,103 INFO reaped unknown pid 97995 (exit status 0)
2026-01-29 14:28:25,178 INFO reaped unknown pid 98002 (exit status 0)
2026-01-29 14:28:29,272 INFO reaped unknown pid 98009 (exit status 0)
2026-01-29 14:28:34,323 INFO reaped unknown pid 98016 (exit status 0)
2026-01-29 14:28:40,337 INFO reaped unknown pid 98023 (exit status 0)
2026-01-29 14:28:44,428 INFO reaped unknown pid 98030 (exit status 0)
2026-01-29 14:28:49,511 INFO reaped unknown pid 98037 (exit status 0)
2026-01-29 14:28:54,527 INFO reaped unknown pid 98044 (exit status 0)
2026-01-29 14:28:59,565 INFO reaped unknown pid 98051 (exit status 0)
2026-01-29 14:29:03,939 INFO reaped unknown pid 98062 (exit status 0)
2026-01-29 14:29:09,008 INFO reaped unknown pid 98069 (exit status 0)
2026-01-29 14:29:14,009 INFO reaped unknown pid 98076 (exit status 0)
2026-01-29 14:29:19,066 INFO reaped unknown pid 98083 (exit status 0)
2026-01-29 14:29:24,123 INFO reaped unknown pid 98090 (exit status 0)
2026-01-29 14:29:29,146 INFO reaped unknown pid 98097 (exit status 0)
2026-01-29 14:29:34,185 INFO reaped unknown pid 98104 (exit status 0)
2026-01-29 14:29:39,274 INFO reaped unknown pid 98111 (exit status 0)
2026-01-29 14:29:44,284 INFO reaped unknown pid 98118 (exit status 0)
2026-01-29 14:29:49,347 INFO reaped unknown pid 98125 (exit status 0)
2026-01-29 14:29:54,396 INFO reaped unknown pid 98132 (exit status 0)
2026-01-29 14:29:59,433 INFO reaped unknown pid 98139 (exit status 0)
2026-01-29 14:30:04,023 INFO reaped unknown pid 98150 (exit status 0)
2026-01-29 14:30:09,102 INFO reaped unknown pid 98157 (exit status 0)
2026-01-29 14:30:14,130 INFO reaped unknown pid 98164 (exit status 0)
2026-01-29 14:30:19,207 INFO reaped unknown pid 98171 (exit status 0)
2026-01-29 14:30:24,276 INFO reaped unknown pid 98178 (exit status 0)
2026-01-29 14:30:29,286 INFO reaped unknown pid 98185 (exit status 0)
2026-01-29 14:30:34,340 INFO reaped unknown pid 98192 (exit status 0)
2026-01-29 14:30:39,344 INFO reaped unknown pid 98199 (exit status 0)
2026-01-29 14:30:44,396 INFO reaped unknown pid 98206 (exit status 0)
2026-01-29 14:30:49,423 INFO reaped unknown pid 98213 (exit status 0)
2026-01-29 14:30:54,470 INFO reaped unknown pid 98220 (exit status 0)
2026-01-29 14:30:59,507 INFO reaped unknown pid 98227 (exit status 0)
2026-01-29 14:31:04,064 INFO reaped unknown pid 98238 (exit status 0)
2026-01-29 14:31:09,096 INFO reaped unknown pid 98245 (exit status 0)
2026-01-29 14:31:14,169 INFO reaped unknown pid 98252 (exit status 0)
2026-01-29 14:31:19,193 INFO reaped unknown pid 98259 (exit status 0)
2026-01-29 14:31:24,217 INFO reaped unknown pid 98266 (exit status 0)
2026-01-29 14:31:29,225 INFO reaped unknown pid 98273 (exit status 0)
2026-01-29 14:31:34,235 INFO reaped unknown pid 98280 (exit status 0)
2026-01-29 14:31:39,272 INFO reaped unknown pid 98287 (exit status 0)
2026-01-29 14:31:44,363 INFO reaped unknown pid 98294 (exit status 0)
2026-01-29 14:31:49,408 INFO reaped unknown pid 98301 (exit status 0)
2026-01-29 14:31:54,497 INFO reaped unknown pid 98308 (exit status 0)
2026-01-29 14:31:59,570 INFO reaped unknown pid 98315 (exit status 0)
2026-01-29 14:32:03,995 INFO reaped unknown pid 98326 (exit status 0)
2026-01-29 14:32:09,015 INFO reaped unknown pid 98333 (exit status 0)
2026-01-29 14:32:14,069 INFO reaped unknown pid 98340 (exit status 0)
2026-01-29 14:32:19,109 INFO reaped unknown pid 98347 (exit status 0)
2026-01-29 14:32:24,201 INFO reaped unknown pid 98354 (exit status 0)
2026-01-29 14:32:29,242 INFO reaped unknown pid 98361 (exit status 0)
2026-01-29 14:32:34,311 INFO reaped unknown pid 98368 (exit status 0)
2026-01-29 14:32:39,351 INFO reaped unknown pid 98375 (exit status 0)
2026-01-29 14:32:44,422 INFO reaped unknown pid 98382 (exit status 0)
2026-01-29 14:32:49,489 INFO reaped unknown pid 98389 (exit status 0)
2026-01-29 14:32:54,564 INFO reaped unknown pid 98396 (exit status 0)
2026-01-29 14:32:59,641 INFO reaped unknown pid 98403 (exit status 0)
2026-01-29 14:33:03,903 INFO reaped unknown pid 98414 (exit status 0)
2026-01-29 14:33:08,955 INFO reaped unknown pid 98421 (exit status 0)
2026-01-29 14:33:13,997 INFO reaped unknown pid 98428 (exit status 0)
2026-01-29 14:33:19,025 INFO reaped unknown pid 98435 (exit status 0)
2026-01-29 14:33:25,094 INFO reaped unknown pid 98442 (exit status 0)
2026-01-29 14:33:29,092 INFO reaped unknown pid 98449 (exit status 0)
2026-01-29 14:33:34,103 INFO reaped unknown pid 98456 (exit status 0)
2026-01-29 14:33:40,186 INFO reaped unknown pid 98463 (exit status 0)
2026-01-29 14:33:44,214 INFO reaped unknown pid 98470 (exit status 0)
2026-01-29 14:33:49,235 INFO reaped unknown pid 98477 (exit status 0)
2026-01-29 14:33:54,269 INFO reaped unknown pid 98484 (exit status 0)
2026-01-29 14:33:59,295 INFO reaped unknown pid 98491 (exit status 0)
2026-01-29 14:34:03,993 INFO reaped unknown pid 98502 (exit status 0)
2026-01-29 14:34:09,046 INFO reaped unknown pid 98509 (exit status 0)
2026-01-29 14:34:14,145 INFO reaped unknown pid 98516 (exit status 0)
2026-01-29 14:34:19,204 INFO reaped unknown pid 98523 (exit status 0)
2026-01-29 14:34:24,215 INFO reaped unknown pid 98530 (exit status 0)
2026-01-29 14:34:29,267 INFO reaped unknown pid 98537 (exit status 0)
2026-01-29 14:34:34,332 INFO reaped unknown pid 98544 (exit status 0)
2026-01-29 14:34:39,420 INFO reaped unknown pid 98551 (exit status 0)
2026-01-29 14:34:44,497 INFO reaped unknown pid 98558 (exit status 0)
2026-01-29 14:34:49,599 INFO reaped unknown pid 98565 (exit status 0)
2026-01-29 14:34:54,638 INFO reaped unknown pid 98572 (exit status 0)
2026-01-29 14:34:59,676 INFO reaped unknown pid 98579 (exit status 0)
2026-01-29 14:35:03,872 INFO reaped unknown pid 98590 (exit status 0)
2026-01-29 14:35:08,933 INFO reaped unknown pid 98597 (exit status 0)
2026-01-29 14:35:14,019 INFO reaped unknown pid 98604 (exit status 0)
2026-01-29 14:35:19,053 INFO reaped unknown pid 98611 (exit status 0)
2026-01-29 14:35:24,051 INFO reaped unknown pid 98618 (exit status 0)
2026-01-29 14:35:29,080 INFO reaped unknown pid 98625 (exit status 0)
2026-01-29 14:35:34,081 INFO reaped unknown pid 98632 (exit status 0)
2026-01-29 14:35:39,148 INFO reaped unknown pid 98639 (exit status 0)
2026-01-29 14:35:44,211 INFO reaped unknown pid 98646 (exit status 0)
2026-01-29 14:35:49,255 INFO reaped unknown pid 98653 (exit status 0)
2026-01-29 14:35:54,322 INFO reaped unknown pid 98660 (exit status 0)
2026-01-29 14:35:59,352 INFO reaped unknown pid 98667 (exit status 0)
2026-01-29 14:36:03,965 INFO reaped unknown pid 98678 (exit status 0)
2026-01-29 14:36:09,022 INFO reaped unknown pid 98685 (exit status 0)
2026-01-29 14:36:14,083 INFO reaped unknown pid 98692 (exit status 0)
2026-01-29 14:36:19,168 INFO reaped unknown pid 98699 (exit status 0)
2026-01-29 14:36:24,233 INFO reaped unknown pid 98706 (exit status 0)
2026-01-29 14:36:29,274 INFO reaped unknown pid 98713 (exit status 0)
2026-01-29 14:36:34,297 INFO reaped unknown pid 98720 (exit status 0)
2026-01-29 14:36:39,346 INFO reaped unknown pid 98727 (exit status 0)
2026-01-29 14:36:44,349 INFO reaped unknown pid 98734 (exit status 0)
2026-01-29 14:36:49,371 INFO reaped unknown pid 98741 (exit status 0)
2026-01-29 14:36:54,390 INFO reaped unknown pid 98748 (exit status 0)
2026-01-29 14:36:59,460 INFO reaped unknown pid 98755 (exit status 0)
2026-01-29 14:37:04,021 INFO reaped unknown pid 98766 (exit status 0)
2026-01-29 14:37:08,984 INFO reaped unknown pid 98773 (exit status 0)
2026-01-29 14:37:14,014 INFO reaped unknown pid 98780 (exit status 0)
2026-01-29 14:37:19,043 INFO reaped unknown pid 98787 (exit status 0)
2026-01-29 14:37:24,080 INFO reaped unknown pid 98794 (exit status 0)
2026-01-29 14:37:29,133 INFO reaped unknown pid 98801 (exit status 0)
2026-01-29 14:37:34,195 INFO reaped unknown pid 98808 (exit status 0)
2026-01-29 14:37:39,271 INFO reaped unknown pid 98815 (exit status 0)
2026-01-29 14:37:44,318 INFO reaped unknown pid 98822 (exit status 0)
2026-01-29 14:37:49,378 INFO reaped unknown pid 98829 (exit status 0)
2026-01-29 14:37:54,425 INFO reaped unknown pid 98836 (exit status 0)
2026-01-29 14:37:59,462 INFO reaped unknown pid 98843 (exit status 0)
2026-01-29 14:38:04,062 INFO reaped unknown pid 98854 (exit status 0)
2026-01-29 14:38:09,093 INFO reaped unknown pid 98861 (exit status 0)
2026-01-29 14:38:14,154 INFO reaped unknown pid 98868 (exit status 0)
2026-01-29 14:38:19,202 INFO reaped unknown pid 98875 (exit status 0)
2026-01-29 14:38:25,300 INFO reaped unknown pid 98882 (exit status 0)
2026-01-29 14:38:29,307 INFO reaped unknown pid 98889 (exit status 0)
2026-01-29 14:38:34,375 INFO reaped unknown pid 98896 (exit status 0)
2026-01-29 14:38:40,421 INFO reaped unknown pid 98903 (exit status 0)
2026-01-29 14:38:44,457 INFO reaped unknown pid 98910 (exit status 0)
2026-01-29 14:38:49,518 INFO reaped unknown pid 98917 (exit status 0)
2026-01-29 14:38:54,582 INFO reaped unknown pid 98924 (exit status 0)
2026-01-29 14:38:59,629 INFO reaped unknown pid 98931 (exit status 0)
2026-01-29 14:39:03,978 INFO reaped unknown pid 98942 (exit status 0)
2026-01-29 14:39:09,034 INFO reaped unknown pid 98949 (exit status 0)
2026-01-29 14:39:14,074 INFO reaped unknown pid 98956 (exit status 0)
2026-01-29 14:39:19,160 INFO reaped unknown pid 98963 (exit status 0)
2026-01-29 14:39:24,225 INFO reaped unknown pid 98970 (exit status 0)
2026-01-29 14:39:29,278 INFO reaped unknown pid 98977 (exit status 0)
2026-01-29 14:39:34,333 INFO reaped unknown pid 98984 (exit status 0)
2026-01-29 14:39:39,348 INFO reaped unknown pid 98991 (exit status 0)
2026-01-29 14:39:44,357 INFO reaped unknown pid 98998 (exit status 0)
2026-01-29 14:39:49,411 INFO reaped unknown pid 99005 (exit status 0)
2026-01-29 14:39:54,420 INFO reaped unknown pid 99012 (exit status 0)
2026-01-29 14:39:59,463 INFO reaped unknown pid 99019 (exit status 0)
2026-01-29 14:40:03,993 INFO reaped unknown pid 99030 (exit status 0)
2026-01-29 14:40:09,031 INFO reaped unknown pid 99037 (exit status 0)
2026-01-29 14:40:14,102 INFO reaped unknown pid 99044 (exit status 0)
2026-01-29 14:40:19,172 INFO reaped unknown pid 99051 (exit status 0)
2026-01-29 14:40:24,253 INFO reaped unknown pid 99058 (exit status 0)
2026-01-29 14:40:29,285 INFO reaped unknown pid 99065 (exit status 0)
2026-01-29 14:40:34,380 INFO reaped unknown pid 99072 (exit status 0)
2026-01-29 14:40:39,456 INFO reaped unknown pid 99079 (exit status 0)
2026-01-29 14:40:44,518 INFO reaped unknown pid 99086 (exit status 0)
2026-01-29 14:40:49,578 INFO reaped unknown pid 99093 (exit status 0)
2026-01-29 14:40:54,602 INFO reaped unknown pid 99100 (exit status 0)
2026-01-29 14:40:59,653 INFO reaped unknown pid 99107 (exit status 0)
2026-01-29 14:41:04,007 INFO reaped unknown pid 99118 (exit status 0)
2026-01-29 14:41:09,087 INFO reaped unknown pid 99125 (exit status 0)
2026-01-29 14:41:14,152 INFO reaped unknown pid 99132 (exit status 0)
2026-01-29 14:41:19,181 INFO reaped unknown pid 99139 (exit status 0)
2026-01-29 14:41:24,214 INFO reaped unknown pid 99146 (exit status 0)
2026-01-29 14:41:29,239 INFO reaped unknown pid 99153 (exit status 0)
2026-01-29 14:41:34,300 INFO reaped unknown pid 99160 (exit status 0)
2026-01-29 14:41:39,365 INFO reaped unknown pid 99167 (exit status 0)
2026-01-29 14:41:44,446 INFO reaped unknown pid 99174 (exit status 0)
2026-01-29 14:41:49,464 INFO reaped unknown pid 99181 (exit status 0)
2026-01-29 14:41:54,537 INFO reaped unknown pid 99188 (exit status 0)
2026-01-29 14:41:59,599 INFO reaped unknown pid 99195 (exit status 0)
2026-01-29 14:42:04,136 INFO reaped unknown pid 99206 (exit status 0)
2026-01-29 14:42:09,187 INFO reaped unknown pid 99213 (exit status 0)
2026-01-29 14:42:14,215 INFO reaped unknown pid 99220 (exit status 0)
2026-01-29 14:42:19,239 INFO reaped unknown pid 99227 (exit status 0)
2026-01-29 14:42:24,332 INFO reaped unknown pid 99234 (exit status 0)
2026-01-29 14:42:29,353 INFO reaped unknown pid 99241 (exit status 0)
2026-01-29 14:42:34,419 INFO reaped unknown pid 99248 (exit status 0)
2026-01-29 14:42:39,427 INFO reaped unknown pid 99255 (exit status 0)
2026-01-29 14:42:44,511 INFO reaped unknown pid 99262 (exit status 0)
2026-01-29 14:42:49,535 INFO reaped unknown pid 99269 (exit status 0)
2026-01-29 14:42:54,596 INFO reaped unknown pid 99276 (exit status 0)
2026-01-29 14:42:59,634 INFO reaped unknown pid 99283 (exit status 0)
2026-01-29 14:43:04,118 INFO reaped unknown pid 99294 (exit status 0)
2026-01-29 14:43:09,168 INFO reaped unknown pid 99301 (exit status 0)
2026-01-29 14:43:14,239 INFO reaped unknown pid 99308 (exit status 0)
2026-01-29 14:43:19,260 INFO reaped unknown pid 99315 (exit status 0)
2026-01-29 14:43:25,358 INFO reaped unknown pid 99322 (exit status 0)
2026-01-29 14:43:29,355 INFO reaped unknown pid 99329 (exit status 0)
2026-01-29 14:43:34,405 INFO reaped unknown pid 99336 (exit status 0)
2026-01-29 14:43:40,506 INFO reaped unknown pid 99343 (exit status 0)
2026-01-29 14:43:44,502 INFO reaped unknown pid 99350 (exit status 0)
2026-01-29 14:43:49,596 INFO reaped unknown pid 99357 (exit status 0)
2026-01-29 14:43:54,660 INFO reaped unknown pid 99364 (exit status 0)
2026-01-29 14:43:59,734 INFO reaped unknown pid 99371 (exit status 0)
2026-01-29 14:44:04,159 INFO reaped unknown pid 99382 (exit status 0)
2026-01-29 14:44:09,206 INFO reaped unknown pid 99389 (exit status 0)
2026-01-29 14:44:14,265 INFO reaped unknown pid 99396 (exit status 0)
2026-01-29 14:44:19,327 INFO reaped unknown pid 99403 (exit status 0)
2026-01-29 14:44:24,383 INFO reaped unknown pid 99410 (exit status 0)
2026-01-29 14:44:29,423 INFO reaped unknown pid 99417 (exit status 0)
2026-01-29 14:44:34,437 INFO reaped unknown pid 99424 (exit status 0)
2026-01-29 14:44:39,480 INFO reaped unknown pid 99431 (exit status 0)
2026-01-29 14:44:44,522 INFO reaped unknown pid 99438 (exit status 0)
2026-01-29 14:44:49,579 INFO reaped unknown pid 99445 (exit status 0)
2026-01-29 14:44:54,592 INFO reaped unknown pid 99452 (exit status 0)
2026-01-29 14:44:59,604 INFO reaped unknown pid 99459 (exit status 0)
2026-01-29 14:45:04,147 INFO reaped unknown pid 99470 (exit status 0)
2026-01-29 14:45:09,140 INFO reaped unknown pid 99477 (exit status 0)
2026-01-29 14:45:14,161 INFO reaped unknown pid 99484 (exit status 0)
2026-01-29 14:45:19,169 INFO reaped unknown pid 99491 (exit status 0)
2026-01-29 14:45:24,191 INFO reaped unknown pid 99498 (exit status 0)
2026-01-29 14:45:29,204 INFO reaped unknown pid 99505 (exit status 0)
2026-01-29 14:45:34,212 INFO reaped unknown pid 99512 (exit status 0)
2026-01-29 14:45:39,312 INFO reaped unknown pid 99519 (exit status 0)
2026-01-29 14:45:44,344 INFO reaped unknown pid 99526 (exit status 0)
2026-01-29 14:45:49,353 INFO reaped unknown pid 99533 (exit status 0)
2026-01-29 14:45:54,393 INFO reaped unknown pid 99540 (exit status 0)
2026-01-29 14:45:59,424 INFO reaped unknown pid 99547 (exit status 0)
2026-01-29 14:46:04,128 INFO reaped unknown pid 99558 (exit status 0)
2026-01-29 14:46:09,189 INFO reaped unknown pid 99565 (exit status 0)
2026-01-29 14:46:14,242 INFO reaped unknown pid 99572 (exit status 0)
2026-01-29 14:46:19,252 INFO reaped unknown pid 99579 (exit status 0)
2026-01-29 14:46:24,306 INFO reaped unknown pid 99586 (exit status 0)
2026-01-29 14:46:29,320 INFO reaped unknown pid 99593 (exit status 0)
2026-01-29 14:46:34,424 INFO reaped unknown pid 99600 (exit status 0)
2026-01-29 14:46:39,465 INFO reaped unknown pid 99607 (exit status 0)
2026-01-29 14:46:44,478 INFO reaped unknown pid 99614 (exit status 0)
2026-01-29 14:46:49,585 INFO reaped unknown pid 99621 (exit status 0)
2026-01-29 14:46:54,620 INFO reaped unknown pid 99628 (exit status 0)
2026-01-29 14:46:59,728 INFO reaped unknown pid 99635 (exit status 0)
2026-01-29 14:47:04,111 INFO reaped unknown pid 99646 (exit status 0)
2026-01-29 14:47:09,154 INFO reaped unknown pid 99653 (exit status 0)
2026-01-29 14:47:14,215 INFO reaped unknown pid 99660 (exit status 0)
2026-01-29 14:47:19,237 INFO reaped unknown pid 99667 (exit status 0)
2026-01-29 14:47:24,300 INFO reaped unknown pid 99674 (exit status 0)
2026-01-29 14:47:29,313 INFO reaped unknown pid 99681 (exit status 0)
2026-01-29 14:47:34,374 INFO reaped unknown pid 99688 (exit status 0)
2026-01-29 14:47:39,412 INFO reaped unknown pid 99695 (exit status 0)
2026-01-29 14:47:44,453 INFO reaped unknown pid 99702 (exit status 0)
2026-01-29 14:47:49,510 INFO reaped unknown pid 99709 (exit status 0)
2026-01-29 14:47:54,571 INFO reaped unknown pid 99716 (exit status 0)
2026-01-29 14:47:59,611 INFO reaped unknown pid 99723 (exit status 0)
2026-01-29 14:48:04,357 INFO reaped unknown pid 99734 (exit status 0)
2026-01-29 14:48:09,395 INFO reaped unknown pid 99741 (exit status 0)
2026-01-29 14:48:14,488 INFO reaped unknown pid 99748 (exit status 0)
2026-01-29 14:48:19,534 INFO reaped unknown pid 99755 (exit status 0)
2026-01-29 14:48:25,578 INFO reaped unknown pid 99762 (exit status 0)
2026-01-29 14:48:29,580 INFO reaped unknown pid 99769 (exit status 0)
2026-01-29 14:48:34,639 INFO reaped unknown pid 99776 (exit status 0)
2026-01-29 14:48:40,701 INFO reaped unknown pid 99783 (exit status 0)
2026-01-29 14:48:44,732 INFO reaped unknown pid 99790 (exit status 0)
2026-01-29 14:48:49,769 INFO reaped unknown pid 99797 (exit status 0)
2026-01-29 14:48:54,789 INFO reaped unknown pid 99804 (exit status 0)
2026-01-29 14:48:59,813 INFO reaped unknown pid 99811 (exit status 0)
2026-01-29 14:49:04,590 INFO reaped unknown pid 99822 (exit status 0)
2026-01-29 14:49:09,612 INFO reaped unknown pid 99829 (exit status 0)
2026-01-29 14:49:15,661 INFO reaped unknown pid 99836 (exit status 0)
2026-01-29 14:49:19,716 INFO reaped unknown pid 99843 (exit status 0)
2026-01-29 14:49:25,768 INFO reaped unknown pid 99850 (exit status 0)
2026-01-29 14:49:30,889 INFO reaped unknown pid 99857 (exit status 0)
2026-01-29 14:49:34,906 INFO reaped unknown pid 99864 (exit status 0)
2026-01-29 14:49:39,967 INFO reaped unknown pid 99871 (exit status 0)
2026-01-29 14:49:45,046 INFO reaped unknown pid 99878 (exit status 0)
2026-01-29 14:49:50,114 INFO reaped unknown pid 99885 (exit status 0)
2026-01-29 14:49:55,165 INFO reaped unknown pid 99892 (exit status 0)
2026-01-29 14:50:00,062 INFO reaped unknown pid 99899 (exit status 0)
2026-01-29 14:50:04,459 INFO reaped unknown pid 99910 (exit status 0)
2026-01-29 14:50:10,484 INFO reaped unknown pid 99917 (exit status 0)
2026-01-29 14:50:14,566 INFO reaped unknown pid 99924 (exit status 0)
2026-01-29 14:50:19,617 INFO reaped unknown pid 99931 (exit status 0)
2026-01-29 14:50:24,725 INFO reaped unknown pid 99938 (exit status 0)
2026-01-29 14:50:29,803 INFO reaped unknown pid 99945 (exit status 0)
2026-01-29 14:50:34,865 INFO reaped unknown pid 99952 (exit status 0)
2026-01-29 14:50:39,975 INFO reaped unknown pid 99959 (exit status 0)
2026-01-29 14:50:45,033 INFO reaped unknown pid 99966 (exit status 0)
2026-01-29 14:50:50,076 INFO reaped unknown pid 99973 (exit status 0)
2026-01-29 14:50:55,203 INFO reaped unknown pid 99980 (exit status 0)
2026-01-29 14:51:00,013 INFO reaped unknown pid 99987 (exit status 0)
2026-01-29 14:51:04,284 INFO reaped unknown pid 99998 (exit status 0)
2026-01-29 14:51:09,340 INFO reaped unknown pid 306 (exit status 0)
2026-01-29 14:51:14,358 INFO reaped unknown pid 313 (exit status 0)
2026-01-29 14:51:19,423 INFO reaped unknown pid 320 (exit status 0)
2026-01-29 14:51:24,424 INFO reaped unknown pid 327 (exit status 0)
2026-01-29 14:51:29,466 INFO reaped unknown pid 334 (exit status 0)
2026-01-29 14:51:34,497 INFO reaped unknown pid 341 (exit status 0)
2026-01-29 14:51:39,586 INFO reaped unknown pid 348 (exit status 0)
2026-01-29 14:51:44,664 INFO reaped unknown pid 355 (exit status 0)
2026-01-29 14:51:49,709 INFO reaped unknown pid 362 (exit status 0)
2026-01-29 14:51:54,742 INFO reaped unknown pid 369 (exit status 0)
2026-01-29 14:51:59,814 INFO reaped unknown pid 376 (exit status 0)
2026-01-29 14:52:04,307 INFO reaped unknown pid 387 (exit status 0)
2026-01-29 14:52:09,383 INFO reaped unknown pid 394 (exit status 0)
2026-01-29 14:52:14,449 INFO reaped unknown pid 401 (exit status 0)
2026-01-29 14:52:19,510 INFO reaped unknown pid 408 (exit status 0)
2026-01-29 14:52:24,561 INFO reaped unknown pid 415 (exit status 0)
2026-01-29 14:52:29,582 INFO reaped unknown pid 422 (exit status 0)
2026-01-29 14:52:34,592 INFO reaped unknown pid 429 (exit status 0)
2026-01-29 14:52:39,626 INFO reaped unknown pid 436 (exit status 0)
2026-01-29 14:52:44,719 INFO reaped unknown pid 443 (exit status 0)
2026-01-29 14:52:49,782 INFO reaped unknown pid 450 (exit status 0)
2026-01-29 14:52:54,819 INFO reaped unknown pid 457 (exit status 0)
2026-01-29 14:52:59,856 INFO reaped unknown pid 464 (exit status 0)
2026-01-29 14:53:04,448 INFO reaped unknown pid 475 (exit status 0)
2026-01-29 14:53:09,526 INFO reaped unknown pid 482 (exit status 0)
2026-01-29 14:53:14,567 INFO reaped unknown pid 489 (exit status 0)
2026-01-29 14:53:19,640 INFO reaped unknown pid 496 (exit status 0)
2026-01-29 14:53:24,693 INFO reaped unknown pid 503 (exit status 0)
2026-01-29 14:53:30,757 INFO reaped unknown pid 510 (exit status 0)
2026-01-29 14:53:34,828 INFO reaped unknown pid 517 (exit status 0)
2026-01-29 14:53:40,884 INFO reaped unknown pid 524 (exit status 0)
2026-01-29 14:53:44,974 INFO reaped unknown pid 531 (exit status 0)
2026-01-29 14:53:50,045 INFO reaped unknown pid 538 (exit status 0)
2026-01-29 14:53:55,125 INFO reaped unknown pid 545 (exit status 0)
2026-01-29 14:54:00,050 INFO reaped unknown pid 552 (exit status 0)
2026-01-29 14:54:04,345 INFO reaped unknown pid 563 (exit status 0)
2026-01-29 14:54:09,412 INFO reaped unknown pid 570 (exit status 0)
2026-01-29 14:54:14,470 INFO reaped unknown pid 577 (exit status 0)
2026-01-29 14:54:19,498 INFO reaped unknown pid 584 (exit status 0)
2026-01-29 14:54:24,567 INFO reaped unknown pid 591 (exit status 0)
2026-01-29 14:54:29,701 INFO reaped unknown pid 598 (exit status 0)
2026-01-29 14:54:34,754 INFO reaped unknown pid 605 (exit status 0)
2026-01-29 14:54:39,830 INFO reaped unknown pid 612 (exit status 0)
2026-01-29 14:54:44,879 INFO reaped unknown pid 619 (exit status 0)
2026-01-29 14:54:49,955 INFO reaped unknown pid 626 (exit status 0)
2026-01-29 14:54:55,002 INFO reaped unknown pid 633 (exit status 0)
2026-01-29 14:55:00,037 INFO reaped unknown pid 640 (exit status 0)
2026-01-29 14:55:04,524 INFO reaped unknown pid 651 (exit status 0)
2026-01-29 14:55:09,527 INFO reaped unknown pid 658 (exit status 0)
2026-01-29 14:55:14,611 INFO reaped unknown pid 665 (exit status 0)
2026-01-29 14:55:19,657 INFO reaped unknown pid 672 (exit status 0)
2026-01-29 14:55:24,660 INFO reaped unknown pid 679 (exit status 0)
2026-01-29 14:55:29,769 INFO reaped unknown pid 686 (exit status 0)
2026-01-29 14:55:34,814 INFO reaped unknown pid 693 (exit status 0)
2026-01-29 14:55:39,855 INFO reaped unknown pid 700 (exit status 0)
2026-01-29 14:55:45,939 INFO reaped unknown pid 707 (exit status 0)
2026-01-29 14:55:50,023 INFO reaped unknown pid 714 (exit status 0)
2026-01-29 14:55:56,060 INFO reaped unknown pid 721 (exit status 0)
2026-01-29 14:56:00,036 INFO reaped unknown pid 728 (exit status 0)
2026-01-29 14:56:04,492 INFO reaped unknown pid 739 (exit status 0)
2026-01-29 14:56:09,561 INFO reaped unknown pid 746 (exit status 0)
2026-01-29 14:56:14,586 INFO reaped unknown pid 753 (exit status 0)
2026-01-29 14:56:19,629 INFO reaped unknown pid 760 (exit status 0)
2026-01-29 14:56:24,659 INFO reaped unknown pid 767 (exit status 0)
2026-01-29 14:56:29,674 INFO reaped unknown pid 774 (exit status 0)
2026-01-29 14:56:34,696 INFO reaped unknown pid 781 (exit status 0)
2026-01-29 14:56:39,725 INFO reaped unknown pid 788 (exit status 0)
2026-01-29 14:56:44,786 INFO reaped unknown pid 795 (exit status 0)
2026-01-29 14:56:49,808 INFO reaped unknown pid 802 (exit status 0)
2026-01-29 14:56:54,819 INFO reaped unknown pid 809 (exit status 0)
2026-01-29 14:56:59,869 INFO reaped unknown pid 816 (exit status 0)
2026-01-29 14:57:04,355 INFO reaped unknown pid 827 (exit status 0)
2026-01-29 14:57:09,379 INFO reaped unknown pid 834 (exit status 0)
2026-01-29 14:57:14,441 INFO reaped unknown pid 841 (exit status 0)
2026-01-29 14:57:19,468 INFO reaped unknown pid 848 (exit status 0)
2026-01-29 14:57:24,561 INFO reaped unknown pid 855 (exit status 0)
2026-01-29 14:57:29,590 INFO reaped unknown pid 862 (exit status 0)
2026-01-29 14:57:34,641 INFO reaped unknown pid 869 (exit status 0)
2026-01-29 14:57:39,650 INFO reaped unknown pid 876 (exit status 0)
2026-01-29 14:57:44,715 INFO reaped unknown pid 883 (exit status 0)
2026-01-29 14:57:49,770 INFO reaped unknown pid 890 (exit status 0)
2026-01-29 14:57:54,805 INFO reaped unknown pid 897 (exit status 0)
2026-01-29 14:57:59,860 INFO reaped unknown pid 904 (exit status 0)
2026-01-29 14:58:04,525 INFO reaped unknown pid 915 (exit status 0)
2026-01-29 14:58:09,559 INFO reaped unknown pid 922 (exit status 0)
2026-01-29 14:58:14,606 INFO reaped unknown pid 929 (exit status 0)
2026-01-29 14:58:19,678 INFO reaped unknown pid 936 (exit status 0)
2026-01-29 14:58:24,764 INFO reaped unknown pid 943 (exit status 0)
2026-01-29 14:58:30,784 INFO reaped unknown pid 950 (exit status 0)
2026-01-29 14:58:34,802 INFO reaped unknown pid 957 (exit status 0)
2026-01-29 14:58:39,852 INFO reaped unknown pid 964 (exit status 0)
2026-01-29 14:58:45,893 INFO reaped unknown pid 971 (exit status 0)
2026-01-29 14:58:49,901 INFO reaped unknown pid 978 (exit status 0)
2026-01-29 14:58:55,006 INFO reaped unknown pid 985 (exit status 0)
2026-01-29 14:59:00,002 INFO reaped unknown pid 992 (exit status 0)
2026-01-29 14:59:04,614 INFO reaped unknown pid 1003 (exit status 0)
2026-01-29 14:59:09,603 INFO reaped unknown pid 1010 (exit status 0)
2026-01-29 14:59:14,633 INFO reaped unknown pid 1017 (exit status 0)
2026-01-29 14:59:19,673 INFO reaped unknown pid 1024 (exit status 0)
2026-01-29 14:59:24,762 INFO reaped unknown pid 1031 (exit status 0)
2026-01-29 14:59:29,780 INFO reaped unknown pid 1038 (exit status 0)
2026-01-29 14:59:34,832 INFO reaped unknown pid 1045 (exit status 0)
2026-01-29 14:59:39,917 INFO reaped unknown pid 1052 (exit status 0)
2026-01-29 14:59:44,995 INFO reaped unknown pid 1059 (exit status 0)
2026-01-29 14:59:50,017 INFO reaped unknown pid 1066 (exit status 0)
2026-01-29 14:59:55,084 INFO reaped unknown pid 1073 (exit status 0)
2026-01-29 15:00:00,064 INFO reaped unknown pid 1080 (exit status 0)
2026-01-29 15:00:04,363 INFO reaped unknown pid 1091 (exit status 0)
2026-01-29 15:00:09,397 INFO reaped unknown pid 1098 (exit status 0)
2026-01-29 15:00:14,467 INFO reaped unknown pid 1105 (exit status 0)
2026-01-29 15:00:19,517 INFO reaped unknown pid 1112 (exit status 0)
2026-01-29 15:00:24,559 INFO reaped unknown pid 1119 (exit status 0)
2026-01-29 15:00:29,601 INFO reaped unknown pid 1126 (exit status 0)
2026-01-29 15:00:34,705 INFO reaped unknown pid 1133 (exit status 0)
2026-01-29 15:00:39,761 INFO reaped unknown pid 1140 (exit status 0)
2026-01-29 15:00:44,788 INFO reaped unknown pid 1147 (exit status 0)
2026-01-29 15:00:49,832 INFO reaped unknown pid 1154 (exit status 0)
2026-01-29 15:00:54,841 INFO reaped unknown pid 1161 (exit status 0)
2026-01-29 15:00:59,909 INFO reaped unknown pid 1168 (exit status 0)
2026-01-29 15:01:04,408 INFO reaped unknown pid 1179 (exit status 0)
2026-01-29 15:01:09,482 INFO reaped unknown pid 1186 (exit status 0)
2026-01-29 15:01:14,528 INFO reaped unknown pid 1193 (exit status 0)
2026-01-29 15:01:19,544 INFO reaped unknown pid 1200 (exit status 0)
2026-01-29 15:01:24,572 INFO reaped unknown pid 1207 (exit status 0)
2026-01-29 15:01:29,628 INFO reaped unknown pid 1214 (exit status 0)
2026-01-29 15:01:34,723 INFO reaped unknown pid 1221 (exit status 0)
2026-01-29 15:01:39,770 INFO reaped unknown pid 1228 (exit status 0)
2026-01-29 15:01:44,865 INFO reaped unknown pid 1235 (exit status 0)
2026-01-29 15:01:49,910 INFO reaped unknown pid 1242 (exit status 0)
2026-01-29 15:01:55,013 INFO reaped unknown pid 1249 (exit status 0)
2026-01-29 15:02:00,043 INFO reaped unknown pid 1256 (exit status 0)
2026-01-29 15:02:04,438 INFO reaped unknown pid 1267 (exit status 0)
2026-01-29 15:02:09,485 INFO reaped unknown pid 1274 (exit status 0)
2026-01-29 15:02:14,577 INFO reaped unknown pid 1281 (exit status 0)
2026-01-29 15:02:19,662 INFO reaped unknown pid 1288 (exit status 0)
2026-01-29 15:02:24,689 INFO reaped unknown pid 1295 (exit status 0)
2026-01-29 15:02:29,727 INFO reaped unknown pid 1302 (exit status 0)
2026-01-29 15:02:34,798 INFO reaped unknown pid 1309 (exit status 0)
2026-01-29 15:02:39,842 INFO reaped unknown pid 1316 (exit status 0)
2026-01-29 15:02:44,884 INFO reaped unknown pid 1323 (exit status 0)
2026-01-29 15:02:49,927 INFO reaped unknown pid 1330 (exit status 0)
2026-01-29 15:02:55,020 INFO reaped unknown pid 1337 (exit status 0)
2026-01-29 15:03:00,003 INFO reaped unknown pid 1344 (exit status 0)
2026-01-29 15:03:04,483 INFO reaped unknown pid 1355 (exit status 0)
2026-01-29 15:03:09,521 INFO reaped unknown pid 1362 (exit status 0)
2026-01-29 15:03:15,611 INFO reaped unknown pid 1369 (exit status 0)
2026-01-29 15:03:19,669 INFO reaped unknown pid 1376 (exit status 0)
2026-01-29 15:03:24,679 INFO reaped unknown pid 1383 (exit status 0)
2026-01-29 15:03:30,734 INFO reaped unknown pid 1390 (exit status 0)
2026-01-29 15:03:34,774 INFO reaped unknown pid 1397 (exit status 0)
2026-01-29 15:03:39,850 INFO reaped unknown pid 1404 (exit status 0)
2026-01-29 15:03:45,917 INFO reaped unknown pid 1411 (exit status 0)
2026-01-29 15:03:49,965 INFO reaped unknown pid 1418 (exit status 0)
2026-01-29 15:03:55,026 INFO reaped unknown pid 1425 (exit status 0)
2026-01-29 15:04:00,049 INFO reaped unknown pid 1432 (exit status 0)
2026-01-29 15:04:04,251 INFO reaped unknown pid 1443 (exit status 0)
2026-01-29 15:04:09,269 INFO reaped unknown pid 1450 (exit status 0)
2026-01-29 15:04:14,310 INFO reaped unknown pid 1457 (exit status 0)
2026-01-29 15:04:19,421 INFO reaped unknown pid 1464 (exit status 0)
2026-01-29 15:04:24,481 INFO reaped unknown pid 1471 (exit status 0)
2026-01-29 15:04:29,553 INFO reaped unknown pid 1478 (exit status 0)
2026-01-29 15:04:34,557 INFO reaped unknown pid 1485 (exit status 0)
2026-01-29 15:04:39,608 INFO reaped unknown pid 1492 (exit status 0)
2026-01-29 15:04:44,665 INFO reaped unknown pid 1499 (exit status 0)
2026-01-29 15:04:49,681 INFO reaped unknown pid 1506 (exit status 0)
2026-01-29 15:04:54,730 INFO reaped unknown pid 1513 (exit status 0)
2026-01-29 15:04:59,731 INFO reaped unknown pid 1520 (exit status 0)
2026-01-29 15:05:03,828 INFO reaped unknown pid 1531 (exit status 0)
2026-01-29 15:05:08,847 INFO reaped unknown pid 1538 (exit status 0)
2026-01-29 15:05:13,852 INFO reaped unknown pid 1545 (exit status 0)
2026-01-29 15:05:18,960 INFO reaped unknown pid 1552 (exit status 0)
2026-01-29 15:05:24,012 INFO reaped unknown pid 1559 (exit status 0)
2026-01-29 15:05:29,034 INFO reaped unknown pid 1566 (exit status 0)
2026-01-29 15:05:34,053 INFO reaped unknown pid 1573 (exit status 0)
2026-01-29 15:05:39,113 INFO reaped unknown pid 1580 (exit status 0)
2026-01-29 15:05:44,178 INFO reaped unknown pid 1587 (exit status 0)
2026-01-29 15:05:49,250 INFO reaped unknown pid 1594 (exit status 0)
2026-01-29 15:05:54,268 INFO reaped unknown pid 1601 (exit status 0)
2026-01-29 15:05:59,343 INFO reaped unknown pid 1608 (exit status 0)
2026-01-29 15:06:04,049 INFO reaped unknown pid 1619 (exit status 0)
2026-01-29 15:06:09,101 INFO reaped unknown pid 1626 (exit status 0)
2026-01-29 15:06:14,150 INFO reaped unknown pid 1633 (exit status 0)
2026-01-29 15:06:19,233 INFO reaped unknown pid 1640 (exit status 0)
2026-01-29 15:06:24,294 INFO reaped unknown pid 1647 (exit status 0)
2026-01-29 15:06:29,358 INFO reaped unknown pid 1654 (exit status 0)
2026-01-29 15:06:34,438 INFO reaped unknown pid 1661 (exit status 0)
2026-01-29 15:06:39,524 INFO reaped unknown pid 1668 (exit status 0)
2026-01-29 15:06:44,589 INFO reaped unknown pid 1675 (exit status 0)
2026-01-29 15:06:49,602 INFO reaped unknown pid 1682 (exit status 0)
2026-01-29 15:06:54,706 INFO reaped unknown pid 1689 (exit status 0)
2026-01-29 15:06:59,723 INFO reaped unknown pid 1696 (exit status 0)
2026-01-29 15:07:04,204 INFO reaped unknown pid 1707 (exit status 0)
2026-01-29 15:07:09,308 INFO reaped unknown pid 1714 (exit status 0)
2026-01-29 15:07:14,384 INFO reaped unknown pid 1721 (exit status 0)
2026-01-29 15:07:19,422 INFO reaped unknown pid 1728 (exit status 0)
2026-01-29 15:07:24,466 INFO reaped unknown pid 1735 (exit status 0)
2026-01-29 15:07:29,471 INFO reaped unknown pid 1742 (exit status 0)
2026-01-29 15:07:34,472 INFO reaped unknown pid 1749 (exit status 0)
2026-01-29 15:07:39,499 INFO reaped unknown pid 1756 (exit status 0)
2026-01-29 15:07:44,504 INFO reaped unknown pid 1763 (exit status 0)
2026-01-29 15:07:49,595 INFO reaped unknown pid 1770 (exit status 0)
2026-01-29 15:07:54,617 INFO reaped unknown pid 1777 (exit status 0)
2026-01-29 15:07:59,659 INFO reaped unknown pid 1784 (exit status 0)
2026-01-29 15:08:03,761 INFO reaped unknown pid 1795 (exit status 0)
2026-01-29 15:08:10,323 INFO reaped unknown pid 1802 (exit status 0)
2026-01-29 15:08:15,378 INFO reaped unknown pid 1809 (exit status 0)
2026-01-29 15:08:19,363 INFO reaped unknown pid 1816 (exit status 0)
2026-01-29 15:08:24,381 INFO reaped unknown pid 1823 (exit status 0)
2026-01-29 15:08:29,406 INFO reaped unknown pid 1830 (exit status 0)
2026-01-29 15:08:35,507 INFO reaped unknown pid 1837 (exit status 0)
2026-01-29 15:08:37,524 WARN received SIGQUIT indicating exit request
2026-01-29 15:08:37,542 INFO waiting for laravel-scheduler, php-fpm, sshd to die
2026-01-29 15:08:37,578 INFO stopped: sshd (exit status 0)
2026-01-31 20:35:42,214 INFO Set uid to user 0 succeeded
2026-01-31 20:35:42,218 INFO RPC interface 'supervisor' initialized
2026-01-31 20:35:42,219 CRIT Server 'unix_http_server' running without any HTTP authentication checking
2026-01-31 20:35:42,219 INFO supervisord started with pid 1
2026-01-31 20:35:43,221 INFO spawned: 'nginx' with pid 107
2026-01-31 20:35:43,223 INFO spawned: 'php-fpm' with pid 108
2026-01-31 20:35:44,270 INFO success: nginx entered RUNNING state, process has stayed up for > than 1 seconds (startsecs)
2026-01-31 20:35:44,271 INFO success: php-fpm entered RUNNING state, process has stayed up for > than 1 seconds (startsecs)
2026-01-31 20:37:39,409 WARN For [program:laravel-scheduler], redirect_stderr=true but stderr_logfile has also been set to a filename, the filename has been ignored
2026-01-31 20:37:39,409 INFO Set uid to user 0 succeeded
2026-01-31 20:37:39,720 INFO RPC interface 'supervisor' initialized
2026-01-31 20:37:39,720 CRIT Server 'unix_http_server' running without any HTTP authentication checking
2026-01-31 20:37:39,721 INFO supervisord started with pid 1
2026-01-31 20:37:40,728 INFO spawned: 'laravel-scheduler' with pid 157
2026-01-31 20:37:40,732 INFO spawned: 'laravel-worker_00' with pid 158
2026-01-31 20:37:40,735 INFO spawned: 'laravel-worker_01' with pid 160
2026-01-31 20:37:40,741 INFO spawned: 'php-fpm' with pid 161
2026-01-31 20:37:40,746 INFO spawned: 'sshd' with pid 162
2026-01-31 20:37:40,787 WARN exited: laravel-worker_00 (exit status 255; not expected)
2026-01-31 20:37:40,788 WARN exited: laravel-worker_01 (exit status 255; not expected)
2026-01-31 20:37:41,790 INFO success: laravel-scheduler entered RUNNING state, process has stayed up for > than 1 seconds (startsecs)
2026-01-31 20:37:41,806 INFO spawned: 'laravel-worker_00' with pid 167
2026-01-31 20:37:41,808 INFO spawned: 'laravel-worker_01' with pid 168
2026-01-31 20:37:41,811 INFO success: php-fpm entered RUNNING state, process has stayed up for > than 1 seconds (startsecs)
2026-01-31 20:37:41,811 INFO success: sshd entered RUNNING state, process has stayed up for > than 1 seconds (startsecs)
2026-01-31 20:37:41,859 WARN exited: laravel-worker_00 (exit status 255; not expected)
2026-01-31 20:37:41,860 WARN exited: laravel-worker_01 (exit status 255; not expected)
2026-01-31 20:37:43,869 INFO spawned: 'laravel-worker_00' with pid 172
2026-01-31 20:37:43,873 INFO spawned: 'laravel-worker_01' with pid 173
2026-01-31 20:37:43,925 WARN exited: laravel-worker_00 (exit status 255; not expected)
2026-01-31 20:37:43,926 WARN exited: laravel-worker_01 (exit status 255; not expected)
2026-01-31 20:37:46,965 INFO spawned: 'laravel-worker_00' with pid 180
2026-01-31 20:37:46,968 INFO spawned: 'laravel-worker_01' with pid 181
2026-01-31 20:37:47,015 WARN exited: laravel-worker_01 (exit status 255; not expected)
2026-01-31 20:37:47,026 INFO gave up: laravel-worker_01 entered FATAL state, too many start retries too quickly
2026-01-31 20:37:47,026 WARN exited: laravel-worker_00 (exit status 255; not expected)
2026-01-31 20:37:48,029 INFO gave up: laravel-worker_00 entered FATAL state, too many start retries too quickly
2026-01-31 20:48:49,216 WARN received SIGQUIT indicating exit request
2026-01-31 20:48:49,217 INFO waiting for nginx, php-fpm to die
2026-01-31 20:49:01,039 INFO reaped unknown pid 1412 (exit status 0)
2026-01-31 20:49:03,613 INFO reaped unknown pid 1423 (exit status 0)
2026-01-31 20:49:08,631 INFO reaped unknown pid 1430 (exit status 0)
2026-01-31 20:49:13,642 INFO reaped unknown pid 1437 (exit status 0)
2026-01-31 20:49:18,689 INFO reaped unknown pid 1444 (exit status 0)
2026-01-31 20:49:24,385 INFO Set uid to user 0 succeeded
2026-01-31 20:49:24,389 INFO RPC interface 'supervisor' initialized
2026-01-31 20:49:24,389 CRIT Server 'unix_http_server' running without any HTTP authentication checking
2026-01-31 20:49:24,389 INFO supervisord started with pid 1
2026-01-31 20:49:24,699 INFO reaped unknown pid 1451 (exit status 0)
2026-01-31 20:49:25,406 INFO spawned: 'nginx' with pid 79
2026-01-31 20:49:25,410 INFO spawned: 'php-fpm' with pid 80
2026-01-31 20:49:26,458 INFO success: nginx entered RUNNING state, process has stayed up for > than 1 seconds (startsecs)
2026-01-31 20:49:26,461 INFO success: php-fpm entered RUNNING state, process has stayed up for > than 1 seconds (startsecs)
2026-01-31 20:49:28,801 INFO reaped unknown pid 1458 (exit status 0)
2026-01-31 20:49:33,861 INFO reaped unknown pid 1465 (exit status 0)
2026-01-31 20:49:38,910 INFO reaped unknown pid 1472 (exit status 0)
2026-01-31 20:49:44,003 INFO reaped unknown pid 1479 (exit status 0)
2026-01-31 20:49:49,063 INFO reaped unknown pid 1486 (exit status 0)
2026-01-31 20:49:54,118 INFO reaped unknown pid 1493 (exit status 0)
2026-01-31 20:49:59,196 INFO reaped unknown pid 1500 (exit status 0)
2026-01-31 20:50:03,667 INFO reaped unknown pid 1511 (exit status 0)
2026-01-31 20:50:08,742 INFO reaped unknown pid 1518 (exit status 0)
2026-01-31 20:50:13,833 INFO reaped unknown pid 1525 (exit status 0)
2026-01-31 20:50:18,896 INFO reaped unknown pid 1532 (exit status 0)
2026-01-31 20:50:23,963 INFO reaped unknown pid 1539 (exit status 0)
2026-01-31 20:50:28,946 INFO reaped unknown pid 1546 (exit status 0)
2026-01-31 20:50:33,981 INFO reaped unknown pid 1553 (exit status 0)
2026-01-31 20:50:41,032 INFO reaped unknown pid 1560 (exit status 0)
2026-01-31 20:50:44,044 INFO reaped unknown pid 1567 (exit status 0)
2026-01-31 20:50:49,082 INFO reaped unknown pid 1574 (exit status 0)
2026-01-31 20:50:56,104 INFO reaped unknown pid 1581 (exit status 0)
2026-01-31 20:50:59,151 INFO reaped unknown pid 1588 (exit status 0)
2026-01-31 20:51:04,180 INFO reaped unknown pid 1599 (exit status 0)
2026-01-31 20:51:09,240 INFO reaped unknown pid 1606 (exit status 0)
2026-01-31 20:51:16,327 INFO reaped unknown pid 1613 (exit status 0)
2026-01-31 20:51:19,371 INFO reaped unknown pid 1620 (exit status 0)
2026-01-31 20:51:26,428 INFO reaped unknown pid 1627 (exit status 0)
2026-01-31 20:51:29,447 INFO reaped unknown pid 1634 (exit status 0)
2026-01-31 20:51:34,447 INFO reaped unknown pid 1641 (exit status 0)
2026-01-31 20:51:39,515 INFO reaped unknown pid 1648 (exit status 0)
2026-01-31 20:51:44,552 INFO reaped unknown pid 1655 (exit status 0)
2026-01-31 20:51:49,582 INFO reaped unknown pid 1662 (exit status 0)
2026-01-31 20:51:54,608 INFO reaped unknown pid 1669 (exit status 0)
2026-01-31 20:51:59,710 INFO reaped unknown pid 1676 (exit status 0)
2026-01-31 20:52:03,752 INFO reaped unknown pid 1687 (exit status 0)
2026-01-31 20:52:08,802 INFO reaped unknown pid 1694 (exit status 0)
2026-01-31 20:52:14,828 INFO reaped unknown pid 1701 (exit status 0)
2026-01-31 20:52:18,938 INFO reaped unknown pid 1708 (exit status 0)
2026-01-31 20:52:23,994 INFO reaped unknown pid 1715 (exit status 0)
2026-01-31 20:52:29,008 INFO reaped unknown pid 1722 (exit status 0)
2026-01-31 20:52:35,098 INFO reaped unknown pid 1729 (exit status 0)
2026-01-31 20:52:39,185 INFO reaped unknown pid 1736 (exit status 0)
2026-01-31 20:52:44,253 INFO reaped unknown pid 1743 (exit status 0)
2026-01-31 20:52:51,259 INFO reaped unknown pid 1750 (exit status 0)
2026-01-31 20:52:54,301 INFO reaped unknown pid 1757 (exit status 0)
2026-01-31 20:52:59,335 INFO reaped unknown pid 1764 (exit status 0)
2026-01-31 20:53:03,665 INFO reaped unknown pid 1775 (exit status 0)
2026-01-31 20:53:08,715 INFO reaped unknown pid 1782 (exit status 0)
2026-01-31 20:53:13,817 INFO reaped unknown pid 1789 (exit status 0)
2026-01-31 20:53:18,832 INFO reaped unknown pid 1796 (exit status 0)
2026-01-31 20:53:23,912 INFO reaped unknown pid 1803 (exit status 0)
2026-01-31 20:53:29,000 INFO reaped unknown pid 1810 (exit status 0)
2026-01-31 20:53:34,066 INFO reaped unknown pid 1817 (exit status 0)
2026-01-31 20:53:39,048 INFO reaped unknown pid 1824 (exit status 0)
2026-01-31 20:53:44,090 INFO reaped unknown pid 1831 (exit status 0)
2026-01-31 20:53:49,172 INFO reaped unknown pid 1838 (exit status 0)
2026-01-31 20:53:54,200 INFO reaped unknown pid 1845 (exit status 0)
2026-01-31 20:53:59,230 INFO reaped unknown pid 1852 (exit status 0)
2026-01-31 20:54:04,279 INFO reaped unknown pid 1863 (exit status 0)
2026-01-31 20:54:09,327 INFO reaped unknown pid 1870 (exit status 0)
2026-01-31 20:54:14,415 INFO reaped unknown pid 1877 (exit status 0)
2026-01-31 20:54:19,487 INFO reaped unknown pid 1884 (exit status 0)
2026-01-31 20:54:24,569 INFO reaped unknown pid 1891 (exit status 0)
2026-01-31 20:54:29,654 INFO reaped unknown pid 1898 (exit status 0)
2026-01-31 20:54:34,742 INFO reaped unknown pid 1905 (exit status 0)
2026-01-31 20:54:39,830 INFO reaped unknown pid 1912 (exit status 0)
2026-01-31 20:54:44,936 INFO reaped unknown pid 1919 (exit status 0)
2026-01-31 20:54:50,007 INFO reaped unknown pid 1926 (exit status 0)
2026-01-31 20:54:55,111 INFO reaped unknown pid 1933 (exit status 0)
2026-01-31 20:55:00,088 INFO reaped unknown pid 1940 (exit status 0)
2026-01-31 20:55:03,727 INFO reaped unknown pid 1951 (exit status 0)
2026-01-31 20:55:08,769 INFO reaped unknown pid 1958 (exit status 0)
2026-01-31 20:55:13,840 INFO reaped unknown pid 1965 (exit status 0)
2026-01-31 20:55:18,889 INFO reaped unknown pid 1972 (exit status 0)
2026-01-31 20:55:23,935 INFO reaped unknown pid 1979 (exit status 0)
2026-01-31 20:55:29,001 INFO reaped unknown pid 1986 (exit status 0)
2026-01-31 20:55:34,091 INFO reaped unknown pid 1993 (exit status 0)
2026-01-31 20:55:39,147 INFO reaped unknown pid 2000 (exit status 0)
2026-01-31 20:55:44,200 INFO reaped unknown pid 2007 (exit status 0)
2026-01-31 20:55:49,279 INFO reaped unknown pid 2014 (exit status 0)
2026-01-31 20:55:54,316 INFO reaped unknown pid 2021 (exit status 0)
2026-01-31 20:55:59,366 INFO reaped unknown pid 2028 (exit status 0)
2026-01-31 20:56:03,770 INFO reaped unknown pid 2039 (exit status 0)
2026-01-31 20:56:08,869 INFO reaped unknown pid 2046 (exit status 0)
2026-01-31 20:56:13,949 INFO reaped unknown pid 2053 (exit status 0)
2026-01-31 20:56:19,019 INFO reaped unknown pid 2060 (exit status 0)
2026-01-31 20:56:24,034 INFO reaped unknown pid 2067 (exit status 0)
2026-01-31 20:56:29,095 INFO reaped unknown pid 2074 (exit status 0)
2026-01-31 20:56:30,914 INFO reaped unknown pid 104 (exit status 0)
2026-01-31 20:56:34,181 INFO reaped unknown pid 2081 (exit status 0)
2026-01-31 20:56:39,247 INFO reaped unknown pid 2088 (exit status 0)
2026-01-31 20:56:44,315 INFO reaped unknown pid 2095 (exit status 0)
2026-01-31 20:56:49,405 INFO reaped unknown pid 2102 (exit status 0)
2026-01-31 20:56:54,435 INFO reaped unknown pid 2109 (exit status 0)
2026-01-31 20:56:59,507 INFO reaped unknown pid 2116 (exit status 0)
2026-01-31 20:57:03,683 INFO reaped unknown pid 2127 (exit status 0)
2026-01-31 20:57:08,742 INFO reaped unknown pid 2134 (exit status 0)
2026-01-31 20:57:13,821 INFO reaped unknown pid 2141 (exit status 0)
2026-01-31 20:57:18,873 INFO reaped unknown pid 2148 (exit status 0)
2026-01-31 20:57:23,931 INFO reaped unknown pid 2155 (exit status 0)
2026-01-31 20:57:28,975 INFO reaped unknown pid 2162 (exit status 0)
2026-01-31 20:57:33,984 INFO reaped unknown pid 2169 (exit status 0)
2026-01-31 20:57:39,069 INFO reaped unknown pid 2176 (exit status 0)
2026-01-31 20:57:44,143 INFO reaped unknown pid 2183 (exit status 0)
2026-01-31 20:57:49,184 INFO reaped unknown pid 2190 (exit status 0)
2026-01-31 20:57:54,296 INFO reaped unknown pid 2197 (exit status 0)
2026-01-31 20:57:59,379 INFO reaped unknown pid 2204 (exit status 0)
2026-01-31 20:58:03,843 INFO reaped unknown pid 2215 (exit status 0)
2026-01-31 20:58:08,910 INFO reaped unknown pid 2222 (exit status 0)
2026-01-31 20:58:13,992 INFO reaped unknown pid 2229 (exit status 0)
2026-01-31 20:58:19,107 INFO reaped unknown pid 2236 (exit status 0)
2026-01-31 20:58:24,107 INFO reaped unknown pid 2243 (exit status 0)
2026-01-31 20:58:29,198 INFO reaped unknown pid 2250 (exit status 0)
2026-01-31 20:58:34,244 INFO reaped unknown pid 2257 (exit status 0)
2026-01-31 20:58:39,324 INFO reaped unknown pid 2264 (exit status 0)
2026-01-31 20:58:44,412 INFO reaped unknown pid 2271 (exit status 0)
2026-01-31 20:58:49,498 INFO reaped unknown pid 2278 (exit status 0)
2026-01-31 20:58:54,491 INFO reaped unknown pid 2285 (exit status 0)
2026-01-31 20:58:59,538 INFO reaped unknown pid 2292 (exit status 0)
2026-01-31 20:59:05,078 INFO reaped unknown pid 2303 (exit status 0)
2026-01-31 20:59:07,367 INFO reaped unknown pid 139 (exit status 0)
2026-01-31 20:59:10,125 INFO reaped unknown pid 2310 (exit status 0)
2026-01-31 20:59:15,154 INFO reaped unknown pid 2317 (exit status 0)
2026-01-31 20:59:20,225 INFO reaped unknown pid 2324 (exit status 0)
2026-01-31 20:59:25,330 INFO reaped unknown pid 2331 (exit status 0)
2026-01-31 20:59:30,352 INFO reaped unknown pid 2338 (exit status 0)
2026-01-31 20:59:35,426 INFO reaped unknown pid 2345 (exit status 0)
2026-01-31 20:59:40,495 INFO reaped unknown pid 2352 (exit status 0)
2026-01-31 20:59:45,588 INFO reaped unknown pid 2359 (exit status 0)
2026-01-31 20:59:50,681 INFO reaped unknown pid 2366 (exit status 0)
2026-01-31 20:59:55,731 INFO reaped unknown pid 2373 (exit status 0)
2026-01-31 21:00:00,010 INFO reaped unknown pid 2380 (exit status 0)
2026-01-31 21:00:03,674 INFO reaped unknown pid 2391 (exit status 0)
2026-01-31 21:00:08,700 INFO reaped unknown pid 2398 (exit status 0)
2026-01-31 21:00:13,783 INFO reaped unknown pid 2405 (exit status 0)
2026-01-31 21:00:18,888 INFO reaped unknown pid 2412 (exit status 0)
2026-01-31 21:00:23,980 INFO reaped unknown pid 2419 (exit status 0)
2026-01-31 21:00:29,050 INFO reaped unknown pid 2426 (exit status 0)
2026-01-31 21:00:34,134 INFO reaped unknown pid 2433 (exit status 0)
2026-01-31 21:00:39,221 INFO reaped unknown pid 2440 (exit status 0)
2026-01-31 21:00:44,321 INFO reaped unknown pid 2447 (exit status 0)
2026-01-31 21:00:49,362 INFO reaped unknown pid 2454 (exit status 0)
2026-01-31 21:00:54,434 INFO reaped unknown pid 2461 (exit status 0)
2026-01-31 21:00:59,498 INFO reaped unknown pid 2468 (exit status 0)
2026-01-31 21:01:03,661 INFO reaped unknown pid 2479 (exit status 0)
2026-01-31 21:01:08,713 INFO reaped unknown pid 2486 (exit status 0)
2026-01-31 21:01:13,731 INFO reaped unknown pid 2493 (exit status 0)
2026-01-31 21:01:18,787 INFO reaped unknown pid 2500 (exit status 0)
2026-01-31 21:01:23,813 INFO reaped unknown pid 2507 (exit status 0)
2026-01-31 21:01:28,875 INFO reaped unknown pid 2514 (exit status 0)
2026-01-31 21:01:33,873 INFO reaped unknown pid 2521 (exit status 0)
2026-01-31 21:01:38,950 INFO reaped unknown pid 2528 (exit status 0)
2026-01-31 21:01:44,002 INFO reaped unknown pid 2535 (exit status 0)
2026-01-31 21:01:49,074 INFO reaped unknown pid 2542 (exit status 0)
2026-01-31 21:01:54,126 INFO reaped unknown pid 2549 (exit status 0)
2026-01-31 21:01:59,201 INFO reaped unknown pid 2556 (exit status 0)
2026-01-31 21:02:03,780 INFO reaped unknown pid 2567 (exit status 0)
2026-01-31 21:02:08,855 INFO reaped unknown pid 2574 (exit status 0)
2026-01-31 21:02:13,932 INFO reaped unknown pid 2581 (exit status 0)
2026-01-31 21:02:19,024 INFO reaped unknown pid 2588 (exit status 0)
2026-01-31 21:02:24,109 INFO reaped unknown pid 2595 (exit status 0)
2026-01-31 21:02:29,179 INFO reaped unknown pid 2602 (exit status 0)
2026-01-31 21:02:34,266 INFO reaped unknown pid 2609 (exit status 0)
2026-01-31 21:02:39,338 INFO reaped unknown pid 2616 (exit status 0)
2026-01-31 21:02:44,423 INFO reaped unknown pid 2623 (exit status 0)
2026-01-31 21:02:49,532 INFO reaped unknown pid 2630 (exit status 0)
2026-01-31 21:02:56,610 INFO reaped unknown pid 2637 (exit status 0)
2026-01-31 21:02:59,621 INFO reaped unknown pid 2644 (exit status 0)
2026-01-31 21:03:03,694 INFO reaped unknown pid 2655 (exit status 0)
2026-01-31 21:03:08,770 INFO reaped unknown pid 2662 (exit status 0)
2026-01-31 21:03:13,873 INFO reaped unknown pid 2669 (exit status 0)
2026-01-31 21:03:18,946 INFO reaped unknown pid 2676 (exit status 0)
2026-01-31 21:03:23,966 INFO reaped unknown pid 2683 (exit status 0)
2026-01-31 21:03:29,009 INFO reaped unknown pid 2690 (exit status 0)
2026-01-31 21:03:35,086 INFO reaped unknown pid 2697 (exit status 0)
2026-01-31 21:03:40,173 INFO reaped unknown pid 2704 (exit status 0)
2026-01-31 21:03:44,228 INFO reaped unknown pid 2711 (exit status 0)
2026-01-31 21:03:50,291 INFO reaped unknown pid 2718 (exit status 0)
2026-01-31 21:03:54,324 INFO reaped unknown pid 2725 (exit status 0)
2026-01-31 21:03:59,356 INFO reaped unknown pid 2732 (exit status 0)
2026-01-31 21:04:03,843 INFO reaped unknown pid 2743 (exit status 0)
2026-01-31 21:04:07,657 INFO reaped unknown pid 173 (exit status 0)
2026-01-31 21:04:08,924 INFO reaped unknown pid 2750 (exit status 0)
2026-01-31 21:04:14,034 INFO reaped unknown pid 2757 (exit status 0)
2026-01-31 21:04:20,108 INFO reaped unknown pid 2764 (exit status 0)
2026-01-31 21:04:24,147 INFO reaped unknown pid 2771 (exit status 0)
2026-01-31 21:04:29,255 INFO reaped unknown pid 2778 (exit status 0)
2026-01-31 21:04:34,349 INFO reaped unknown pid 2785 (exit status 0)
2026-01-31 21:04:39,429 INFO reaped unknown pid 2792 (exit status 0)
2026-01-31 21:04:44,451 INFO reaped unknown pid 2799 (exit status 0)
2026-01-31 21:04:49,531 INFO reaped unknown pid 2806 (exit status 0)
2026-01-31 21:04:54,562 INFO reaped unknown pid 2813 (exit status 0)
2026-01-31 21:04:59,648 INFO reaped unknown pid 2820 (exit status 0)
2026-01-31 21:05:03,960 INFO reaped unknown pid 2831 (exit status 0)
2026-01-31 21:05:08,986 INFO reaped unknown pid 2838 (exit status 0)
2026-01-31 21:05:13,410 INFO reaped unknown pid 207 (exit status 0)
2026-01-31 21:05:14,008 INFO reaped unknown pid 2845 (exit status 0)
2026-01-31 21:05:19,049 INFO reaped unknown pid 2852 (exit status 0)
2026-01-31 21:05:24,142 INFO reaped unknown pid 2859 (exit status 0)
2026-01-31 21:05:29,241 INFO reaped unknown pid 2866 (exit status 0)
2026-01-31 21:05:34,291 INFO reaped unknown pid 2873 (exit status 0)
2026-01-31 21:05:39,387 INFO reaped unknown pid 2880 (exit status 0)
2026-01-31 21:05:44,488 INFO reaped unknown pid 2887 (exit status 0)
2026-01-31 21:05:49,536 INFO reaped unknown pid 2894 (exit status 0)
2026-01-31 21:05:54,577 INFO reaped unknown pid 2901 (exit status 0)
2026-01-31 21:05:59,582 INFO reaped unknown pid 2908 (exit status 0)
2026-01-31 21:06:02,772 INFO reaped unknown pid 242 (exit status 0)
2026-01-31 21:06:03,720 INFO reaped unknown pid 2919 (exit status 0)
2026-01-31 21:06:08,798 INFO reaped unknown pid 2926 (exit status 0)
2026-01-31 21:06:13,868 INFO reaped unknown pid 2933 (exit status 0)
2026-01-31 21:06:18,924 INFO reaped unknown pid 2940 (exit status 0)
2026-01-31 21:06:24,007 INFO reaped unknown pid 2947 (exit status 0)
2026-01-31 21:06:29,052 INFO reaped unknown pid 2954 (exit status 0)
2026-01-31 21:06:34,105 INFO reaped unknown pid 2961 (exit status 0)
2026-01-31 21:06:39,150 INFO reaped unknown pid 2968 (exit status 0)
2026-01-31 21:06:44,150 INFO reaped unknown pid 2975 (exit status 0)
2026-01-31 21:06:49,177 INFO reaped unknown pid 2982 (exit status 0)
2026-01-31 21:06:55,188 INFO reaped unknown pid 2989 (exit status 0)
2026-01-31 21:06:57,300 INFO reaped unknown pid 276 (exit status 0)
2026-01-31 21:06:59,304 INFO reaped unknown pid 2996 (exit status 0)
2026-01-31 21:07:04,676 INFO reaped unknown pid 3007 (exit status 0)
2026-01-31 21:07:08,712 INFO reaped unknown pid 3014 (exit status 0)
2026-01-31 21:07:13,733 INFO reaped unknown pid 3021 (exit status 0)
2026-01-31 21:07:19,774 INFO reaped unknown pid 3028 (exit status 0)
2026-01-31 21:07:23,832 INFO reaped unknown pid 3035 (exit status 0)
2026-01-31 21:07:29,920 INFO reaped unknown pid 3042 (exit status 0)
2026-01-31 21:07:33,975 INFO reaped unknown pid 3049 (exit status 0)
2026-01-31 21:07:39,055 INFO reaped unknown pid 3056 (exit status 0)
2026-01-31 21:07:44,162 INFO reaped unknown pid 3063 (exit status 0)
2026-01-31 21:07:49,225 INFO reaped unknown pid 3070 (exit status 0)
2026-01-31 21:07:54,263 INFO reaped unknown pid 3077 (exit status 0)
2026-01-31 21:07:59,327 INFO reaped unknown pid 3084 (exit status 0)
2026-01-31 21:08:03,760 INFO reaped unknown pid 3095 (exit status 0)
2026-01-31 21:08:08,842 INFO reaped unknown pid 3102 (exit status 0)
2026-01-31 21:08:13,854 INFO reaped unknown pid 3109 (exit status 0)
2026-01-31 21:08:18,925 INFO reaped unknown pid 3116 (exit status 0)
2026-01-31 21:08:23,975 INFO reaped unknown pid 3123 (exit status 0)
2026-01-31 21:08:29,050 INFO reaped unknown pid 3130 (exit status 0)
2026-01-31 21:08:34,022 INFO reaped unknown pid 3137 (exit status 0)
2026-01-31 21:08:39,074 INFO reaped unknown pid 3144 (exit status 0)
2026-01-31 21:08:44,168 INFO reaped unknown pid 3151 (exit status 0)
2026-01-31 21:08:49,225 INFO reaped unknown pid 3158 (exit status 0)
2026-01-31 21:08:54,289 INFO reaped unknown pid 3165 (exit status 0)
2026-01-31 21:08:59,312 INFO reaped unknown pid 3172 (exit status 0)
2026-01-31 21:09:03,699 INFO reaped unknown pid 3183 (exit status 0)
2026-01-31 21:09:08,782 INFO reaped unknown pid 3190 (exit status 0)
2026-01-31 21:09:13,875 INFO reaped unknown pid 3197 (exit status 0)
2026-01-31 21:09:19,011 INFO reaped unknown pid 3204 (exit status 0)
2026-01-31 21:09:26,071 INFO reaped unknown pid 3211 (exit status 0)
2026-01-31 21:09:29,150 INFO reaped unknown pid 3218 (exit status 0)
2026-01-31 21:09:34,189 INFO reaped unknown pid 3225 (exit status 0)
2026-01-31 21:09:39,243 INFO reaped unknown pid 3232 (exit status 0)
2026-01-31 21:09:41,422 INFO reaped unknown pid 310 (exit status 0)
2026-01-31 21:09:44,251 INFO reaped unknown pid 3239 (exit status 0)
2026-01-31 21:09:49,238 INFO reaped unknown pid 3246 (exit status 0)
2026-01-31 21:09:54,299 INFO reaped unknown pid 3253 (exit status 0)
2026-01-31 21:09:59,352 INFO reaped unknown pid 3260 (exit status 0)
2026-01-31 21:10:03,717 INFO reaped unknown pid 3271 (exit status 0)
2026-01-31 21:10:08,803 INFO reaped unknown pid 3278 (exit status 0)
2026-01-31 21:10:13,885 INFO reaped unknown pid 3285 (exit status 0)
2026-01-31 21:10:18,965 INFO reaped unknown pid 3292 (exit status 0)
2026-01-31 21:10:24,060 INFO reaped unknown pid 3299 (exit status 0)
2026-01-31 21:10:30,104 INFO reaped unknown pid 3306 (exit status 0)
2026-01-31 21:10:34,138 INFO reaped unknown pid 3313 (exit status 0)
2026-01-31 21:10:39,153 INFO reaped unknown pid 3320 (exit status 0)
2026-01-31 21:10:44,251 INFO reaped unknown pid 3327 (exit status 0)
2026-01-31 21:10:49,314 INFO reaped unknown pid 3334 (exit status 0)
2026-01-31 21:10:54,388 INFO reaped unknown pid 3341 (exit status 0)
2026-01-31 21:10:59,396 INFO reaped unknown pid 3348 (exit status 0)
2026-01-31 21:11:03,826 INFO reaped unknown pid 3359 (exit status 0)
2026-01-31 21:11:08,827 INFO reaped unknown pid 3366 (exit status 0)
2026-01-31 21:11:13,865 INFO reaped unknown pid 3373 (exit status 0)
2026-01-31 21:11:18,970 INFO reaped unknown pid 3380 (exit status 0)
2026-01-31 21:11:23,977 INFO reaped unknown pid 3387 (exit status 0)
2026-01-31 21:11:29,072 INFO reaped unknown pid 3394 (exit status 0)
2026-01-31 21:11:34,131 INFO reaped unknown pid 3401 (exit status 0)
2026-01-31 21:11:39,209 INFO reaped unknown pid 3408 (exit status 0)
2026-01-31 21:11:44,216 INFO reaped unknown pid 3415 (exit status 0)
2026-01-31 21:11:49,325 INFO reaped unknown pid 3422 (exit status 0)
2026-01-31 21:11:54,383 INFO reaped unknown pid 3429 (exit status 0)
2026-01-31 21:11:59,439 INFO reaped unknown pid 3436 (exit status 0)
2026-01-31 21:12:03,718 INFO reaped unknown pid 3447 (exit status 0)
2026-01-31 21:12:08,807 INFO reaped unknown pid 3454 (exit status 0)
2026-01-31 21:12:13,873 INFO reaped unknown pid 3461 (exit status 0)
2026-01-31 21:12:18,886 INFO reaped unknown pid 3468 (exit status 0)
2026-01-31 21:12:23,978 INFO reaped unknown pid 3475 (exit status 0)
2026-01-31 21:12:29,090 INFO reaped unknown pid 3482 (exit status 0)
2026-01-31 21:12:34,149 INFO reaped unknown pid 3489 (exit status 0)
2026-01-31 21:12:39,226 INFO reaped unknown pid 3496 (exit status 0)
2026-01-31 21:12:44,284 INFO reaped unknown pid 3503 (exit status 0)
2026-01-31 21:12:49,356 INFO reaped unknown pid 3510 (exit status 0)
2026-01-31 21:12:54,369 INFO reaped unknown pid 3517 (exit status 0)
2026-01-31 21:12:59,369 INFO reaped unknown pid 3524 (exit status 0)
2026-01-31 21:12:59,775 INFO reaped unknown pid 345 (exit status 0)
2026-01-31 21:13:03,757 INFO reaped unknown pid 3535 (exit status 0)
2026-01-31 21:13:08,839 INFO reaped unknown pid 3542 (exit status 0)
2026-01-31 21:13:13,916 INFO reaped unknown pid 3549 (exit status 0)
2026-01-31 21:13:18,979 INFO reaped unknown pid 3556 (exit status 0)
2026-01-31 21:13:24,020 INFO reaped unknown pid 3563 (exit status 0)
2026-01-31 21:13:29,127 INFO reaped unknown pid 3570 (exit status 0)
2026-01-31 21:13:34,217 INFO reaped unknown pid 3577 (exit status 0)
2026-01-31 21:13:39,231 INFO reaped unknown pid 3584 (exit status 0)
2026-01-31 21:13:44,295 INFO reaped unknown pid 3591 (exit status 0)
2026-01-31 21:13:49,344 INFO reaped unknown pid 3598 (exit status 0)
2026-01-31 21:13:54,417 INFO reaped unknown pid 3605 (exit status 0)
2026-01-31 21:13:59,476 INFO reaped unknown pid 3612 (exit status 0)
2026-01-31 21:14:03,884 INFO reaped unknown pid 3623 (exit status 0)
2026-01-31 21:14:08,944 INFO reaped unknown pid 3630 (exit status 0)
2026-01-31 21:14:13,999 INFO reaped unknown pid 3637 (exit status 0)
2026-01-31 21:14:19,012 INFO reaped unknown pid 3644 (exit status 0)
2026-01-31 21:14:24,011 INFO reaped unknown pid 3651 (exit status 0)
2026-01-31 21:14:29,093 INFO reaped unknown pid 3658 (exit status 0)
2026-01-31 21:14:34,180 INFO reaped unknown pid 3665 (exit status 0)
2026-01-31 21:14:39,229 INFO reaped unknown pid 3672 (exit status 0)
2026-01-31 21:14:44,282 INFO reaped unknown pid 3679 (exit status 0)
2026-01-31 21:14:49,330 INFO reaped unknown pid 3686 (exit status 0)
2026-01-31 21:14:54,392 INFO reaped unknown pid 3693 (exit status 0)
2026-01-31 21:14:59,426 INFO reaped unknown pid 3700 (exit status 0)
2026-01-31 21:15:03,901 INFO reaped unknown pid 3711 (exit status 0)
2026-01-31 21:15:08,999 INFO reaped unknown pid 3718 (exit status 0)
2026-01-31 21:15:14,002 INFO reaped unknown pid 3725 (exit status 0)
2026-01-31 21:15:16,485 INFO reaped unknown pid 379 (exit status 0)
2026-01-31 21:15:19,008 INFO reaped unknown pid 3732 (exit status 0)
2026-01-31 21:15:24,011 INFO reaped unknown pid 3739 (exit status 0)
2026-01-31 21:15:29,066 INFO reaped unknown pid 3746 (exit status 0)
2026-01-31 21:15:34,134 INFO reaped unknown pid 3753 (exit status 0)
2026-01-31 21:15:40,181 INFO reaped unknown pid 3760 (exit status 0)
2026-01-31 21:15:44,204 INFO reaped unknown pid 3767 (exit status 0)
2026-01-31 21:15:49,267 INFO reaped unknown pid 3774 (exit status 0)
2026-01-31 21:15:54,364 INFO reaped unknown pid 3781 (exit status 0)
2026-01-31 21:15:59,370 INFO reaped unknown pid 3788 (exit status 0)
2026-01-31 21:16:03,748 INFO reaped unknown pid 3799 (exit status 0)
2026-01-31 21:16:08,809 INFO reaped unknown pid 3806 (exit status 0)
2026-01-31 21:16:13,875 INFO reaped unknown pid 3813 (exit status 0)
2026-01-31 21:16:18,892 INFO reaped unknown pid 3820 (exit status 0)
2026-01-31 21:16:23,945 INFO reaped unknown pid 3827 (exit status 0)
2026-01-31 21:16:28,990 INFO reaped unknown pid 3834 (exit status 0)
2026-01-31 21:16:34,011 INFO reaped unknown pid 3841 (exit status 0)
2026-01-31 21:16:39,096 INFO reaped unknown pid 3848 (exit status 0)
2026-01-31 21:16:44,096 INFO reaped unknown pid 3855 (exit status 0)
2026-01-31 21:16:49,163 INFO reaped unknown pid 3862 (exit status 0)
2026-01-31 21:16:54,214 INFO reaped unknown pid 3869 (exit status 0)
2026-01-31 21:16:59,285 INFO reaped unknown pid 3876 (exit status 0)
2026-01-31 21:17:03,736 INFO reaped unknown pid 3887 (exit status 0)
2026-01-31 21:17:08,791 INFO reaped unknown pid 3894 (exit status 0)
2026-01-31 21:17:13,792 INFO reaped unknown pid 3901 (exit status 0)
2026-01-31 21:17:18,802 INFO reaped unknown pid 3908 (exit status 0)
2026-01-31 21:17:23,894 INFO reaped unknown pid 3915 (exit status 0)
2026-01-31 21:17:28,918 INFO reaped unknown pid 3922 (exit status 0)
2026-01-31 21:17:33,931 INFO reaped unknown pid 3929 (exit status 0)
2026-01-31 21:17:39,000 INFO reaped unknown pid 3936 (exit status 0)
2026-01-31 21:17:44,059 INFO reaped unknown pid 3943 (exit status 0)
2026-01-31 21:17:49,112 INFO reaped unknown pid 3950 (exit status 0)
2026-01-31 21:17:54,173 INFO reaped unknown pid 3957 (exit status 0)
2026-01-31 21:17:59,237 INFO reaped unknown pid 3964 (exit status 0)
2026-01-31 21:18:03,884 INFO reaped unknown pid 3975 (exit status 0)
2026-01-31 21:18:08,890 INFO reaped unknown pid 3982 (exit status 0)
2026-01-31 21:18:13,895 INFO reaped unknown pid 3989 (exit status 0)
2026-01-31 21:18:18,936 INFO reaped unknown pid 3996 (exit status 0)
2026-01-31 21:18:23,948 INFO reaped unknown pid 4003 (exit status 0)
2026-01-31 21:18:29,014 INFO reaped unknown pid 4010 (exit status 0)
2026-01-31 21:18:34,065 INFO reaped unknown pid 4017 (exit status 0)
2026-01-31 21:18:39,115 INFO reaped unknown pid 4024 (exit status 0)
2026-01-31 21:18:44,200 INFO reaped unknown pid 4031 (exit status 0)
2026-01-31 21:18:49,273 INFO reaped unknown pid 4038 (exit status 0)
2026-01-31 21:18:54,296 INFO reaped unknown pid 4045 (exit status 0)
2026-01-31 21:18:59,354 INFO reaped unknown pid 4052 (exit status 0)
2026-01-31 21:19:03,885 INFO reaped unknown pid 4063 (exit status 0)
2026-01-31 21:19:08,934 INFO reaped unknown pid 4070 (exit status 0)
2026-01-31 21:19:14,020 INFO reaped unknown pid 4077 (exit status 0)
2026-01-31 21:19:19,104 INFO reaped unknown pid 4084 (exit status 0)
2026-01-31 21:19:24,118 INFO reaped unknown pid 4091 (exit status 0)
2026-01-31 21:19:29,193 INFO reaped unknown pid 4098 (exit status 0)
2026-01-31 21:19:34,251 INFO reaped unknown pid 4105 (exit status 0)
2026-01-31 21:19:39,340 INFO reaped unknown pid 4112 (exit status 0)
2026-01-31 21:19:44,415 INFO reaped unknown pid 4119 (exit status 0)
2026-01-31 21:19:49,503 INFO reaped unknown pid 4126 (exit status 0)
2026-01-31 21:19:54,570 INFO reaped unknown pid 4133 (exit status 0)
2026-01-31 21:19:59,657 INFO reaped unknown pid 4140 (exit status 0)
2026-01-31 21:20:03,760 INFO reaped unknown pid 4151 (exit status 0)
2026-01-31 21:20:08,817 INFO reaped unknown pid 4158 (exit status 0)
2026-01-31 21:20:13,882 INFO reaped unknown pid 4165 (exit status 0)
2026-01-31 21:20:18,965 INFO reaped unknown pid 4172 (exit status 0)
2026-01-31 21:20:23,983 INFO reaped unknown pid 4179 (exit status 0)
2026-01-31 21:20:29,075 INFO reaped unknown pid 4186 (exit status 0)
2026-01-31 21:20:34,088 INFO reaped unknown pid 4193 (exit status 0)
2026-01-31 21:20:39,167 INFO reaped unknown pid 4200 (exit status 0)
2026-01-31 21:20:44,257 INFO reaped unknown pid 4207 (exit status 0)
2026-01-31 21:20:49,307 INFO reaped unknown pid 4214 (exit status 0)
2026-01-31 21:20:54,344 INFO reaped unknown pid 4221 (exit status 0)
2026-01-31 21:20:59,427 INFO reaped unknown pid 4228 (exit status 0)
2026-01-31 21:21:03,690 INFO reaped unknown pid 4239 (exit status 0)
2026-01-31 21:21:08,740 INFO reaped unknown pid 4246 (exit status 0)
2026-01-31 21:21:13,827 INFO reaped unknown pid 4253 (exit status 0)
2026-01-31 21:21:18,893 INFO reaped unknown pid 4260 (exit status 0)
2026-01-31 21:21:23,957 INFO reaped unknown pid 4267 (exit status 0)
2026-01-31 21:21:29,038 INFO reaped unknown pid 4274 (exit status 0)
2026-01-31 21:21:34,117 INFO reaped unknown pid 4281 (exit status 0)
2026-01-31 21:21:39,186 INFO reaped unknown pid 4288 (exit status 0)
2026-01-31 21:21:44,295 INFO reaped unknown pid 4295 (exit status 0)
2026-01-31 21:21:49,388 INFO reaped unknown pid 4302 (exit status 0)
2026-01-31 21:21:54,432 INFO reaped unknown pid 4309 (exit status 0)
2026-01-31 21:21:59,503 INFO reaped unknown pid 4316 (exit status 0)
2026-01-31 21:22:03,747 INFO reaped unknown pid 4327 (exit status 0)
2026-01-31 21:22:08,802 INFO reaped unknown pid 4334 (exit status 0)
2026-01-31 21:22:13,895 INFO reaped unknown pid 4341 (exit status 0)
2026-01-31 21:22:18,971 INFO reaped unknown pid 4348 (exit status 0)
2026-01-31 21:22:24,065 INFO reaped unknown pid 4355 (exit status 0)
2026-01-31 21:22:29,138 INFO reaped unknown pid 4362 (exit status 0)
2026-01-31 21:22:34,138 INFO reaped unknown pid 4369 (exit status 0)
2026-01-31 21:22:39,204 INFO reaped unknown pid 4376 (exit status 0)
2026-01-31 21:22:44,269 INFO reaped unknown pid 4383 (exit status 0)
2026-01-31 21:22:49,346 INFO reaped unknown pid 4390 (exit status 0)
2026-01-31 21:22:54,398 INFO reaped unknown pid 4397 (exit status 0)
2026-01-31 21:22:59,395 INFO reaped unknown pid 4404 (exit status 0)
2026-01-31 21:23:03,746 INFO reaped unknown pid 4415 (exit status 0)
2026-01-31 21:23:08,802 INFO reaped unknown pid 4422 (exit status 0)
2026-01-31 21:23:13,862 INFO reaped unknown pid 4429 (exit status 0)
2026-01-31 21:23:18,909 INFO reaped unknown pid 4436 (exit status 0)
2026-01-31 21:23:23,990 INFO reaped unknown pid 4443 (exit status 0)
2026-01-31 21:23:29,060 INFO reaped unknown pid 4450 (exit status 0)
2026-01-31 21:23:34,126 INFO reaped unknown pid 4457 (exit status 0)
2026-01-31 21:23:39,163 INFO reaped unknown pid 4464 (exit status 0)
2026-01-31 21:23:44,243 INFO reaped unknown pid 4471 (exit status 0)
2026-01-31 21:23:49,295 INFO reaped unknown pid 4478 (exit status 0)
2026-01-31 21:23:54,335 INFO reaped unknown pid 4485 (exit status 0)
2026-01-31 21:23:59,383 INFO reaped unknown pid 4492 (exit status 0)
2026-01-31 21:24:03,776 INFO reaped unknown pid 4503 (exit status 0)
2026-01-31 21:24:10,844 INFO reaped unknown pid 4510 (exit status 0)
2026-01-31 21:24:13,919 INFO reaped unknown pid 4517 (exit status 0)
2026-01-31 21:24:18,996 INFO reaped unknown pid 4524 (exit status 0)
2026-01-31 21:24:24,049 INFO reaped unknown pid 4531 (exit status 0)
2026-01-31 21:24:29,144 INFO reaped unknown pid 4538 (exit status 0)
2026-01-31 21:24:34,194 INFO reaped unknown pid 4545 (exit status 0)
2026-01-31 21:24:39,228 INFO reaped unknown pid 4552 (exit status 0)
2026-01-31 21:24:44,281 INFO reaped unknown pid 4559 (exit status 0)
2026-01-31 21:24:49,371 INFO reaped unknown pid 4566 (exit status 0)
2026-01-31 21:24:54,403 INFO reaped unknown pid 4573 (exit status 0)
2026-01-31 21:24:59,471 INFO reaped unknown pid 4580 (exit status 0)
2026-01-31 21:25:03,775 INFO reaped unknown pid 4591 (exit status 0)
2026-01-31 21:25:08,854 INFO reaped unknown pid 4598 (exit status 0)
2026-01-31 21:25:13,853 INFO reaped unknown pid 4605 (exit status 0)
2026-01-31 21:25:18,930 INFO reaped unknown pid 4612 (exit status 0)
2026-01-31 21:25:23,994 INFO reaped unknown pid 4619 (exit status 0)
2026-01-31 21:25:29,065 INFO reaped unknown pid 4626 (exit status 0)
2026-01-31 21:25:34,075 INFO reaped unknown pid 4633 (exit status 0)
2026-01-31 21:25:39,135 INFO reaped unknown pid 4640 (exit status 0)
2026-01-31 21:25:44,227 INFO reaped unknown pid 4647 (exit status 0)
2026-01-31 21:25:49,304 INFO reaped unknown pid 4654 (exit status 0)
2026-01-31 21:25:54,356 INFO reaped unknown pid 4661 (exit status 0)
2026-01-31 21:25:59,418 INFO reaped unknown pid 4668 (exit status 0)
2026-01-31 21:26:03,657 INFO reaped unknown pid 4679 (exit status 0)
2026-01-31 21:26:08,703 INFO reaped unknown pid 4686 (exit status 0)
2026-01-31 21:26:13,801 INFO reaped unknown pid 4693 (exit status 0)
2026-01-31 21:26:18,856 INFO reaped unknown pid 4700 (exit status 0)
2026-01-31 21:26:23,918 INFO reaped unknown pid 4707 (exit status 0)
2026-01-31 21:26:28,989 INFO reaped unknown pid 4714 (exit status 0)
2026-01-31 21:26:34,079 INFO reaped unknown pid 4721 (exit status 0)
2026-01-31 21:26:39,092 INFO reaped unknown pid 4728 (exit status 0)
2026-01-31 21:26:44,202 INFO reaped unknown pid 4735 (exit status 0)
2026-01-31 21:26:49,257 INFO reaped unknown pid 4742 (exit status 0)
2026-01-31 21:26:54,302 INFO reaped unknown pid 4749 (exit status 0)
2026-01-31 21:26:59,396 INFO reaped unknown pid 4756 (exit status 0)
2026-01-31 21:27:03,648 INFO reaped unknown pid 4767 (exit status 0)
2026-01-31 21:27:08,751 INFO reaped unknown pid 4774 (exit status 0)
2026-01-31 21:27:13,836 INFO reaped unknown pid 4781 (exit status 0)
2026-01-31 21:27:18,907 INFO reaped unknown pid 4788 (exit status 0)
2026-01-31 21:27:23,961 INFO reaped unknown pid 4795 (exit status 0)
2026-01-31 21:27:29,068 INFO reaped unknown pid 4802 (exit status 0)
2026-01-31 21:27:34,152 INFO reaped unknown pid 4809 (exit status 0)
2026-01-31 21:27:39,224 INFO reaped unknown pid 4816 (exit status 0)
2026-01-31 21:27:44,322 INFO reaped unknown pid 4823 (exit status 0)
2026-01-31 21:27:49,377 INFO reaped unknown pid 4830 (exit status 0)
2026-01-31 21:27:54,425 INFO reaped unknown pid 4837 (exit status 0)
2026-01-31 21:27:59,506 INFO reaped unknown pid 4844 (exit status 0)
2026-01-31 21:28:03,787 INFO reaped unknown pid 4855 (exit status 0)
2026-01-31 21:28:08,816 INFO reaped unknown pid 4862 (exit status 0)
2026-01-31 21:28:13,824 INFO reaped unknown pid 4869 (exit status 0)
2026-01-31 21:28:18,837 INFO reaped unknown pid 4876 (exit status 0)
2026-01-31 21:28:23,923 INFO reaped unknown pid 4883 (exit status 0)
2026-01-31 21:28:29,015 INFO reaped unknown pid 4890 (exit status 0)
2026-01-31 21:28:34,030 INFO reaped unknown pid 4897 (exit status 0)
2026-01-31 21:28:39,112 INFO reaped unknown pid 4904 (exit status 0)
2026-01-31 21:28:44,197 INFO reaped unknown pid 4911 (exit status 0)
2026-01-31 21:28:49,277 INFO reaped unknown pid 4918 (exit status 0)
2026-01-31 21:28:54,374 INFO reaped unknown pid 4925 (exit status 0)
2026-01-31 21:28:59,379 INFO reaped unknown pid 4932 (exit status 0)
2026-01-31 21:29:03,851 INFO reaped unknown pid 4943 (exit status 0)
2026-01-31 21:29:08,954 INFO reaped unknown pid 4950 (exit status 0)
2026-01-31 21:29:14,021 INFO reaped unknown pid 4957 (exit status 0)
2026-01-31 21:29:19,037 INFO reaped unknown pid 4964 (exit status 0)
2026-01-31 21:29:24,079 INFO reaped unknown pid 4971 (exit status 0)
2026-01-31 21:29:29,174 INFO reaped unknown pid 4978 (exit status 0)
2026-01-31 21:29:34,177 INFO reaped unknown pid 4985 (exit status 0)
2026-01-31 21:29:39,271 INFO reaped unknown pid 4992 (exit status 0)
2026-01-31 21:29:44,381 INFO reaped unknown pid 4999 (exit status 0)
2026-01-31 21:29:49,487 INFO reaped unknown pid 5006 (exit status 0)
2026-01-31 21:29:54,581 INFO reaped unknown pid 5013 (exit status 0)
2026-01-31 21:29:59,738 INFO reaped unknown pid 5020 (exit status 0)
2026-01-31 21:30:03,707 INFO reaped unknown pid 5031 (exit status 0)
2026-01-31 21:30:08,737 INFO reaped unknown pid 5038 (exit status 0)
2026-01-31 21:30:13,736 INFO reaped unknown pid 5045 (exit status 0)
2026-01-31 21:30:18,750 INFO reaped unknown pid 5052 (exit status 0)
2026-01-31 21:30:23,774 INFO reaped unknown pid 5059 (exit status 0)
2026-01-31 21:30:28,816 INFO reaped unknown pid 5066 (exit status 0)
2026-01-31 21:30:33,845 INFO reaped unknown pid 5073 (exit status 0)
2026-01-31 21:30:38,854 INFO reaped unknown pid 5080 (exit status 0)
2026-01-31 21:30:43,876 INFO reaped unknown pid 5087 (exit status 0)
2026-01-31 21:30:48,897 INFO reaped unknown pid 5094 (exit status 0)
2026-01-31 21:30:53,987 INFO reaped unknown pid 5101 (exit status 0)
2026-01-31 21:30:58,996 INFO reaped unknown pid 5108 (exit status 0)
2026-01-31 21:31:03,701 INFO reaped unknown pid 5119 (exit status 0)
2026-01-31 21:31:08,800 INFO reaped unknown pid 5126 (exit status 0)
2026-01-31 21:31:13,820 INFO reaped unknown pid 5133 (exit status 0)
2026-01-31 21:31:18,839 INFO reaped unknown pid 5140 (exit status 0)
2026-01-31 21:31:23,852 INFO reaped unknown pid 5147 (exit status 0)
2026-01-31 21:31:28,891 INFO reaped unknown pid 5154 (exit status 0)
2026-01-31 21:31:33,948 INFO reaped unknown pid 5161 (exit status 0)
2026-01-31 21:31:38,958 INFO reaped unknown pid 5168 (exit status 0)
2026-01-31 21:31:44,061 INFO reaped unknown pid 5175 (exit status 0)
2026-01-31 21:31:49,093 INFO reaped unknown pid 5182 (exit status 0)
2026-01-31 21:31:54,190 INFO reaped unknown pid 5189 (exit status 0)
2026-01-31 21:31:59,227 INFO reaped unknown pid 5196 (exit status 0)
2026-01-31 21:32:03,700 INFO reaped unknown pid 5207 (exit status 0)
2026-01-31 21:32:08,709 INFO reaped unknown pid 5214 (exit status 0)
2026-01-31 21:32:13,730 INFO reaped unknown pid 5221 (exit status 0)
2026-01-31 21:32:18,816 INFO reaped unknown pid 5228 (exit status 0)
2026-01-31 21:32:23,857 INFO reaped unknown pid 5235 (exit status 0)
2026-01-31 21:32:28,949 INFO reaped unknown pid 5242 (exit status 0)
2026-01-31 21:32:34,046 INFO reaped unknown pid 5249 (exit status 0)
2026-01-31 21:32:39,137 INFO reaped unknown pid 5256 (exit status 0)
2026-01-31 21:32:44,153 INFO reaped unknown pid 5263 (exit status 0)
2026-01-31 21:32:49,154 INFO reaped unknown pid 5270 (exit status 0)
2026-01-31 21:32:54,238 INFO reaped unknown pid 5277 (exit status 0)
2026-01-31 21:32:59,266 INFO reaped unknown pid 5284 (exit status 0)
2026-01-31 21:33:03,654 INFO reaped unknown pid 5295 (exit status 0)
2026-01-31 21:33:08,671 INFO reaped unknown pid 5302 (exit status 0)
2026-01-31 21:33:13,754 INFO reaped unknown pid 5309 (exit status 0)
2026-01-31 21:33:18,828 INFO reaped unknown pid 5316 (exit status 0)
2026-01-31 21:33:23,872 INFO reaped unknown pid 5323 (exit status 0)
2026-01-31 21:33:28,936 INFO reaped unknown pid 5330 (exit status 0)
2026-01-31 21:33:34,002 INFO reaped unknown pid 5337 (exit status 0)
2026-01-31 21:33:39,029 INFO reaped unknown pid 5344 (exit status 0)
2026-01-31 21:33:44,118 INFO reaped unknown pid 5351 (exit status 0)
2026-01-31 21:33:49,181 INFO reaped unknown pid 5358 (exit status 0)
2026-01-31 21:33:54,232 INFO reaped unknown pid 5365 (exit status 0)
2026-01-31 21:33:59,276 INFO reaped unknown pid 5372 (exit status 0)
2026-01-31 21:34:03,688 INFO reaped unknown pid 5383 (exit status 0)
2026-01-31 21:34:08,728 INFO reaped unknown pid 5390 (exit status 0)
2026-01-31 21:34:13,758 INFO reaped unknown pid 5397 (exit status 0)
2026-01-31 21:34:18,828 INFO reaped unknown pid 5404 (exit status 0)
2026-01-31 21:34:23,874 INFO reaped unknown pid 5411 (exit status 0)
2026-01-31 21:34:28,898 INFO reaped unknown pid 5418 (exit status 0)
2026-01-31 21:34:33,994 INFO reaped unknown pid 5425 (exit status 0)
2026-01-31 21:34:39,032 INFO reaped unknown pid 5432 (exit status 0)
2026-01-31 21:34:44,088 INFO reaped unknown pid 5439 (exit status 0)
2026-01-31 21:34:49,135 INFO reaped unknown pid 5446 (exit status 0)
2026-01-31 21:34:54,209 INFO reaped unknown pid 5453 (exit status 0)
2026-01-31 21:34:59,256 INFO reaped unknown pid 5460 (exit status 0)
2026-01-31 21:35:03,843 INFO reaped unknown pid 5471 (exit status 0)
2026-01-31 21:35:08,886 INFO reaped unknown pid 5478 (exit status 0)
2026-01-31 21:35:13,932 INFO reaped unknown pid 5485 (exit status 0)
2026-01-31 21:35:19,009 INFO reaped unknown pid 5492 (exit status 0)
2026-01-31 21:35:24,059 INFO reaped unknown pid 5499 (exit status 0)
2026-01-31 21:35:29,078 INFO reaped unknown pid 5506 (exit status 0)
2026-01-31 21:35:34,163 INFO reaped unknown pid 5513 (exit status 0)
2026-01-31 21:35:39,183 INFO reaped unknown pid 5520 (exit status 0)
2026-01-31 21:35:44,278 INFO reaped unknown pid 5527 (exit status 0)
2026-01-31 21:35:49,310 INFO reaped unknown pid 5534 (exit status 0)
2026-01-31 21:35:54,363 INFO reaped unknown pid 5541 (exit status 0)
2026-01-31 21:35:59,409 INFO reaped unknown pid 5548 (exit status 0)
2026-01-31 21:36:03,723 INFO reaped unknown pid 5559 (exit status 0)
2026-01-31 21:36:08,759 INFO reaped unknown pid 5566 (exit status 0)
2026-01-31 21:36:13,847 INFO reaped unknown pid 5573 (exit status 0)
2026-01-31 21:36:18,893 INFO reaped unknown pid 5580 (exit status 0)
2026-01-31 21:36:23,967 INFO reaped unknown pid 5587 (exit status 0)
2026-01-31 21:36:29,058 INFO reaped unknown pid 5594 (exit status 0)
2026-01-31 21:36:34,067 INFO reaped unknown pid 5601 (exit status 0)
2026-01-31 21:36:39,113 INFO reaped unknown pid 5608 (exit status 0)
2026-01-31 21:36:44,144 INFO reaped unknown pid 5615 (exit status 0)
2026-01-31 21:36:49,139 INFO reaped unknown pid 5622 (exit status 0)
2026-01-31 21:36:54,171 INFO reaped unknown pid 5629 (exit status 0)
2026-01-31 21:36:59,201 INFO reaped unknown pid 5636 (exit status 0)
2026-01-31 21:37:03,722 INFO reaped unknown pid 5647 (exit status 0)
2026-01-31 21:37:08,741 INFO reaped unknown pid 5654 (exit status 0)
2026-01-31 21:37:13,759 INFO reaped unknown pid 5661 (exit status 0)
2026-01-31 21:37:18,764 INFO reaped unknown pid 5668 (exit status 0)
2026-01-31 21:37:23,854 INFO reaped unknown pid 5675 (exit status 0)
2026-01-31 21:37:28,899 INFO reaped unknown pid 5682 (exit status 0)
2026-01-31 21:37:33,979 INFO reaped unknown pid 5689 (exit status 0)
2026-01-31 21:37:39,022 INFO reaped unknown pid 5696 (exit status 0)
2026-01-31 21:37:44,036 INFO reaped unknown pid 5703 (exit status 0)
2026-01-31 21:37:49,075 INFO reaped unknown pid 5710 (exit status 0)
2026-01-31 21:37:54,167 INFO reaped unknown pid 5717 (exit status 0)
2026-01-31 21:37:59,230 INFO reaped unknown pid 5724 (exit status 0)
2026-01-31 21:38:03,752 INFO reaped unknown pid 5735 (exit status 0)
2026-01-31 21:38:08,800 INFO reaped unknown pid 5742 (exit status 0)
2026-01-31 21:38:13,910 INFO reaped unknown pid 5749 (exit status 0)
2026-01-31 21:38:18,986 INFO reaped unknown pid 5756 (exit status 0)
2026-01-31 21:38:24,086 INFO reaped unknown pid 5763 (exit status 0)
2026-01-31 21:38:29,107 INFO reaped unknown pid 5770 (exit status 0)
2026-01-31 21:38:34,185 INFO reaped unknown pid 5777 (exit status 0)
2026-01-31 21:38:39,239 INFO reaped unknown pid 5784 (exit status 0)
2026-01-31 21:38:44,287 INFO reaped unknown pid 5791 (exit status 0)
2026-01-31 21:38:49,304 INFO reaped unknown pid 5798 (exit status 0)
2026-01-31 21:38:54,340 INFO reaped unknown pid 5805 (exit status 0)
2026-01-31 21:38:59,431 INFO reaped unknown pid 5812 (exit status 0)
2026-01-31 21:39:03,721 INFO reaped unknown pid 5823 (exit status 0)
2026-01-31 21:39:08,794 INFO reaped unknown pid 5830 (exit status 0)
2026-01-31 21:39:13,844 INFO reaped unknown pid 5837 (exit status 0)
2026-01-31 21:39:18,852 INFO reaped unknown pid 5844 (exit status 0)
2026-01-31 21:39:23,891 INFO reaped unknown pid 5851 (exit status 0)
2026-01-31 21:39:28,996 INFO reaped unknown pid 5858 (exit status 0)
2026-01-31 21:39:34,056 INFO reaped unknown pid 5865 (exit status 0)
2026-01-31 21:39:39,085 INFO reaped unknown pid 5872 (exit status 0)
2026-01-31 21:39:44,164 INFO reaped unknown pid 5879 (exit status 0)
2026-01-31 21:39:49,178 INFO reaped unknown pid 5886 (exit status 0)
2026-01-31 21:39:54,216 INFO reaped unknown pid 5893 (exit status 0)
2026-01-31 21:39:59,309 INFO reaped unknown pid 5900 (exit status 0)
2026-01-31 21:40:03,720 INFO reaped unknown pid 5911 (exit status 0)
2026-01-31 21:40:08,835 INFO reaped unknown pid 5918 (exit status 0)
2026-01-31 21:40:13,887 INFO reaped unknown pid 5925 (exit status 0)
2026-01-31 21:40:18,999 INFO reaped unknown pid 5932 (exit status 0)
2026-01-31 21:40:24,039 INFO reaped unknown pid 5939 (exit status 0)
2026-01-31 21:40:29,066 INFO reaped unknown pid 5946 (exit status 0)
2026-01-31 21:40:34,154 INFO reaped unknown pid 5953 (exit status 0)
2026-01-31 21:40:39,198 INFO reaped unknown pid 5960 (exit status 0)
2026-01-31 21:40:44,204 INFO reaped unknown pid 5967 (exit status 0)
2026-01-31 21:40:49,276 INFO reaped unknown pid 5974 (exit status 0)
2026-01-31 21:40:54,394 INFO reaped unknown pid 5981 (exit status 0)
2026-01-31 21:40:59,436 INFO reaped unknown pid 5988 (exit status 0)
2026-01-31 21:41:03,698 INFO reaped unknown pid 5999 (exit status 0)
2026-01-31 21:41:08,773 INFO reaped unknown pid 6006 (exit status 0)
2026-01-31 21:41:13,845 INFO reaped unknown pid 6013 (exit status 0)
2026-01-31 21:41:18,947 INFO reaped unknown pid 6020 (exit status 0)
2026-01-31 21:41:24,030 INFO reaped unknown pid 6027 (exit status 0)
2026-01-31 21:41:29,117 INFO reaped unknown pid 6034 (exit status 0)
2026-01-31 21:41:34,205 INFO reaped unknown pid 6041 (exit status 0)
2026-01-31 21:41:39,271 INFO reaped unknown pid 6048 (exit status 0)
2026-01-31 21:41:44,364 INFO reaped unknown pid 6055 (exit status 0)
2026-01-31 21:41:49,398 INFO reaped unknown pid 6062 (exit status 0)
2026-01-31 21:41:54,424 INFO reaped unknown pid 6069 (exit status 0)
2026-01-31 21:41:59,538 INFO reaped unknown pid 6076 (exit status 0)
2026-01-31 21:42:03,688 INFO reaped unknown pid 6087 (exit status 0)
2026-01-31 21:42:08,750 INFO reaped unknown pid 6094 (exit status 0)
2026-01-31 21:42:13,826 INFO reaped unknown pid 6101 (exit status 0)
2026-01-31 21:42:18,853 INFO reaped unknown pid 6108 (exit status 0)
2026-01-31 21:42:23,898 INFO reaped unknown pid 6115 (exit status 0)
2026-01-31 21:42:28,958 INFO reaped unknown pid 6122 (exit status 0)
2026-01-31 21:42:34,022 INFO reaped unknown pid 6129 (exit status 0)
2026-01-31 21:42:39,038 INFO reaped unknown pid 6136 (exit status 0)
2026-01-31 21:42:44,078 INFO reaped unknown pid 6143 (exit status 0)
2026-01-31 21:42:49,133 INFO reaped unknown pid 6150 (exit status 0)
2026-01-31 21:42:54,201 INFO reaped unknown pid 6157 (exit status 0)
2026-01-31 21:42:59,266 INFO reaped unknown pid 6164 (exit status 0)
2026-01-31 21:43:03,791 INFO reaped unknown pid 6175 (exit status 0)
2026-01-31 21:43:08,883 INFO reaped unknown pid 6182 (exit status 0)
2026-01-31 21:43:13,991 INFO reaped unknown pid 6189 (exit status 0)
2026-01-31 21:43:19,059 INFO reaped unknown pid 6196 (exit status 0)
2026-01-31 21:43:24,069 INFO reaped unknown pid 6203 (exit status 0)
2026-01-31 21:43:29,155 INFO reaped unknown pid 6210 (exit status 0)
2026-01-31 21:43:34,264 INFO reaped unknown pid 6217 (exit status 0)
2026-01-31 21:43:39,299 INFO reaped unknown pid 6224 (exit status 0)
2026-01-31 21:43:44,428 INFO reaped unknown pid 6231 (exit status 0)
2026-01-31 21:43:49,504 INFO reaped unknown pid 6238 (exit status 0)
2026-01-31 21:43:54,537 INFO reaped unknown pid 6245 (exit status 0)
2026-01-31 21:43:59,569 INFO reaped unknown pid 6252 (exit status 0)
2026-01-31 21:44:03,747 INFO reaped unknown pid 6263 (exit status 0)
2026-01-31 21:44:08,853 INFO reaped unknown pid 6270 (exit status 0)
2026-01-31 21:44:13,925 INFO reaped unknown pid 6277 (exit status 0)
2026-01-31 21:44:18,999 INFO reaped unknown pid 6284 (exit status 0)
2026-01-31 21:44:24,100 INFO reaped unknown pid 6291 (exit status 0)
2026-01-31 21:44:29,206 INFO reaped unknown pid 6298 (exit status 0)
2026-01-31 21:44:34,297 INFO reaped unknown pid 6305 (exit status 0)
2026-01-31 21:44:39,340 INFO reaped unknown pid 6312 (exit status 0)
2026-01-31 21:44:44,437 INFO reaped unknown pid 6319 (exit status 0)
2026-01-31 21:44:49,487 INFO reaped unknown pid 6326 (exit status 0)
2026-01-31 21:44:54,543 INFO reaped unknown pid 6333 (exit status 0)
2026-01-31 21:44:59,592 INFO reaped unknown pid 6340 (exit status 0)
2026-01-31 21:45:03,780 INFO reaped unknown pid 6351 (exit status 0)
2026-01-31 21:45:08,869 INFO reaped unknown pid 6358 (exit status 0)
2026-01-31 21:45:13,912 INFO reaped unknown pid 6365 (exit status 0)
2026-01-31 21:45:18,912 INFO reaped unknown pid 6372 (exit status 0)
2026-01-31 21:45:23,978 INFO reaped unknown pid 6379 (exit status 0)
2026-01-31 21:45:29,062 INFO reaped unknown pid 6386 (exit status 0)
2026-01-31 21:45:34,145 INFO reaped unknown pid 6393 (exit status 0)
2026-01-31 21:45:39,145 INFO reaped unknown pid 6400 (exit status 0)
2026-01-31 21:45:44,226 INFO reaped unknown pid 6407 (exit status 0)
2026-01-31 21:45:49,308 INFO reaped unknown pid 6414 (exit status 0)
2026-01-31 21:45:54,355 INFO reaped unknown pid 6421 (exit status 0)
2026-01-31 21:45:59,435 INFO reaped unknown pid 6428 (exit status 0)
2026-01-31 21:46:03,731 INFO reaped unknown pid 6439 (exit status 0)
2026-01-31 21:46:08,784 INFO reaped unknown pid 6446 (exit status 0)
2026-01-31 21:46:13,846 INFO reaped unknown pid 6453 (exit status 0)
2026-01-31 21:46:18,945 INFO reaped unknown pid 6460 (exit status 0)
2026-01-31 21:46:24,048 INFO reaped unknown pid 6467 (exit status 0)
2026-01-31 21:46:29,135 INFO reaped unknown pid 6474 (exit status 0)
2026-01-31 21:46:34,233 INFO reaped unknown pid 6481 (exit status 0)
2026-01-31 21:46:39,249 INFO reaped unknown pid 6488 (exit status 0)
2026-01-31 21:46:44,263 INFO reaped unknown pid 6495 (exit status 0)
2026-01-31 21:46:49,340 INFO reaped unknown pid 6502 (exit status 0)
2026-01-31 21:46:54,404 INFO reaped unknown pid 6509 (exit status 0)
2026-01-31 21:46:59,458 INFO reaped unknown pid 6516 (exit status 0)
2026-01-31 21:47:03,719 INFO reaped unknown pid 6527 (exit status 0)
2026-01-31 21:47:08,811 INFO reaped unknown pid 6534 (exit status 0)
2026-01-31 21:47:13,806 INFO reaped unknown pid 6541 (exit status 0)
2026-01-31 21:47:18,891 INFO reaped unknown pid 6548 (exit status 0)
2026-01-31 21:47:23,899 INFO reaped unknown pid 6555 (exit status 0)
2026-01-31 21:47:29,012 INFO reaped unknown pid 6562 (exit status 0)
2026-01-31 21:47:34,015 INFO reaped unknown pid 6569 (exit status 0)
2026-01-31 21:47:39,091 INFO reaped unknown pid 6576 (exit status 0)
2026-01-31 21:47:44,163 INFO reaped unknown pid 6583 (exit status 0)
2026-01-31 21:47:49,226 INFO reaped unknown pid 6590 (exit status 0)
2026-01-31 21:47:54,319 INFO reaped unknown pid 6597 (exit status 0)
2026-01-31 21:47:59,397 INFO reaped unknown pid 6604 (exit status 0)
2026-01-31 21:48:03,810 INFO reaped unknown pid 6615 (exit status 0)
2026-01-31 21:48:08,822 INFO reaped unknown pid 6622 (exit status 0)
2026-01-31 21:48:13,929 INFO reaped unknown pid 6629 (exit status 0)
2026-01-31 21:48:18,992 INFO reaped unknown pid 6636 (exit status 0)
2026-01-31 21:48:24,048 INFO reaped unknown pid 6643 (exit status 0)
2026-01-31 21:48:29,140 INFO reaped unknown pid 6650 (exit status 0)
2026-01-31 21:48:34,220 INFO reaped unknown pid 6657 (exit status 0)
2026-01-31 21:48:39,228 INFO reaped unknown pid 6664 (exit status 0)
2026-01-31 21:48:44,322 INFO reaped unknown pid 6671 (exit status 0)
2026-01-31 21:48:49,386 INFO reaped unknown pid 6678 (exit status 0)
2026-01-31 21:48:54,470 INFO reaped unknown pid 6685 (exit status 0)
2026-01-31 21:48:59,559 INFO reaped unknown pid 6692 (exit status 0)
2026-01-31 21:49:03,839 INFO reaped unknown pid 6703 (exit status 0)
2026-01-31 21:49:08,897 INFO reaped unknown pid 6710 (exit status 0)
2026-01-31 21:49:13,973 INFO reaped unknown pid 6717 (exit status 0)
2026-01-31 21:49:19,048 INFO reaped unknown pid 6724 (exit status 0)
2026-01-31 21:49:24,154 INFO reaped unknown pid 6731 (exit status 0)
2026-01-31 21:49:29,175 INFO reaped unknown pid 6738 (exit status 0)
2026-01-31 21:49:34,277 INFO reaped unknown pid 6745 (exit status 0)
2026-01-31 21:49:42,351 INFO reaped unknown pid 6752 (exit status 0)
2026-01-31 21:49:44,427 INFO reaped unknown pid 6759 (exit status 0)
2026-01-31 21:49:49,470 INFO reaped unknown pid 6766 (exit status 0)
2026-01-31 21:49:54,507 INFO reaped unknown pid 6773 (exit status 0)
2026-01-31 21:49:59,580 INFO reaped unknown pid 6780 (exit status 0)
2026-01-31 21:50:03,748 INFO reaped unknown pid 6791 (exit status 0)
2026-01-31 21:50:08,820 INFO reaped unknown pid 6798 (exit status 0)
2026-01-31 21:50:13,937 INFO reaped unknown pid 6805 (exit status 0)
2026-01-31 21:50:19,030 INFO reaped unknown pid 6812 (exit status 0)
2026-01-31 21:50:24,128 INFO reaped unknown pid 6819 (exit status 0)
2026-01-31 21:50:29,199 INFO reaped unknown pid 6826 (exit status 0)
2026-01-31 21:50:34,214 INFO reaped unknown pid 6833 (exit status 0)
2026-01-31 21:50:39,285 INFO reaped unknown pid 6840 (exit status 0)
2026-01-31 21:50:44,381 INFO reaped unknown pid 6847 (exit status 0)
2026-01-31 21:50:49,423 INFO reaped unknown pid 6854 (exit status 0)
2026-01-31 21:50:54,482 INFO reaped unknown pid 6861 (exit status 0)
2026-01-31 21:50:59,572 INFO reaped unknown pid 6868 (exit status 0)
2026-01-31 21:51:03,767 INFO reaped unknown pid 6879 (exit status 0)
2026-01-31 21:51:08,798 INFO reaped unknown pid 6886 (exit status 0)
2026-01-31 21:51:13,810 INFO reaped unknown pid 6893 (exit status 0)
2026-01-31 21:51:18,802 INFO reaped unknown pid 6900 (exit status 0)
2026-01-31 21:51:23,903 INFO reaped unknown pid 6907 (exit status 0)
2026-01-31 21:51:28,901 INFO reaped unknown pid 6914 (exit status 0)
2026-01-31 21:51:33,911 INFO reaped unknown pid 6921 (exit status 0)
2026-01-31 21:51:39,004 INFO reaped unknown pid 6928 (exit status 0)
2026-01-31 21:51:44,085 INFO reaped unknown pid 6935 (exit status 0)
2026-01-31 21:51:49,153 INFO reaped unknown pid 6942 (exit status 0)
2026-01-31 21:51:54,215 INFO reaped unknown pid 6949 (exit status 0)
2026-01-31 21:51:59,296 INFO reaped unknown pid 6956 (exit status 0)
2026-01-31 21:52:03,856 INFO reaped unknown pid 6967 (exit status 0)
2026-01-31 21:52:08,931 INFO reaped unknown pid 6974 (exit status 0)
2026-01-31 21:52:13,977 INFO reaped unknown pid 6981 (exit status 0)
2026-01-31 21:52:18,989 INFO reaped unknown pid 6988 (exit status 0)
2026-01-31 21:52:24,038 INFO reaped unknown pid 6995 (exit status 0)
2026-01-31 21:52:29,103 INFO reaped unknown pid 7002 (exit status 0)
2026-01-31 21:52:34,110 INFO reaped unknown pid 7009 (exit status 0)
2026-01-31 21:52:39,185 INFO reaped unknown pid 7016 (exit status 0)
2026-01-31 21:52:44,279 INFO reaped unknown pid 7023 (exit status 0)
2026-01-31 21:52:49,337 INFO reaped unknown pid 7030 (exit status 0)
2026-01-31 21:52:54,373 INFO reaped unknown pid 7037 (exit status 0)
2026-01-31 21:52:59,457 INFO reaped unknown pid 7044 (exit status 0)
2026-01-31 21:53:03,744 INFO reaped unknown pid 7055 (exit status 0)
2026-01-31 21:53:08,788 INFO reaped unknown pid 7062 (exit status 0)
2026-01-31 21:53:13,862 INFO reaped unknown pid 7069 (exit status 0)
2026-01-31 21:53:18,958 INFO reaped unknown pid 7076 (exit status 0)
2026-01-31 21:53:24,044 INFO reaped unknown pid 7083 (exit status 0)
2026-01-31 21:53:29,143 INFO reaped unknown pid 7090 (exit status 0)
2026-01-31 21:53:34,219 INFO reaped unknown pid 7097 (exit status 1)
2026-01-31 22:15:46,258 INFO reaped unknown pid 421 (exit status 0)
2026-01-31 22:18:33,934 INFO reaped unknown pid 455 (exit status 0)
2026-01-31 22:45:05,793 INFO reaped unknown pid 489 (exit status 0)
2026-02-01 00:21:52,539 INFO reaped unknown pid 523 (exit status 0)
2026-02-01 00:23:55,591 INFO reaped unknown pid 557 (exit status 0)
2026-02-01 00:32:18,027 INFO reaped unknown pid 592 (exit status 0)
2026-02-01 00:33:34,262 INFO reaped unknown pid 626 (exit status 0)
2026-02-01 00:42:28,250 INFO reaped unknown pid 660 (exit status 0)
2026-02-01 00:43:10,357 INFO reaped unknown pid 694 (exit status 0)
2026-02-01 00:44:42,166 INFO reaped unknown pid 728 (exit status 0)
2026-02-01 00:59:20,823 INFO reaped unknown pid 763 (exit status 0)
2026-02-01 00:59:38,855 INFO reaped unknown pid 797 (exit status 0)
2026-02-01 01:01:11,210 INFO reaped unknown pid 831 (exit status 0)
2026-02-01 01:02:37,454 INFO reaped unknown pid 865 (exit status 0)
2026-02-01 01:03:32,875 INFO reaped unknown pid 899 (exit status 0)
2026-02-01 01:04:36,614 INFO reaped unknown pid 933 (exit status 0)
2026-02-01 01:17:20,492 INFO reaped unknown pid 966 (exit status 0)
2026-02-01 01:19:47,694 INFO reaped unknown pid 1000 (exit status 0)
2026-02-01 01:21:44,728 INFO reaped unknown pid 1034 (exit status 0)
2026-02-01 01:22:01,762 INFO reaped unknown pid 1068 (exit status 0)
2026-02-01 01:42:15,112 INFO reaped unknown pid 1102 (exit status 0)
2026-02-01 01:44:19,096 INFO reaped unknown pid 1136 (exit status 0)
2026-02-01 01:45:49,519 INFO reaped unknown pid 1171 (exit status 0)
2026-02-01 01:54:26,791 INFO reaped unknown pid 1205 (exit status 0)
2026-02-01 01:55:19,303 INFO reaped unknown pid 1239 (exit status 0)
2026-02-01 01:56:25,975 INFO reaped unknown pid 1273 (exit status 0)
2026-02-01 02:00:14,639 INFO reaped unknown pid 1307 (exit status 0)
2026-02-01 02:01:06,871 INFO reaped unknown pid 1340 (exit status 0)
2026-02-01 02:01:47,158 INFO reaped unknown pid 1374 (exit status 0)
2026-02-01 02:05:42,970 INFO reaped unknown pid 1410 (exit status 0)
2026-02-01 02:17:25,355 INFO reaped unknown pid 1450 (exit status 0)
2026-02-01 02:18:24,481 INFO reaped unknown pid 1484 (exit status 0)
2026-02-01 02:18:58,575 INFO reaped unknown pid 1623 (exit status 0)
2026-02-01 02:55:42,346 INFO reaped unknown pid 1641 (exit status 0)
2026-02-01 02:56:34,017 INFO reaped unknown pid 1661 (exit status 0)
2026-02-01 02:57:56,658 INFO reaped unknown pid 1695 (exit status 0)
2026-02-01 02:58:27,063 INFO reaped unknown pid 1729 (exit status 0)
2026-02-01 02:59:02,845 INFO reaped unknown pid 1763 (exit status 0)
2026-02-01 02:59:44,944 INFO reaped unknown pid 1798 (exit status 0)
2026-02-01 03:00:03,973 INFO reaped unknown pid 1832 (exit status 0)
2026-02-01 03:01:29,449 INFO reaped unknown pid 1866 (exit status 0)
2026-02-01 03:03:08,642 INFO reaped unknown pid 1901 (exit status 0)
2026-02-01 03:03:41,639 INFO reaped unknown pid 1936 (exit status 0)
2026-02-01 03:04:31,766 INFO reaped unknown pid 1971 (exit status 0)
2026-02-01 03:06:06,277 INFO reaped unknown pid 2005 (exit status 0)
2026-02-01 03:06:53,493 INFO reaped unknown pid 2040 (exit status 0)
2026-02-01 03:07:12,540 INFO reaped unknown pid 2074 (exit status 0)
2026-02-01 03:08:03,948 INFO reaped unknown pid 2109 (exit status 0)
2026-02-01 03:11:55,004 INFO reaped unknown pid 2145 (exit status 0)
2026-02-01 03:12:48,497 INFO reaped unknown pid 2182 (exit status 0)
2026-02-01 03:13:40,758 INFO reaped unknown pid 2216 (exit status 0)
2026-02-01 03:14:53,060 INFO reaped unknown pid 2253 (exit status 0)
2026-02-01 03:15:40,339 INFO reaped unknown pid 2288 (exit status 0)
2026-02-01 03:17:10,679 INFO reaped unknown pid 2323 (exit status 0)
2026-02-01 03:18:06,014 INFO reaped unknown pid 2358 (exit status 0)
2026-02-01 03:19:04,311 INFO reaped unknown pid 2395 (exit status 0)
2026-02-01 03:21:55,752 INFO reaped unknown pid 2430 (exit status 0)
